[System] Mode: Headless (CLI/Test runner)
[System] Boot target: BREW Appmgr (Jailbreak default) (FIRSTAPP:0)
===================================================================
  ZEEBO LLE SYSTEM ORCHESTRATOR: Unified MSM7201A Engine          
===================================================================
[System] Initializing EBI2 NAND Controller and DMOV DMA...
[System] Initializing MDDI Display, Adreno 130 GPU, and Host Video Sink...
[System] Initialized SoftRasterizer, IglHook and IGL guest-vtable bridge on Core 0 memory space.
[System] Initializing Core 0 (ARM1176JZ-S Apps Processor)...
[System] Initializing Core 1 (ARM926EJ-S Modem Processor)...
[System] APPS_RAM pool host-backed @0x10000000 (96 MB), VTLB LUT armada
[KIP] Kernel Interface Page @ 0xf0f00000 (bootinfo -> 0xb0d00000, RAM 0x10000000-0x16000000, PageInfo[0xc8]=0x01111006 min-page=4K)
[System] Loading APPS via Hardware DMOV DMA from NAND copy (/home/rafaelfrequiao/projects/zeebo-lle/nand/1.1.2.bin)...
[APPSBL] Emulating partition '0:APPS' lookup & EBI2 DMA handoff at 0x0de8...
[APPSBL] Partition '0:APPS' opened successfully via DMA!
[APPSBL] ELF Entrypoint resolved: 0x10000000, Segments: 14
[APPSBL] Performing handoff jump: bx r2 -> 0x10000000
[System] Loading APPS image (/home/rafaelfrequiao/projects/zeebo-lle/nand/1.1.2_APPS.bin) into Core 0...
[System] APPS ELF Entrypoint: 0x10000000, Segments: 14
[System] IglGuestBridge armado com 8 intervalos executáveis do APPS.bin (resolução determinística de gpIGL/gpIEGL)
[System] Loading AMSS via Hardware DMOV DMA from NAND copy (/home/rafaelfrequiao/projects/zeebo-lle/nand/1.1.2.bin)...
[System] Direct NAND DMA read verified AMSS ELF Header! (Entry: 0x00a00000)
[System] Loading AMSS image (/home/rafaelfrequiao/projects/zeebo-lle/nand/1.1.2_AMSS.bin) into Core 1...
[System] AMSS ELF Entrypoint (e_entry/PA): 0x00a00000, Segments: 18
[System][Core1] Reset vector real (VA) = 0xf0000000  (e_entry PA 0x00a00000 traduzido)
[System][Core1] Preambulo: CPSR=0xd3 (SVC,IRQ/FIQ off) SP=0x00a197f8
[System][Core1] Tabela de regioes REX semeada @0x00a1d73c (base=0x00a00000 teto=0x00c00000 attr=0x0f) - checagem 0xf0017448 -> 0
[System][Core1] Split I/D do heap REX armado: janela 0xf0000000+2048KB (código pristino preservado, dados -> shadow PA 0x00a00000)
[Q0.1] capture hook instalado @ consumer=0x16e8cb96 dispatcher=0x16e8cba0
[System] Initialization complete. Both cores ready.
[System] Beginning interleaved execution: 250 cycles x 10000 insns...
  [Cycle 00] Core0(ARM11): pc=0x100161c8 insns=10000 (ok) | Core1(ARM9): pc=0xf0017544 insns=10000 (ok)
  [Cycle 01] Core0(ARM11): pc=0xf00124a4 insns=20000 (ok) | Core1(ARM9): pc=0xf0017890 insns=20000 (ok)
  [Cycle 02] Core0(ARM11): pc=0xf000a734 insns=30000 (ok) | Core1(ARM9): pc=0xf0017890 insns=30000 (ok)
  [Cycle 03] Core0(ARM11): pc=0xf0016980 insns=40000 (ok) | Core1(ARM9): pc=0xf0017890 insns=40000 (ok)
  [Cycle 04] Core0(ARM11): pc=0xf0002e94 insns=50000 (ok) | Core1(ARM9): pc=0xf0017890 insns=50000 (ok)
  [Cycle 10] Core0(ARM11): pc=0xf0007368 insns=110000 (ok) | Core1(ARM9): pc=0xf0017890 insns=110000 (ok)
[Core0/CTZ] 0xb000d4a8 iter=1 r0(kip)=0xf0f00000 r2(scan)=0x00888800 r3(pageinfo)=0x01111006
[Core0/CTZ] 0xb000d4a8 iter=2 r0(kip)=0xf0f00000 r2(scan)=0x00444400 r3(pageinfo)=0x00000001
[Core0/CTZ] 0xb000d4a8 iter=4 r0(kip)=0xf0f00000 r2(scan)=0x00111100 r3(pageinfo)=0x00000003
[Core0/CTZ] 0xb000d4a8 iter=8 r0(kip)=0xf0f00000 r2(scan)=0x00011110 r3(pageinfo)=0x00000007
[L4_MapControl] space=0x80000100 control=0x80000000 modify count=1
  [ctl 0] whole-space op: va=0xb0d00000 phys=0x100000000 size=1048576 rwx=6 -> address-space control (flush/perm), no RAM map
[Syscall] L4_MapControl(sid=0x80000100, ctrl=0x80000000) via UTCB@0xdff00000 -> res=0x1
[Display/Sink] Rendered active video frame 14 (Adreno draws=32)
[L4_MapControl] space=0x80000100 control=0x80000000 modify count=1
  [ctl 0] whole-space op: va=0xb0d00000 phys=0x101000000 size=1048576 rwx=0 -> address-space control (flush/perm), no RAM map
[Syscall] L4_MapControl(sid=0x80000100, ctrl=0x80000000) via UTCB@0xdff00000 -> res=0x1
[L4_MapControl] space=0x80000100 control=0x80000000 modify count=1
  [ctl 0] whole-space op: va=0xb0d00000 phys=0x102000000 size=1048576 rwx=0 -> address-space control (flush/perm), no RAM map
[Syscall] L4_MapControl(sid=0x80000100, ctrl=0x80000000) via UTCB@0xdff00000 -> res=0x1
[L4_MapControl] space=0x80000100 control=0x80000000 modify count=1
  [ctl 0] whole-space op: va=0xb0d00000 phys=0x103000000 size=1048576 rwx=0 -> address-space control (flush/perm), no RAM map
[Syscall] L4_MapControl(sid=0x80000100, ctrl=0x80000000) via UTCB@0xdff00000 -> res=0x1
[L4_MapControl] space=0x80000100 control=0x80000000 modify count=1
  [ctl 0] whole-space op: va=0xb0d00000 phys=0x104000000 size=1048576 rwx=0 -> address-space control (flush/perm), no RAM map
[Syscall] L4_MapControl(sid=0x80000100, ctrl=0x80000000) via UTCB@0xdff00000 -> res=0x1
[L4_MapControl] space=0x80000100 control=0x80000000 modify count=1
  [ctl 0] whole-space op: va=0xb0d00000 phys=0x105000000 size=1048576 rwx=0 -> address-space control (flush/perm), no RAM map
[Syscall] L4_MapControl(sid=0x80000100, ctrl=0x80000000) via UTCB@0xdff00000 -> res=0x1
[L4_MapControl] space=0x80000100 control=0x80000000 modify count=1
  [ctl 0] whole-space op: va=0xb0d00000 phys=0x106000000 size=1048576 rwx=0 -> address-space control (flush/perm), no RAM map
[Syscall] L4_MapControl(sid=0x80000100, ctrl=0x80000000) via UTCB@0xdff00000 -> res=0x1
[L4_MapControl] space=0x80000100 control=0x80000000 modify count=1
  [ctl 0] whole-space op: va=0xb0d00000 phys=0x107000000 size=1048576 rwx=0 -> address-space control (flush/perm), no RAM map
[Syscall] L4_MapControl(sid=0x80000100, ctrl=0x80000000) via UTCB@0xdff00000 -> res=0x1
  [Cycle 20] Core0(ARM11): pc=0xb000d6b8 insns=122033 (ok) | Core1(ARM9): pc=0xf0017890 insns=210000 (ok)
[L4_MapControl] space=0x80000100 control=0x80000000 modify count=1
  [ctl 0] whole-space op: va=0xb0d00000 phys=0x108000000 size=1048576 rwx=0 -> address-space control (flush/perm), no RAM map
[Syscall] L4_MapControl(sid=0x80000100, ctrl=0x80000000) via UTCB@0xdff00000 -> res=0x1
[L4_MapControl] space=0x80000100 control=0x80000000 modify count=1
  [ctl 0] whole-space op: va=0xb0d00000 phys=0x109000000 size=1048576 rwx=0 -> address-space control (flush/perm), no RAM map
[Syscall] L4_MapControl(sid=0x80000100, ctrl=0x80000000) via UTCB@0xdff00000 -> res=0x1
[L4_MapControl] space=0x80000100 control=0x80000000 modify count=1
  [ctl 0] whole-space op: va=0xb0d00000 phys=0x10a000000 size=1048576 rwx=0 -> address-space control (flush/perm), no RAM map
[Syscall] L4_MapControl(sid=0x80000100, ctrl=0x80000000) via UTCB@0xdff00000 -> res=0x1
[L4_MapControl] space=0x80000100 control=0x80000000 modify count=1
  [ctl 0] whole-space op: va=0xb0d00000 phys=0x10b000000 size=1048576 rwx=0 -> address-space control (flush/perm), no RAM map
[Syscall] L4_MapControl(sid=0x80000100, ctrl=0x80000000) via UTCB@0xdff00000 -> res=0x1
[L4_MapControl] space=0x80000100 control=0x80000000 modify count=1
  [ctl 0] whole-space op: va=0xb0d00000 phys=0x10c000000 size=1048576 rwx=0 -> address-space control (flush/perm), no RAM map
[Syscall] L4_MapControl(sid=0x80000100, ctrl=0x80000000) via UTCB@0xdff00000 -> res=0x1
[L4_MapControl] space=0x80000100 control=0x80000000 modify count=1
  [ctl 0] whole-space op: va=0xb0d00000 phys=0x10d000000 size=1048576 rwx=0 -> address-space control (flush/perm), no RAM map
[Syscall] L4_MapControl(sid=0x80000100, ctrl=0x80000000) via UTCB@0xdff00000 -> res=0x1
[L4_MapControl] space=0x80000100 control=0x80000000 modify count=1
  [ctl 0] whole-space op: va=0xb0d00000 phys=0x10e000000 size=1048576 rwx=0 -> address-space control (flush/perm), no RAM map
[Syscall] L4_MapControl(sid=0x80000100, ctrl=0x80000000) via UTCB@0xdff00000 -> res=0x1
[L4_MapControl] space=0x80000100 control=0x80000000 modify count=1
  [ctl 0] whole-space op: va=0xb0d00000 phys=0x10f000000 size=1048576 rwx=0 -> address-space control (flush/perm), no RAM map
[Syscall] L4_MapControl(sid=0x80000100, ctrl=0x80000000) via UTCB@0xdff00000 -> res=0x1
[L4_MapControl] space=0x80000100 control=0x80000000 modify count=1
  [ctl 0] whole-space op: va=0xb0d00000 phys=0x110000000 size=1048576 rwx=0 -> address-space control (flush/perm), no RAM map
[Syscall] L4_MapControl(sid=0x80000100, ctrl=0x80000000) via UTCB@0xdff00000 -> res=0x1
[L4_MapControl] space=0x80000100 control=0x80000000 modify count=1
  [ctl 0] whole-space op: va=0xb0d00000 phys=0x111000000 size=1048576 rwx=0 -> address-space control (flush/perm), no RAM map
[Syscall] L4_MapControl(sid=0x80000100, ctrl=0x80000000) via UTCB@0xdff00000 -> res=0x1
  [Cycle 30] Core0(ARM11): pc=0xb000d6b8 insns=126461 (ok) | Core1(ARM9): pc=0xf0017890 insns=310000 (ok)
[L4_MapControl] space=0x80000100 control=0x80000000 modify count=1
  [ctl 0] whole-space op: va=0xb0d00000 phys=0x112000000 size=1048576 rwx=0 -> address-space control (flush/perm), no RAM map
[Syscall] L4_MapControl(sid=0x80000100, ctrl=0x80000000) via UTCB@0xdff00000 -> res=0x1
[L4_MapControl] space=0x80000100 control=0x80000000 modify count=1
  [ctl 0] whole-space op: va=0xb0d00000 phys=0x113000000 size=1048576 rwx=0 -> address-space control (flush/perm), no RAM map
[Syscall] L4_MapControl(sid=0x80000100, ctrl=0x80000000) via UTCB@0xdff00000 -> res=0x1
[L4_MapControl] space=0x80000100 control=0x80000000 modify count=1
  [ctl 0] whole-space op: va=0xb0d00000 phys=0x114000000 size=1048576 rwx=0 -> address-space control (flush/perm), no RAM map
[Syscall] L4_MapControl(sid=0x80000100, ctrl=0x80000000) via UTCB@0xdff00000 -> res=0x1
[L4_MapControl] space=0x80000100 control=0x80000000 modify count=1
  [ctl 0] whole-space op: va=0xb0d00000 phys=0x115000000 size=1048576 rwx=0 -> address-space control (flush/perm), no RAM map
[Syscall] L4_MapControl(sid=0x80000100, ctrl=0x80000000) via UTCB@0xdff00000 -> res=0x1
[L4_MapControl] space=0x80000100 control=0x80000000 modify count=1
  [ctl 0] whole-space op: va=0xb0d00000 phys=0x116000000 size=1048576 rwx=0 -> address-space control (flush/perm), no RAM map
[Syscall] L4_MapControl(sid=0x80000100, ctrl=0x80000000) via UTCB@0xdff00000 -> res=0x1
[L4_MapControl] space=0x80000100 control=0x80000000 modify count=1
  [ctl 0] whole-space op: va=0xb0d00000 phys=0x117000000 size=1048576 rwx=0 -> address-space control (flush/perm), no RAM map
[Syscall] L4_MapControl(sid=0x80000100, ctrl=0x80000000) via UTCB@0xdff00000 -> res=0x1
[L4_MapControl] space=0x80000100 control=0x80000000 modify count=1
  [ctl 0] whole-space op: va=0xb0d00000 phys=0x118000000 size=1048576 rwx=0 -> address-space control (flush/perm), no RAM map
[Syscall] L4_MapControl(sid=0x80000100, ctrl=0x80000000) via UTCB@0xdff00000 -> res=0x1
[L4_MapControl] space=0x80000100 control=0x80000000 modify count=1
  [ctl 0] whole-space op: va=0xb0d00000 phys=0x119000000 size=1048576 rwx=0 -> address-space control (flush/perm), no RAM map
[Syscall] L4_MapControl(sid=0x80000100, ctrl=0x80000000) via UTCB@0xdff00000 -> res=0x1
[L4_MapControl] space=0x80000100 control=0x80000000 modify count=1
  [ctl 0] whole-space op: va=0xb0d00000 phys=0x11a000000 size=1048576 rwx=0 -> address-space control (flush/perm), no RAM map
[Syscall] L4_MapControl(sid=0x80000100, ctrl=0x80000000) via UTCB@0xdff00000 -> res=0x1
[L4_MapControl] space=0x80000100 control=0x80000000 modify count=1
  [ctl 0] whole-space op: va=0xb0d00000 phys=0x11b000000 size=1048576 rwx=0 -> address-space control (flush/perm), no RAM map
[Syscall] L4_MapControl(sid=0x80000100, ctrl=0x80000000) via UTCB@0xdff00000 -> res=0x1
  [Cycle 40] Core0(ARM11): pc=0xb000d6b8 insns=130850 (ok) | Core1(ARM9): pc=0xf0017890 insns=410000 (ok)
[L4_MapControl] space=0x80000100 control=0x80000000 modify count=1
  [ctl 0] whole-space op: va=0xb0d00000 phys=0x11c000000 size=1048576 rwx=0 -> address-space control (flush/perm), no RAM map
[Syscall] L4_MapControl(sid=0x80000100, ctrl=0x80000000) via UTCB@0xdff00000 -> res=0x1
[L4_MapControl] space=0x80000100 control=0x80000000 modify count=1
  [ctl 0] whole-space op: va=0xb0d00000 phys=0x11d000000 size=1048576 rwx=0 -> address-space control (flush/perm), no RAM map
[Syscall] L4_MapControl(sid=0x80000100, ctrl=0x80000000) via UTCB@0xdff00000 -> res=0x1
[L4_MapControl] space=0x80000100 control=0x80000000 modify count=1
  [ctl 0] whole-space op: va=0xb0d00000 phys=0x11e000000 size=1048576 rwx=0 -> address-space control (flush/perm), no RAM map
[Syscall] L4_MapControl(sid=0x80000100, ctrl=0x80000000) via UTCB@0xdff00000 -> res=0x1
[L4_MapControl] space=0x80000100 control=0x80000000 modify count=1
  [ctl 0] whole-space op: va=0xb0d00000 phys=0x11f000000 size=1048576 rwx=0 -> address-space control (flush/perm), no RAM map
[Syscall] L4_MapControl(sid=0x80000100, ctrl=0x80000000) via UTCB@0xdff00000 -> res=0x1
[L4_MapControl] space=0x80000100 control=0x80000000 modify count=1
  [ctl 0] whole-space op: va=0xb0d00000 phys=0x120000000 size=1048576 rwx=0 -> address-space control (flush/perm), no RAM map
[Syscall] L4_MapControl(sid=0x80000100, ctrl=0x80000000) via UTCB@0xdff00000 -> res=0x1
[L4_MapControl] space=0x80000100 control=0x80000000 modify count=1
  [ctl 0] whole-space op: va=0xb0d00000 phys=0x121000000 size=1048576 rwx=0 -> address-space control (flush/perm), no RAM map
[Syscall] L4_MapControl(sid=0x80000100, ctrl=0x80000000) via UTCB@0xdff00000 -> res=0x1
[L4_MapControl] space=0x80000100 control=0x80000000 modify count=1
  [ctl 0] whole-space op: va=0xb0d00000 phys=0x122000000 size=1048576 rwx=0 -> address-space control (flush/perm), no RAM map
[Syscall] L4_MapControl(sid=0x80000100, ctrl=0x80000000) via UTCB@0xdff00000 -> res=0x1
[L4_MapControl] space=0x80000100 control=0x80000000 modify count=1
  [ctl 0] whole-space op: va=0xb0d00000 phys=0x123000000 size=1048576 rwx=0 -> address-space control (flush/perm), no RAM map
[Syscall] L4_MapControl(sid=0x80000100, ctrl=0x80000000) via UTCB@0xdff00000 -> res=0x1
[L4_MapControl] space=0x80000100 control=0x80000000 modify count=1
  [ctl 0] whole-space op: va=0xb0d00000 phys=0x124000000 size=1048576 rwx=0 -> address-space control (flush/perm), no RAM map
[Syscall] L4_MapControl(sid=0x80000100, ctrl=0x80000000) via UTCB@0xdff00000 -> res=0x1
[L4_MapControl] space=0x80000100 control=0x80000000 modify count=1
  [ctl 0] whole-space op: va=0xb0d00000 phys=0x125000000 size=1048576 rwx=0 -> address-space control (flush/perm), no RAM map
[Syscall] L4_MapControl(sid=0x80000100, ctrl=0x80000000) via UTCB@0xdff00000 -> res=0x1
  [Cycle 50] Core0(ARM11): pc=0xb000d6b8 insns=135278 (ok) | Core1(ARM9): pc=0xf0017890 insns=510000 (ok)
[L4_MapControl] space=0x80000100 control=0x80000000 modify count=1
  [ctl 0] whole-space op: va=0xb0d00000 phys=0x126000000 size=1048576 rwx=0 -> address-space control (flush/perm), no RAM map
[Syscall] L4_MapControl(sid=0x80000100, ctrl=0x80000000) via UTCB@0xdff00000 -> res=0x1
[L4_MapControl] space=0x80000100 control=0x80000000 modify count=1
  [ctl 0] whole-space op: va=0xb0d00000 phys=0x127000000 size=1048576 rwx=0 -> address-space control (flush/perm), no RAM map
[Syscall] L4_MapControl(sid=0x80000100, ctrl=0x80000000) via UTCB@0xdff00000 -> res=0x1
[L4_MapControl] space=0x80000100 control=0x80000000 modify count=1
  [ctl 0] whole-space op: va=0xb0d00000 phys=0x128000000 size=1048576 rwx=0 -> address-space control (flush/perm), no RAM map
[Syscall] L4_MapControl(sid=0x80000100, ctrl=0x80000000) via UTCB@0xdff00000 -> res=0x1
[L4_MapControl] space=0x80000100 control=0x80000000 modify count=1
  [ctl 0] whole-space op: va=0xb0d00000 phys=0x129000000 size=1048576 rwx=0 -> address-space control (flush/perm), no RAM map
[Syscall] L4_MapControl(sid=0x80000100, ctrl=0x80000000) via UTCB@0xdff00000 -> res=0x1
[L4_MapControl] space=0x80000100 control=0x80000000 modify count=1
  [ctl 0] whole-space op: va=0xb0d00000 phys=0x12a000000 size=1048576 rwx=0 -> address-space control (flush/perm), no RAM map
[Syscall] L4_MapControl(sid=0x80000100, ctrl=0x80000000) via UTCB@0xdff00000 -> res=0x1
[L4_MapControl] space=0x80000100 control=0x80000000 modify count=1
  [ctl 0] whole-space op: va=0xb0d00000 phys=0x12b000000 size=1048576 rwx=0 -> address-space control (flush/perm), no RAM map
[Syscall] L4_MapControl(sid=0x80000100, ctrl=0x80000000) via UTCB@0xdff00000 -> res=0x1
[L4_MapControl] space=0x80000100 control=0x80000000 modify count=1
  [ctl 0] whole-space op: va=0xb0d00000 phys=0x12c000000 size=1048576 rwx=0 -> address-space control (flush/perm), no RAM map
[Syscall] L4_MapControl(sid=0x80000100, ctrl=0x80000000) via UTCB@0xdff00000 -> res=0x1
[L4_MapControl] space=0x80000100 control=0x80000000 modify count=1
  [ctl 0] whole-space op: va=0xb0d00000 phys=0x12d000000 size=1048576 rwx=0 -> address-space control (flush/perm), no RAM map
[Syscall] L4_MapControl(sid=0x80000100, ctrl=0x80000000) via UTCB@0xdff00000 -> res=0x1
[L4_MapControl] space=0x80000100 control=0x80000000 modify count=1
  [ctl 0] whole-space op: va=0xb0d00000 phys=0x12e000000 size=1048576 rwx=0 -> address-space control (flush/perm), no RAM map
[Syscall] L4_MapControl(sid=0x80000100, ctrl=0x80000000) via UTCB@0xdff00000 -> res=0x1
[L4_MapControl] space=0x80000100 control=0x80000000 modify count=1
  [ctl 0] whole-space op: va=0xb0d00000 phys=0x12f000000 size=1048576 rwx=0 -> address-space control (flush/perm), no RAM map
[Syscall] L4_MapControl(sid=0x80000100, ctrl=0x80000000) via UTCB@0xdff00000 -> res=0x1
  [Cycle 60] Core0(ARM11): pc=0xb000d6b8 insns=139667 (ok) | Core1(ARM9): pc=0xf0017890 insns=610000 (ok)
[L4_MapControl] space=0x80000100 control=0x80000000 modify count=1
  [ctl 0] whole-space op: va=0xb0d00000 phys=0x130000000 size=1048576 rwx=0 -> address-space control (flush/perm), no RAM map
[Syscall] L4_MapControl(sid=0x80000100, ctrl=0x80000000) via UTCB@0xdff00000 -> res=0x1
[L4_MapControl] space=0x80000100 control=0x80000000 modify count=1
  [ctl 0] whole-space op: va=0xb0d00000 phys=0x131000000 size=1048576 rwx=0 -> address-space control (flush/perm), no RAM map
[Syscall] L4_MapControl(sid=0x80000100, ctrl=0x80000000) via UTCB@0xdff00000 -> res=0x1
[L4_MapControl] space=0x80000100 control=0x80000000 modify count=1
  [ctl 0] whole-space op: va=0xb0d00000 phys=0x132000000 size=1048576 rwx=0 -> address-space control (flush/perm), no RAM map
[Syscall] L4_MapControl(sid=0x80000100, ctrl=0x80000000) via UTCB@0xdff00000 -> res=0x1
[L4_MapControl] space=0x80000100 control=0x80000000 modify count=1
  [ctl 0] whole-space op: va=0xb0d00000 phys=0x133000000 size=1048576 rwx=0 -> address-space control (flush/perm), no RAM map
[Syscall] L4_MapControl(sid=0x80000100, ctrl=0x80000000) via UTCB@0xdff00000 -> res=0x1
[L4_MapControl] space=0x80000100 control=0x80000000 modify count=1
  [ctl 0] whole-space op: va=0xb0d00000 phys=0x134000000 size=1048576 rwx=0 -> address-space control (flush/perm), no RAM map
[Syscall] L4_MapControl(sid=0x80000100, ctrl=0x80000000) via UTCB@0xdff00000 -> res=0x1
[L4_MapControl] space=0x80000100 control=0x80000000 modify count=1
  [ctl 0] whole-space op: va=0xb0d00000 phys=0x135000000 size=1048576 rwx=0 -> address-space control (flush/perm), no RAM map
[Syscall] L4_MapControl(sid=0x80000100, ctrl=0x80000000) via UTCB@0xdff00000 -> res=0x1
[L4_MapControl] space=0x80000100 control=0x80000000 modify count=1
  [ctl 0] whole-space op: va=0xb0d00000 phys=0x136000000 size=1048576 rwx=0 -> address-space control (flush/perm), no RAM map
[Syscall] L4_MapControl(sid=0x80000100, ctrl=0x80000000) via UTCB@0xdff00000 -> res=0x1
[L4_MapControl] space=0x80000100 control=0x80000000 modify count=1
  [ctl 0] whole-space op: va=0xb0d00000 phys=0x137000000 size=1048576 rwx=0 -> address-space control (flush/perm), no RAM map
[Syscall] L4_MapControl(sid=0x80000100, ctrl=0x80000000) via UTCB@0xdff00000 -> res=0x1
[L4_MapControl] space=0x80000100 control=0x80000000 modify count=1
  [ctl 0] whole-space op: va=0xb0d00000 phys=0x138000000 size=1048576 rwx=0 -> address-space control (flush/perm), no RAM map
[Syscall] L4_MapControl(sid=0x80000100, ctrl=0x80000000) via UTCB@0xdff00000 -> res=0x1
[L4_MapControl] space=0x80000100 control=0x80000000 modify count=1
  [ctl 0] whole-space op: va=0xb0d00000 phys=0x139000000 size=1048576 rwx=0 -> address-space control (flush/perm), no RAM map
[Syscall] L4_MapControl(sid=0x80000100, ctrl=0x80000000) via UTCB@0xdff00000 -> res=0x1
  [Cycle 70] Core0(ARM11): pc=0xb000d6b8 insns=144095 (ok) | Core1(ARM9): pc=0xf0017890 insns=710000 (ok)
[L4_MapControl] space=0x80000100 control=0x80000000 modify count=1
  [ctl 0] whole-space op: va=0xb0d00000 phys=0x13a000000 size=1048576 rwx=0 -> address-space control (flush/perm), no RAM map
[Syscall] L4_MapControl(sid=0x80000100, ctrl=0x80000000) via UTCB@0xdff00000 -> res=0x1
[L4_MapControl] space=0x80000100 control=0x80000000 modify count=1
  [ctl 0] whole-space op: va=0xb0d00000 phys=0x13b000000 size=1048576 rwx=0 -> address-space control (flush/perm), no RAM map
[Syscall] L4_MapControl(sid=0x80000100, ctrl=0x80000000) via UTCB@0xdff00000 -> res=0x1
[L4_MapControl] space=0x80000100 control=0x80000000 modify count=1
  [ctl 0] whole-space op: va=0xb0d00000 phys=0x13c000000 size=1048576 rwx=0 -> address-space control (flush/perm), no RAM map
[Syscall] L4_MapControl(sid=0x80000100, ctrl=0x80000000) via UTCB@0xdff00000 -> res=0x1
[L4_MapControl] space=0x80000100 control=0x80000000 modify count=1
  [ctl 0] whole-space op: va=0xb0d00000 phys=0x13d000000 size=1048576 rwx=0 -> address-space control (flush/perm), no RAM map
[Syscall] L4_MapControl(sid=0x80000100, ctrl=0x80000000) via UTCB@0xdff00000 -> res=0x1
[L4_MapControl] space=0x80000100 control=0x80000000 modify count=1
  [ctl 0] whole-space op: va=0xb0d00000 phys=0x13e000000 size=1048576 rwx=0 -> address-space control (flush/perm), no RAM map
[Syscall] L4_MapControl(sid=0x80000100, ctrl=0x80000000) via UTCB@0xdff00000 -> res=0x1
[L4_MapControl] space=0x80000100 control=0x80000000 modify count=1
  [ctl 0] whole-space op: va=0xb0d00000 phys=0x13f000000 size=1048576 rwx=0 -> address-space control (flush/perm), no RAM map
[Syscall] L4_MapControl(sid=0x80000100, ctrl=0x80000000) via UTCB@0xdff00000 -> res=0x1
[L4_MapControl] space=0x80000100 control=0x80000000 modify count=1
  [ctl 0] whole-space op: va=0xb0d00000 phys=0x140000000 size=1048576 rwx=0 -> address-space control (flush/perm), no RAM map
[Syscall] L4_MapControl(sid=0x80000100, ctrl=0x80000000) via UTCB@0xdff00000 -> res=0x1
[L4_MapControl] space=0x80000100 control=0x80000000 modify count=1
  [ctl 0] whole-space op: va=0xb0d00000 phys=0x141000000 size=1048576 rwx=0 -> address-space control (flush/perm), no RAM map
[Syscall] L4_MapControl(sid=0x80000100, ctrl=0x80000000) via UTCB@0xdff00000 -> res=0x1
[L4_MapControl] space=0x80000100 control=0x80000000 modify count=1
  [ctl 0] whole-space op: va=0xb0d00000 phys=0x142000000 size=1048576 rwx=0 -> address-space control (flush/perm), no RAM map
[Syscall] L4_MapControl(sid=0x80000100, ctrl=0x80000000) via UTCB@0xdff00000 -> res=0x1
[L4_MapControl] space=0x80000100 control=0x80000000 modify count=1
  [ctl 0] whole-space op: va=0xb0d00000 phys=0x143000000 size=1048576 rwx=0 -> address-space control (flush/perm), no RAM map
[Syscall] L4_MapControl(sid=0x80000100, ctrl=0x80000000) via UTCB@0xdff00000 -> res=0x1
  [Cycle 80] Core0(ARM11): pc=0xb000d6b8 insns=148512 (ok) | Core1(ARM9): pc=0xf0017890 insns=810000 (ok)
[L4_MapControl] space=0x80000100 control=0x80000000 modify count=1
  [ctl 0] whole-space op: va=0xb0d00000 phys=0x144000000 size=1048576 rwx=0 -> address-space control (flush/perm), no RAM map
[Syscall] L4_MapControl(sid=0x80000100, ctrl=0x80000000) via UTCB@0xdff00000 -> res=0x1
[L4_MapControl] space=0x80000100 control=0x80000000 modify count=1
  [ctl 0] whole-space op: va=0xb0d00000 phys=0x145000000 size=1048576 rwx=0 -> address-space control (flush/perm), no RAM map
[Syscall] L4_MapControl(sid=0x80000100, ctrl=0x80000000) via UTCB@0xdff00000 -> res=0x1
[L4_MapControl] space=0x80000100 control=0x80000000 modify count=1
  [ctl 0] whole-space op: va=0xb0d00000 phys=0x146000000 size=1048576 rwx=0 -> address-space control (flush/perm), no RAM map
[Syscall] L4_MapControl(sid=0x80000100, ctrl=0x80000000) via UTCB@0xdff00000 -> res=0x1
[L4_MapControl] space=0x80000100 control=0x80000000 modify count=1
  [ctl 0] whole-space op: va=0xb0d00000 phys=0x147000000 size=1048576 rwx=0 -> address-space control (flush/perm), no RAM map
[Syscall] L4_MapControl(sid=0x80000100, ctrl=0x80000000) via UTCB@0xdff00000 -> res=0x1
[L4_MapControl] space=0x80000100 control=0x80000000 modify count=1
  [ctl 0] whole-space op: va=0xb0d00000 phys=0x148000000 size=1048576 rwx=0 -> address-space control (flush/perm), no RAM map
[Syscall] L4_MapControl(sid=0x80000100, ctrl=0x80000000) via UTCB@0xdff00000 -> res=0x1
[L4_MapControl] space=0x80000100 control=0x80000000 modify count=1
  [ctl 0] whole-space op: va=0xb0d00000 phys=0x149000000 size=1048576 rwx=0 -> address-space control (flush/perm), no RAM map
[Syscall] L4_MapControl(sid=0x80000100, ctrl=0x80000000) via UTCB@0xdff00000 -> res=0x1
[L4_MapControl] space=0x80000100 control=0x80000000 modify count=1
  [ctl 0] whole-space op: va=0xb0d00000 phys=0x14a000000 size=1048576 rwx=0 -> address-space control (flush/perm), no RAM map
[Syscall] L4_MapControl(sid=0x80000100, ctrl=0x80000000) via UTCB@0xdff00000 -> res=0x1
[L4_MapControl] space=0x80000100 control=0x80000000 modify count=1
  [ctl 0] whole-space op: va=0xb0d00000 phys=0x14b000000 size=1048576 rwx=0 -> address-space control (flush/perm), no RAM map
[Syscall] L4_MapControl(sid=0x80000100, ctrl=0x80000000) via UTCB@0xdff00000 -> res=0x1
[L4_MapControl] space=0x80000100 control=0x80000000 modify count=1
  [ctl 0] whole-space op: va=0xb0d00000 phys=0x14c000000 size=1048576 rwx=0 -> address-space control (flush/perm), no RAM map
[Syscall] L4_MapControl(sid=0x80000100, ctrl=0x80000000) via UTCB@0xdff00000 -> res=0x1
[L4_MapControl] space=0x80000100 control=0x80000000 modify count=1
  [ctl 0] whole-space op: va=0xb0d00000 phys=0x14d000000 size=1048576 rwx=0 -> address-space control (flush/perm), no RAM map
[Syscall] L4_MapControl(sid=0x80000100, ctrl=0x80000000) via UTCB@0xdff00000 -> res=0x1
  [Cycle 90] Core0(ARM11): pc=0xb000d6b8 insns=152914 (ok) | Core1(ARM9): pc=0xf0017890 insns=910000 (ok)
[L4_MapControl] space=0x80000100 control=0x80000000 modify count=1
  [ctl 0] whole-space op: va=0xb0d00000 phys=0x14e000000 size=1048576 rwx=0 -> address-space control (flush/perm), no RAM map
[Syscall] L4_MapControl(sid=0x80000100, ctrl=0x80000000) via UTCB@0xdff00000 -> res=0x1
[L4_MapControl] space=0x80000100 control=0x80000000 modify count=1
  [ctl 0] whole-space op: va=0xb0d00000 phys=0x14f000000 size=1048576 rwx=0 -> address-space control (flush/perm), no RAM map
[Syscall] L4_MapControl(sid=0x80000100, ctrl=0x80000000) via UTCB@0xdff00000 -> res=0x1
[L4_MapControl] space=0x80000100 control=0x80000000 modify count=1
  [ctl 0] whole-space op: va=0xb0d00000 phys=0x150000000 size=1048576 rwx=0 -> address-space control (flush/perm), no RAM map
[Syscall] L4_MapControl(sid=0x80000100, ctrl=0x80000000) via UTCB@0xdff00000 -> res=0x1
[L4_MapControl] space=0x80000100 control=0x80000000 modify count=1
  [ctl 0] whole-space op: va=0xb0d00000 phys=0x151000000 size=1048576 rwx=0 -> address-space control (flush/perm), no RAM map
[Syscall] L4_MapControl(sid=0x80000100, ctrl=0x80000000) via UTCB@0xdff00000 -> res=0x1
[L4_MapControl] space=0x80000100 control=0x80000000 modify count=1
  [ctl 0] whole-space op: va=0xb0d00000 phys=0x152000000 size=1048576 rwx=0 -> address-space control (flush/perm), no RAM map
[Syscall] L4_MapControl(sid=0x80000100, ctrl=0x80000000) via UTCB@0xdff00000 -> res=0x1
[L4_MapControl] space=0x80000100 control=0x80000000 modify count=1
  [ctl 0] whole-space op: va=0xb0d00000 phys=0x153000000 size=1048576 rwx=0 -> address-space control (flush/perm), no RAM map
[Syscall] L4_MapControl(sid=0x80000100, ctrl=0x80000000) via UTCB@0xdff00000 -> res=0x1
[L4_MapControl] space=0x80000100 control=0x80000000 modify count=1
  [ctl 0] whole-space op: va=0xb0d00000 phys=0x154000000 size=1048576 rwx=0 -> address-space control (flush/perm), no RAM map
[Syscall] L4_MapControl(sid=0x80000100, ctrl=0x80000000) via UTCB@0xdff00000 -> res=0x1
[L4_MapControl] space=0x80000100 control=0x80000000 modify count=1
  [ctl 0] whole-space op: va=0xb0d00000 phys=0x155000000 size=1048576 rwx=0 -> address-space control (flush/perm), no RAM map
[Syscall] L4_MapControl(sid=0x80000100, ctrl=0x80000000) via UTCB@0xdff00000 -> res=0x1
[L4_MapControl] space=0x80000100 control=0x80000000 modify count=1
  [ctl 0] whole-space op: va=0xb0d00000 phys=0x156000000 size=1048576 rwx=0 -> address-space control (flush/perm), no RAM map
[Syscall] L4_MapControl(sid=0x80000100, ctrl=0x80000000) via UTCB@0xdff00000 -> res=0x1
[L4_MapControl] space=0x80000100 control=0x80000000 modify count=1
  [ctl 0] whole-space op: va=0xb0d00000 phys=0x157000000 size=1048576 rwx=0 -> address-space control (flush/perm), no RAM map
[Syscall] L4_MapControl(sid=0x80000100, ctrl=0x80000000) via UTCB@0xdff00000 -> res=0x1
  [Cycle 100] Core0(ARM11): pc=0xb000d6b8 insns=157316 (ok) | Core1(ARM9): pc=0xf0017890 insns=1010000 (ok)
[L4_MapControl] space=0x80000100 control=0x80000000 modify count=1
  [ctl 0] whole-space op: va=0xb0d00000 phys=0x158000000 size=1048576 rwx=0 -> address-space control (flush/perm), no RAM map
[Syscall] L4_MapControl(sid=0x80000100, ctrl=0x80000000) via UTCB@0xdff00000 -> res=0x1
[L4_MapControl] space=0x80000100 control=0x80000000 modify count=1
  [ctl 0] whole-space op: va=0xb0d00000 phys=0x159000000 size=1048576 rwx=0 -> address-space control (flush/perm), no RAM map
[Syscall] L4_MapControl(sid=0x80000100, ctrl=0x80000000) via UTCB@0xdff00000 -> res=0x1
[L4_MapControl] space=0x80000100 control=0x80000000 modify count=1
  [ctl 0] whole-space op: va=0xb0d00000 phys=0x15a000000 size=1048576 rwx=0 -> address-space control (flush/perm), no RAM map
[Syscall] L4_MapControl(sid=0x80000100, ctrl=0x80000000) via UTCB@0xdff00000 -> res=0x1
[L4_MapControl] space=0x80000100 control=0x80000000 modify count=1
  [ctl 0] whole-space op: va=0xb0d00000 phys=0x15b000000 size=1048576 rwx=0 -> address-space control (flush/perm), no RAM map
[Syscall] L4_MapControl(sid=0x80000100, ctrl=0x80000000) via UTCB@0xdff00000 -> res=0x1
[L4_MapControl] space=0x80000100 control=0x80000000 modify count=1
  [ctl 0] whole-space op: va=0xb0d00000 phys=0x15c000000 size=1048576 rwx=0 -> address-space control (flush/perm), no RAM map
[Syscall] L4_MapControl(sid=0x80000100, ctrl=0x80000000) via UTCB@0xdff00000 -> res=0x1
[L4_MapControl] space=0x80000100 control=0x80000000 modify count=1
  [ctl 0] whole-space op: va=0xb0d00000 phys=0x15d000000 size=1048576 rwx=0 -> address-space control (flush/perm), no RAM map
[Syscall] L4_MapControl(sid=0x80000100, ctrl=0x80000000) via UTCB@0xdff00000 -> res=0x1
[L4_MapControl] space=0x80000100 control=0x80000000 modify count=1
  [ctl 0] whole-space op: va=0xb0d00000 phys=0x15e000000 size=1048576 rwx=0 -> address-space control (flush/perm), no RAM map
[Syscall] L4_MapControl(sid=0x80000100, ctrl=0x80000000) via UTCB@0xdff00000 -> res=0x1
[L4_MapControl] space=0x80000100 control=0x80000000 modify count=1
  [ctl 0] whole-space op: va=0xb0d00000 phys=0x15f000000 size=1048576 rwx=0 -> address-space control (flush/perm), no RAM map
[Syscall] L4_MapControl(sid=0x80000100, ctrl=0x80000000) via UTCB@0xdff00000 -> res=0x1
[L4_MapControl] space=0x80000100 control=0x80000000 modify count=1
  [ctl 0] whole-space op: va=0xb0d00000 phys=0x160000000 size=4294967296 rwx=0 -> address-space control (flush/perm), no RAM map
[Syscall] L4_MapControl(sid=0x80000100, ctrl=0x80000000) via UTCB@0xdff00000 -> res=0x1
[L4_MapControl] space=0x80000100 control=0x80000000 modify count=1
  [ctl 0] whole-space op: va=0xb0d00000 phys=0x160000000 size=4294967296 rwx=0 -> address-space control (flush/perm), no RAM map
[Syscall] L4_MapControl(sid=0x80000100, ctrl=0x80000000) via UTCB@0xdff00000 -> res=0x1
  [Cycle 110] Core0(ARM11): pc=0xb000d6b8 insns=161367 (ok) | Core1(ARM9): pc=0xf0017890 insns=1110000 (ok)
[L4_MapControl] space=0x80000100 control=0x80000000 modify count=1
  [ctl 0] whole-space op: va=0xb0d00000 phys=0x160000000 size=4294967296 rwx=0 -> address-space control (flush/perm), no RAM map
[Syscall] L4_MapControl(sid=0x80000100, ctrl=0x80000000) via UTCB@0xdff00000 -> res=0x1
[L4_MapControl] space=0x80000100 control=0x80000000 modify count=1
  [ctl 0] whole-space op: va=0xb0d00000 phys=0x160000000 size=4294967296 rwx=0 -> address-space control (flush/perm), no RAM map
[Syscall] L4_MapControl(sid=0x80000100, ctrl=0x80000000) via UTCB@0xdff00000 -> res=0x1
[L4_MapControl] space=0x80000100 control=0x80000000 modify count=1
  [ctl 0] whole-space op: va=0xb0d00000 phys=0x160000000 size=4294967296 rwx=0 -> address-space control (flush/perm), no RAM map
[Syscall] L4_MapControl(sid=0x80000100, ctrl=0x80000000) via UTCB@0xdff00000 -> res=0x1
[L4_MapControl] space=0x80000100 control=0x80000000 modify count=1
  [ctl 0] whole-space op: va=0xb0d00000 phys=0x160000000 size=4294967296 rwx=0 -> address-space control (flush/perm), no RAM map
[Syscall] L4_MapControl(sid=0x80000100, ctrl=0x80000000) via UTCB@0xdff00000 -> res=0x1
[L4_MapControl] space=0x80000100 control=0x80000000 modify count=1
  [ctl 0] whole-space op: va=0xb0d00000 phys=0x160000000 size=4294967296 rwx=0 -> address-space control (flush/perm), no RAM map
[Syscall] L4_MapControl(sid=0x80000100, ctrl=0x80000000) via UTCB@0xdff00000 -> res=0x1
[L4_MapControl] space=0x80000100 control=0x80000000 modify count=1
  [ctl 0] whole-space op: va=0xb0d00000 phys=0x160000000 size=4294967296 rwx=0 -> address-space control (flush/perm), no RAM map
[Syscall] L4_MapControl(sid=0x80000100, ctrl=0x80000000) via UTCB@0xdff00000 -> res=0x1
[L4_MapControl] space=0x80000100 control=0x80000000 modify count=1
  [ctl 0] whole-space op: va=0xb0d00000 phys=0x160000000 size=4294967296 rwx=0 -> address-space control (flush/perm), no RAM map
[Syscall] L4_MapControl(sid=0x80000100, ctrl=0x80000000) via UTCB@0xdff00000 -> res=0x1
[L4_MapControl] space=0x80000100 control=0x80000000 modify count=1
  [ctl 0] whole-space op: va=0xb0d00000 phys=0x160000000 size=4294967296 rwx=0 -> address-space control (flush/perm), no RAM map
[Syscall] L4_MapControl(sid=0x80000100, ctrl=0x80000000) via UTCB@0xdff00000 -> res=0x1
[L4_MapControl] space=0x80000100 control=0x80000000 modify count=1
  [ctl 0] whole-space op: va=0xb0d00000 phys=0x160000000 size=4294967296 rwx=0 -> address-space control (flush/perm), no RAM map
[Syscall] L4_MapControl(sid=0x80000100, ctrl=0x80000000) via UTCB@0xdff00000 -> res=0x1
[L4_MapControl] space=0x80000100 control=0x80000000 modify count=1
  [ctl 0] whole-space op: va=0xb0d00000 phys=0x160000000 size=4294967296 rwx=0 -> address-space control (flush/perm), no RAM map
[Syscall] L4_MapControl(sid=0x80000100, ctrl=0x80000000) via UTCB@0xdff00000 -> res=0x1
  [Cycle 120] Core0(ARM11): pc=0xb000d6b8 insns=164027 (ok) | Core1(ARM9): pc=0xf0017890 insns=1210000 (ok)
[L4_MapControl] space=0x80000100 control=0x80000000 modify count=1
  [ctl 0] whole-space op: va=0xb0d00000 phys=0x160000000 size=4294967296 rwx=0 -> address-space control (flush/perm), no RAM map
[Syscall] L4_MapControl(sid=0x80000100, ctrl=0x80000000) via UTCB@0xdff00000 -> res=0x1
[L4_MapControl] space=0x80000100 control=0x80000000 modify count=1
  [ctl 0] whole-space op: va=0xb0d00000 phys=0x160000000 size=4294967296 rwx=0 -> address-space control (flush/perm), no RAM map
[Syscall] L4_MapControl(sid=0x80000100, ctrl=0x80000000) via UTCB@0xdff00000 -> res=0x1
[L4_MapControl] space=0x80000100 control=0x80000000 modify count=1
  [ctl 0] whole-space op: va=0xb0d00000 phys=0x160000000 size=4294967296 rwx=0 -> address-space control (flush/perm), no RAM map
[Syscall] L4_MapControl(sid=0x80000100, ctrl=0x80000000) via UTCB@0xdff00000 -> res=0x1
[L4_MapControl] space=0x80000100 control=0x80000000 modify count=1
  [ctl 0] whole-space op: va=0xb0d00000 phys=0x160000000 size=4294967296 rwx=0 -> address-space control (flush/perm), no RAM map
[Syscall] L4_MapControl(sid=0x80000100, ctrl=0x80000000) via UTCB@0xdff00000 -> res=0x1
[L4_MapControl] space=0x80000100 control=0x80000000 modify count=1
  [ctl 0] whole-space op: va=0xb0d00000 phys=0x160000000 size=4294967296 rwx=0 -> address-space control (flush/perm), no RAM map
[Syscall] L4_MapControl(sid=0x80000100, ctrl=0x80000000) via UTCB@0xdff00000 -> res=0x1
[L4_MapControl] space=0x80000100 control=0x80000000 modify count=1
  [ctl 0] whole-space op: va=0xb0d00000 phys=0x160000000 size=4294967296 rwx=0 -> address-space control (flush/perm), no RAM map
[Syscall] L4_MapControl(sid=0x80000100, ctrl=0x80000000) via UTCB@0xdff00000 -> res=0x1
[L4_MapControl] space=0x80000100 control=0x80000000 modify count=1
  [ctl 0] whole-space op: va=0xb0d00000 phys=0x160000000 size=4294967296 rwx=0 -> address-space control (flush/perm), no RAM map
[Syscall] L4_MapControl(sid=0x80000100, ctrl=0x80000000) via UTCB@0xdff00000 -> res=0x1
[L4_MapControl] space=0x80000100 control=0x80000000 modify count=1
  [ctl 0] whole-space op: va=0xb0d00000 phys=0x160000000 size=4294967296 rwx=0 -> address-space control (flush/perm), no RAM map
[Syscall] L4_MapControl(sid=0x80000100, ctrl=0x80000000) via UTCB@0xdff00000 -> res=0x1
[L4_MapControl] space=0x80000100 control=0x80000000 modify count=1
  [ctl 0] whole-space op: va=0xb0d00000 phys=0x160000000 size=4294967296 rwx=0 -> address-space control (flush/perm), no RAM map
[Syscall] L4_MapControl(sid=0x80000100, ctrl=0x80000000) via UTCB@0xdff00000 -> res=0x1
[L4_MapControl] space=0x80000100 control=0x80000000 modify count=1
  [ctl 0] whole-space op: va=0xb0d00000 phys=0x160000000 size=4294967296 rwx=0 -> address-space control (flush/perm), no RAM map
[Syscall] L4_MapControl(sid=0x80000100, ctrl=0x80000000) via UTCB@0xdff00000 -> res=0x1
  [Cycle 130] Core0(ARM11): pc=0xb000d6b8 insns=166687 (ok) | Core1(ARM9): pc=0xf0017890 insns=1310000 (ok)
[L4_MapControl] space=0x80000100 control=0x80000000 modify count=1
  [ctl 0] whole-space op: va=0xb0d00000 phys=0x160000000 size=4294967296 rwx=0 -> address-space control (flush/perm), no RAM map
[Syscall] L4_MapControl(sid=0x80000100, ctrl=0x80000000) via UTCB@0xdff00000 -> res=0x1
[L4_MapControl] space=0x80000100 control=0x80000000 modify count=1
  [ctl 0] whole-space op: va=0xb0d00000 phys=0x160000000 size=4294967296 rwx=0 -> address-space control (flush/perm), no RAM map
[Syscall] L4_MapControl(sid=0x80000100, ctrl=0x80000000) via UTCB@0xdff00000 -> res=0x1
[L4_MapControl] space=0x80000100 control=0x80000000 modify count=1
  [ctl 0] whole-space op: va=0xb0d00000 phys=0x160000000 size=4294967296 rwx=0 -> address-space control (flush/perm), no RAM map
[Syscall] L4_MapControl(sid=0x80000100, ctrl=0x80000000) via UTCB@0xdff00000 -> res=0x1
[L4_MapControl] space=0x80000100 control=0x80000000 modify count=1
  [ctl 0] whole-space op: va=0xb0d00000 phys=0x160000000 size=4294967296 rwx=0 -> address-space control (flush/perm), no RAM map
[Syscall] L4_MapControl(sid=0x80000100, ctrl=0x80000000) via UTCB@0xdff00000 -> res=0x1
[L4_MapControl] space=0x80000100 control=0x80000000 modify count=1
  [ctl 0] whole-space op: va=0xb0d00000 phys=0x160000000 size=4294967296 rwx=0 -> address-space control (flush/perm), no RAM map
[Syscall] L4_MapControl(sid=0x80000100, ctrl=0x80000000) via UTCB@0xdff00000 -> res=0x1
[L4_MapControl] space=0x80000100 control=0x80000000 modify count=1
  [ctl 0] whole-space op: va=0xb0d00000 phys=0x160000000 size=4294967296 rwx=0 -> address-space control (flush/perm), no RAM map
[Syscall] L4_MapControl(sid=0x80000100, ctrl=0x80000000) via UTCB@0xdff00000 -> res=0x1
[L4_MapControl] space=0x80000100 control=0x80000000 modify count=1
  [ctl 0] whole-space op: va=0xb0d00000 phys=0x160000000 size=4294967296 rwx=0 -> address-space control (flush/perm), no RAM map
[Syscall] L4_MapControl(sid=0x80000100, ctrl=0x80000000) via UTCB@0xdff00000 -> res=0x1
[L4_MapControl] space=0x80000100 control=0x80000000 modify count=1
  [ctl 0] whole-space op: va=0xb0d00000 phys=0x160000000 size=4294967296 rwx=0 -> address-space control (flush/perm), no RAM map
[Syscall] L4_MapControl(sid=0x80000100, ctrl=0x80000000) via UTCB@0xdff00000 -> res=0x1
[L4_MapControl] space=0x80000100 control=0x80000000 modify count=1
  [ctl 0] whole-space op: va=0xb0d00000 phys=0x160000000 size=4294967296 rwx=0 -> address-space control (flush/perm), no RAM map
[Syscall] L4_MapControl(sid=0x80000100, ctrl=0x80000000) via UTCB@0xdff00000 -> res=0x1
[L4_MapControl] space=0x80000100 control=0x80000000 modify count=1
  [ctl 0] whole-space op: va=0xb0d00000 phys=0x160000000 size=4294967296 rwx=0 -> address-space control (flush/perm), no RAM map
[Syscall] L4_MapControl(sid=0x80000100, ctrl=0x80000000) via UTCB@0xdff00000 -> res=0x1
  [Cycle 140] Core0(ARM11): pc=0xb000d6b8 insns=169347 (ok) | Core1(ARM9): pc=0xf0017890 insns=1410000 (ok)
[L4_MapControl] space=0x80000100 control=0x80000000 modify count=1
  [ctl 0] whole-space op: va=0xb0d00000 phys=0x160000000 size=4294967296 rwx=0 -> address-space control (flush/perm), no RAM map
[Syscall] L4_MapControl(sid=0x80000100, ctrl=0x80000000) via UTCB@0xdff00000 -> res=0x1
[L4_MapControl] space=0x80000100 control=0x80000000 modify count=1
  [ctl 0] whole-space op: va=0xb0d00000 phys=0x160000000 size=4294967296 rwx=0 -> address-space control (flush/perm), no RAM map
[Syscall] L4_MapControl(sid=0x80000100, ctrl=0x80000000) via UTCB@0xdff00000 -> res=0x1
[L4_MapControl] space=0x80000100 control=0x80000000 modify count=1
  [ctl 0] whole-space op: va=0xb0d00000 phys=0x160000000 size=4294967296 rwx=0 -> address-space control (flush/perm), no RAM map
[Syscall] L4_MapControl(sid=0x80000100, ctrl=0x80000000) via UTCB@0xdff00000 -> res=0x1
[L4_MapControl] space=0x80000100 control=0x80000000 modify count=1
  [ctl 0] whole-space op: va=0xb0d00000 phys=0x160000000 size=4294967296 rwx=0 -> address-space control (flush/perm), no RAM map
[Syscall] L4_MapControl(sid=0x80000100, ctrl=0x80000000) via UTCB@0xdff00000 -> res=0x1
[L4_MapControl] space=0x80000100 control=0x80000000 modify count=1
  [ctl 0] whole-space op: va=0xb0d00000 phys=0x160000000 size=4294967296 rwx=0 -> address-space control (flush/perm), no RAM map
[Syscall] L4_MapControl(sid=0x80000100, ctrl=0x80000000) via UTCB@0xdff00000 -> res=0x1
[L4_MapControl] space=0x80000100 control=0x80000000 modify count=1
  [ctl 0] whole-space op: va=0xb0d00000 phys=0x160000000 size=4294967296 rwx=0 -> address-space control (flush/perm), no RAM map
[Syscall] L4_MapControl(sid=0x80000100, ctrl=0x80000000) via UTCB@0xdff00000 -> res=0x1
[L4_MapControl] space=0x80000100 control=0x80000000 modify count=1
  [ctl 0] whole-space op: va=0xb0d00000 phys=0x160000000 size=4294967296 rwx=0 -> address-space control (flush/perm), no RAM map
[Syscall] L4_MapControl(sid=0x80000100, ctrl=0x80000000) via UTCB@0xdff00000 -> res=0x1
[L4_MapControl] space=0x80000100 control=0x80000000 modify count=1
  [ctl 0] whole-space op: va=0xb0d00000 phys=0x160000000 size=4294967296 rwx=0 -> address-space control (flush/perm), no RAM map
[Syscall] L4_MapControl(sid=0x80000100, ctrl=0x80000000) via UTCB@0xdff00000 -> res=0x1
[L4_MapControl] space=0x80000100 control=0x80000000 modify count=1
  [ctl 0] whole-space op: va=0xb0d00000 phys=0x160000000 size=4294967296 rwx=0 -> address-space control (flush/perm), no RAM map
[Syscall] L4_MapControl(sid=0x80000100, ctrl=0x80000000) via UTCB@0xdff00000 -> res=0x1
[L4_MapControl] space=0x80000100 control=0x80000000 modify count=1
  [ctl 0] whole-space op: va=0xb0d00000 phys=0x160000000 size=4294967296 rwx=0 -> address-space control (flush/perm), no RAM map
[Syscall] L4_MapControl(sid=0x80000100, ctrl=0x80000000) via UTCB@0xdff00000 -> res=0x1
  [Cycle 150] Core0(ARM11): pc=0xb000d6b8 insns=172007 (ok) | Core1(ARM9): pc=0xf0017890 insns=1510000 (ok)
[L4_MapControl] space=0x80000100 control=0x80000000 modify count=1
  [ctl 0] whole-space op: va=0xb0d00000 phys=0x160000000 size=4294967296 rwx=0 -> address-space control (flush/perm), no RAM map
[Syscall] L4_MapControl(sid=0x80000100, ctrl=0x80000000) via UTCB@0xdff00000 -> res=0x1
[L4_MapControl] space=0x80000100 control=0x80000000 modify count=1
  [ctl 0] whole-space op: va=0xb0d00000 phys=0x160000000 size=4294967296 rwx=0 -> address-space control (flush/perm), no RAM map
[Syscall] L4_MapControl(sid=0x80000100, ctrl=0x80000000) via UTCB@0xdff00000 -> res=0x1
[L4_MapControl] space=0x80000100 control=0x80000000 modify count=1
  [ctl 0] whole-space op: va=0xb0d00000 phys=0x160000000 size=4294967296 rwx=0 -> address-space control (flush/perm), no RAM map
[Syscall] L4_MapControl(sid=0x80000100, ctrl=0x80000000) via UTCB@0xdff00000 -> res=0x1
[L4_MapControl] space=0x80000100 control=0x80000000 modify count=1
  [ctl 0] whole-space op: va=0xb0d00000 phys=0x160000000 size=4294967296 rwx=0 -> address-space control (flush/perm), no RAM map
[Syscall] L4_MapControl(sid=0x80000100, ctrl=0x80000000) via UTCB@0xdff00000 -> res=0x1
[L4_MapControl] space=0x80000100 control=0x80000000 modify count=1
  [ctl 0] whole-space op: va=0xb0d00000 phys=0x160000000 size=4294967296 rwx=0 -> address-space control (flush/perm), no RAM map
[Syscall] L4_MapControl(sid=0x80000100, ctrl=0x80000000) via UTCB@0xdff00000 -> res=0x1
[L4_MapControl] space=0x80000100 control=0x80000000 modify count=1
  [ctl 0] whole-space op: va=0xb0d00000 phys=0x160000000 size=4294967296 rwx=0 -> address-space control (flush/perm), no RAM map
[Syscall] L4_MapControl(sid=0x80000100, ctrl=0x80000000) via UTCB@0xdff00000 -> res=0x1
[L4_MapControl] space=0x80000100 control=0x80000000 modify count=1
  [ctl 0] whole-space op: va=0xb0d00000 phys=0x160000000 size=4294967296 rwx=0 -> address-space control (flush/perm), no RAM map
[Syscall] L4_MapControl(sid=0x80000100, ctrl=0x80000000) via UTCB@0xdff00000 -> res=0x1
[L4_MapControl] space=0x80000100 control=0x80000000 modify count=1
  [ctl 0] whole-space op: va=0xb0d00000 phys=0x160000000 size=4294967296 rwx=0 -> address-space control (flush/perm), no RAM map
[Syscall] L4_MapControl(sid=0x80000100, ctrl=0x80000000) via UTCB@0xdff00000 -> res=0x1
[L4_MapControl] space=0x80000100 control=0x80000000 modify count=1
  [ctl 0] whole-space op: va=0xb0d00000 phys=0x160000000 size=4294967296 rwx=0 -> address-space control (flush/perm), no RAM map
[Syscall] L4_MapControl(sid=0x80000100, ctrl=0x80000000) via UTCB@0xdff00000 -> res=0x1
[L4_MapControl] space=0x80000100 control=0x80000000 modify count=1
  [ctl 0] whole-space op: va=0xb0d00000 phys=0x160000000 size=4294967296 rwx=0 -> address-space control (flush/perm), no RAM map
[Syscall] L4_MapControl(sid=0x80000100, ctrl=0x80000000) via UTCB@0xdff00000 -> res=0x1
  [Cycle 160] Core0(ARM11): pc=0xb000d6b8 insns=174667 (ok) | Core1(ARM9): pc=0xf0017890 insns=1610000 (ok)
[L4_MapControl] space=0x80000100 control=0x80000000 modify count=1
  [ctl 0] whole-space op: va=0xb0d00000 phys=0x160000000 size=4294967296 rwx=0 -> address-space control (flush/perm), no RAM map
[Syscall] L4_MapControl(sid=0x80000100, ctrl=0x80000000) via UTCB@0xdff00000 -> res=0x1
[L4_MapControl] space=0x80000100 control=0x80000000 modify count=1
  [ctl 0] whole-space op: va=0xb0d00000 phys=0x160000000 size=4294967296 rwx=0 -> address-space control (flush/perm), no RAM map
[Syscall] L4_MapControl(sid=0x80000100, ctrl=0x80000000) via UTCB@0xdff00000 -> res=0x1
[L4_MapControl] space=0x80000100 control=0x80000000 modify count=1
  [ctl 0] whole-space op: va=0xb0d00000 phys=0x160000000 size=4294967296 rwx=0 -> address-space control (flush/perm), no RAM map
[Syscall] L4_MapControl(sid=0x80000100, ctrl=0x80000000) via UTCB@0xdff00000 -> res=0x1
[L4_MapControl] space=0x80000100 control=0x80000000 modify count=1
  [ctl 0] whole-space op: va=0xb0d00000 phys=0x160000000 size=4294967296 rwx=0 -> address-space control (flush/perm), no RAM map
[Syscall] L4_MapControl(sid=0x80000100, ctrl=0x80000000) via UTCB@0xdff00000 -> res=0x1
[L4_MapControl] space=0x80000100 control=0x80000000 modify count=1
  [ctl 0] whole-space op: va=0xb0d00000 phys=0x160000000 size=4294967296 rwx=0 -> address-space control (flush/perm), no RAM map
[Syscall] L4_MapControl(sid=0x80000100, ctrl=0x80000000) via UTCB@0xdff00000 -> res=0x1
[L4_MapControl] space=0x80000100 control=0x80000000 modify count=1
  [ctl 0] whole-space op: va=0xb0d00000 phys=0x160000000 size=4294967296 rwx=0 -> address-space control (flush/perm), no RAM map
[Syscall] L4_MapControl(sid=0x80000100, ctrl=0x80000000) via UTCB@0xdff00000 -> res=0x1
[L4_MapControl] space=0x80000100 control=0x80000000 modify count=1
  [ctl 0] whole-space op: va=0xb0d00000 phys=0x160000000 size=4294967296 rwx=0 -> address-space control (flush/perm), no RAM map
[Syscall] L4_MapControl(sid=0x80000100, ctrl=0x80000000) via UTCB@0xdff00000 -> res=0x1
[L4_MapControl] space=0x80000100 control=0x80000000 modify count=1
  [ctl 0] whole-space op: va=0xb0d00000 phys=0x160000000 size=4294967296 rwx=0 -> address-space control (flush/perm), no RAM map
[Syscall] L4_MapControl(sid=0x80000100, ctrl=0x80000000) via UTCB@0xdff00000 -> res=0x1
[L4_MapControl] space=0x80000100 control=0x80000000 modify count=1
  [ctl 0] whole-space op: va=0xb0d00000 phys=0x160000000 size=4294967296 rwx=0 -> address-space control (flush/perm), no RAM map
[Syscall] L4_MapControl(sid=0x80000100, ctrl=0x80000000) via UTCB@0xdff00000 -> res=0x1
[L4_MapControl] space=0x80000100 control=0x80000000 modify count=1
  [ctl 0] whole-space op: va=0xb0d00000 phys=0x160000000 size=4294967296 rwx=0 -> address-space control (flush/perm), no RAM map
[Syscall] L4_MapControl(sid=0x80000100, ctrl=0x80000000) via UTCB@0xdff00000 -> res=0x1
  [Cycle 170] Core0(ARM11): pc=0xb000d6b8 insns=177327 (ok) | Core1(ARM9): pc=0xf0017890 insns=1710000 (ok)
[L4_MapControl] space=0x80000100 control=0x80000000 modify count=1
  [ctl 0] whole-space op: va=0xb0d00000 phys=0x160000000 size=4294967296 rwx=0 -> address-space control (flush/perm), no RAM map
[Syscall] L4_MapControl(sid=0x80000100, ctrl=0x80000000) via UTCB@0xdff00000 -> res=0x1
[L4_MapControl] space=0x80000100 control=0x80000000 modify count=1
  [ctl 0] whole-space op: va=0xb0d00000 phys=0x160000000 size=4294967296 rwx=0 -> address-space control (flush/perm), no RAM map
[Syscall] L4_MapControl(sid=0x80000100, ctrl=0x80000000) via UTCB@0xdff00000 -> res=0x1
[L4_MapControl] space=0x80000100 control=0x80000000 modify count=1
  [ctl 0] whole-space op: va=0xb0d00000 phys=0x160000000 size=4294967296 rwx=0 -> address-space control (flush/perm), no RAM map
[Syscall] L4_MapControl(sid=0x80000100, ctrl=0x80000000) via UTCB@0xdff00000 -> res=0x1
[L4_MapControl] space=0x80000100 control=0x80000000 modify count=1
  [ctl 0] whole-space op: va=0xb0d00000 phys=0x160000000 size=4294967296 rwx=0 -> address-space control (flush/perm), no RAM map
[Syscall] L4_MapControl(sid=0x80000100, ctrl=0x80000000) via UTCB@0xdff00000 -> res=0x1
[L4_MapControl] space=0x80000100 control=0x80000000 modify count=1
  [ctl 0] whole-space op: va=0xb0d00000 phys=0x160000000 size=4294967296 rwx=0 -> address-space control (flush/perm), no RAM map
[Syscall] L4_MapControl(sid=0x80000100, ctrl=0x80000000) via UTCB@0xdff00000 -> res=0x1
[L4_MapControl] space=0x80000100 control=0x80000000 modify count=1
  [ctl 0] whole-space op: va=0xb0d00000 phys=0x160000000 size=4294967296 rwx=0 -> address-space control (flush/perm), no RAM map
[Syscall] L4_MapControl(sid=0x80000100, ctrl=0x80000000) via UTCB@0xdff00000 -> res=0x1
[L4_MapControl] space=0x80000100 control=0x80000000 modify count=1
  [ctl 0] whole-space op: va=0xb0d00000 phys=0x160000000 size=4294967296 rwx=0 -> address-space control (flush/perm), no RAM map
[Syscall] L4_MapControl(sid=0x80000100, ctrl=0x80000000) via UTCB@0xdff00000 -> res=0x1
[L4_MapControl] space=0x80000100 control=0x80000000 modify count=1
  [ctl 0] whole-space op: va=0xb0d00000 phys=0x160000000 size=4294967296 rwx=0 -> address-space control (flush/perm), no RAM map
[Syscall] L4_MapControl(sid=0x80000100, ctrl=0x80000000) via UTCB@0xdff00000 -> res=0x1
[L4_MapControl] space=0x80000100 control=0x80000000 modify count=1
  [ctl 0] whole-space op: va=0xb0d00000 phys=0x160000000 size=4294967296 rwx=0 -> address-space control (flush/perm), no RAM map
[Syscall] L4_MapControl(sid=0x80000100, ctrl=0x80000000) via UTCB@0xdff00000 -> res=0x1
[L4_MapControl] space=0x80000100 control=0x80000000 modify count=1
  [ctl 0] whole-space op: va=0xb0d00000 phys=0x160000000 size=4294967296 rwx=0 -> address-space control (flush/perm), no RAM map
[Syscall] L4_MapControl(sid=0x80000100, ctrl=0x80000000) via UTCB@0xdff00000 -> res=0x1
  [Cycle 180] Core0(ARM11): pc=0xb000d6b8 insns=179987 (ok) | Core1(ARM9): pc=0xf0017890 insns=1810000 (ok)
[L4_MapControl] space=0x80000100 control=0x80000000 modify count=1
  [ctl 0] whole-space op: va=0xb0d00000 phys=0x160000000 size=4294967296 rwx=0 -> address-space control (flush/perm), no RAM map
[Syscall] L4_MapControl(sid=0x80000100, ctrl=0x80000000) via UTCB@0xdff00000 -> res=0x1
[L4_MapControl] space=0x80000100 control=0x80000000 modify count=1
  [ctl 0] whole-space op: va=0xb0d00000 phys=0x160000000 size=4294967296 rwx=0 -> address-space control (flush/perm), no RAM map
[Syscall] L4_MapControl(sid=0x80000100, ctrl=0x80000000) via UTCB@0xdff00000 -> res=0x1
[L4_MapControl] space=0x80000100 control=0x80000000 modify count=1
  [ctl 0] whole-space op: va=0xb0d00000 phys=0x160000000 size=4294967296 rwx=0 -> address-space control (flush/perm), no RAM map
[Syscall] L4_MapControl(sid=0x80000100, ctrl=0x80000000) via UTCB@0xdff00000 -> res=0x1
[L4_MapControl] space=0x80000100 control=0x80000000 modify count=1
  [ctl 0] whole-space op: va=0xb0d00000 phys=0x160000000 size=4294967296 rwx=0 -> address-space control (flush/perm), no RAM map
[Syscall] L4_MapControl(sid=0x80000100, ctrl=0x80000000) via UTCB@0xdff00000 -> res=0x1
[L4_MapControl] space=0x80000100 control=0x80000000 modify count=1
  [ctl 0] whole-space op: va=0xb0d00000 phys=0x160000000 size=4294967296 rwx=0 -> address-space control (flush/perm), no RAM map
[Syscall] L4_MapControl(sid=0x80000100, ctrl=0x80000000) via UTCB@0xdff00000 -> res=0x1
[L4_MapControl] space=0x80000100 control=0x80000000 modify count=1
  [ctl 0] whole-space op: va=0xb0d00000 phys=0x160000000 size=4294967296 rwx=0 -> address-space control (flush/perm), no RAM map
[Syscall] L4_MapControl(sid=0x80000100, ctrl=0x80000000) via UTCB@0xdff00000 -> res=0x1
[L4_MapControl] space=0x80000100 control=0x80000000 modify count=1
  [ctl 0] whole-space op: va=0xb0d00000 phys=0x160000000 size=4294967296 rwx=0 -> address-space control (flush/perm), no RAM map
[Syscall] L4_MapControl(sid=0x80000100, ctrl=0x80000000) via UTCB@0xdff00000 -> res=0x1
[L4_MapControl] space=0x80000100 control=0x80000000 modify count=1
  [ctl 0] whole-space op: va=0xb0d00000 phys=0x160000000 size=4294967296 rwx=0 -> address-space control (flush/perm), no RAM map
[Syscall] L4_MapControl(sid=0x80000100, ctrl=0x80000000) via UTCB@0xdff00000 -> res=0x1
[L4_MapControl] space=0x80000100 control=0x80000000 modify count=1
  [ctl 0] whole-space op: va=0xb0d00000 phys=0x160000000 size=4294967296 rwx=0 -> address-space control (flush/perm), no RAM map
[Syscall] L4_MapControl(sid=0x80000100, ctrl=0x80000000) via UTCB@0xdff00000 -> res=0x1
[L4_MapControl] space=0x80000100 control=0x80000000 modify count=1
  [ctl 0] whole-space op: va=0xb0d00000 phys=0x160000000 size=4294967296 rwx=0 -> address-space control (flush/perm), no RAM map
[Syscall] L4_MapControl(sid=0x80000100, ctrl=0x80000000) via UTCB@0xdff00000 -> res=0x1
  [Cycle 190] Core0(ARM11): pc=0xb000d6b8 insns=182647 (ok) | Core1(ARM9): pc=0xf0017890 insns=1910000 (ok)
[L4_MapControl] space=0x80000100 control=0x80000000 modify count=1
  [ctl 0] whole-space op: va=0xb0d00000 phys=0x160000000 size=4294967296 rwx=0 -> address-space control (flush/perm), no RAM map
[Syscall] L4_MapControl(sid=0x80000100, ctrl=0x80000000) via UTCB@0xdff00000 -> res=0x1
[L4_MapControl] space=0x80000100 control=0x80000000 modify count=1
  [ctl 0] whole-space op: va=0xb0d00000 phys=0x160000000 size=4294967296 rwx=0 -> address-space control (flush/perm), no RAM map
[Syscall] L4_MapControl(sid=0x80000100, ctrl=0x80000000) via UTCB@0xdff00000 -> res=0x1
[L4_MapControl] space=0x80000100 control=0x80000000 modify count=1
  [ctl 0] whole-space op: va=0xb0d00000 phys=0x160000000 size=4294967296 rwx=0 -> address-space control (flush/perm), no RAM map
[Syscall] L4_MapControl(sid=0x80000100, ctrl=0x80000000) via UTCB@0xdff00000 -> res=0x1
[L4_MapControl] space=0x80000100 control=0x80000000 modify count=1
  [ctl 0] whole-space op: va=0xb0d00000 phys=0x160000000 size=4294967296 rwx=0 -> address-space control (flush/perm), no RAM map
[Syscall] L4_MapControl(sid=0x80000100, ctrl=0x80000000) via UTCB@0xdff00000 -> res=0x1
[L4_MapControl] space=0x80000100 control=0x80000000 modify count=1
  [ctl 0] whole-space op: va=0xb0d00000 phys=0x160000000 size=4294967296 rwx=0 -> address-space control (flush/perm), no RAM map
[Syscall] L4_MapControl(sid=0x80000100, ctrl=0x80000000) via UTCB@0xdff00000 -> res=0x1
[L4_MapControl] space=0x80000100 control=0x80000000 modify count=1
  [ctl 0] whole-space op: va=0xb0d00000 phys=0x160000000 size=4294967296 rwx=0 -> address-space control (flush/perm), no RAM map
[Syscall] L4_MapControl(sid=0x80000100, ctrl=0x80000000) via UTCB@0xdff00000 -> res=0x1
[L4_MapControl] space=0x80000100 control=0x80000000 modify count=1
  [ctl 0] whole-space op: va=0xb0d00000 phys=0x160000000 size=4294967296 rwx=0 -> address-space control (flush/perm), no RAM map
[Syscall] L4_MapControl(sid=0x80000100, ctrl=0x80000000) via UTCB@0xdff00000 -> res=0x1
[L4_MapControl] space=0x80000100 control=0x80000000 modify count=1
  [ctl 0] whole-space op: va=0xb0d00000 phys=0x160000000 size=4294967296 rwx=0 -> address-space control (flush/perm), no RAM map
[Syscall] L4_MapControl(sid=0x80000100, ctrl=0x80000000) via UTCB@0xdff00000 -> res=0x1
[L4_MapControl] space=0x80000100 control=0x80000000 modify count=1
  [ctl 0] whole-space op: va=0xb0d00000 phys=0x160000000 size=4294967296 rwx=0 -> address-space control (flush/perm), no RAM map
[Syscall] L4_MapControl(sid=0x80000100, ctrl=0x80000000) via UTCB@0xdff00000 -> res=0x1
[L4_MapControl] space=0x80000100 control=0x80000000 modify count=1
  [ctl 0] whole-space op: va=0xb0d00000 phys=0x160000000 size=4294967296 rwx=0 -> address-space control (flush/perm), no RAM map
[Syscall] L4_MapControl(sid=0x80000100, ctrl=0x80000000) via UTCB@0xdff00000 -> res=0x1
  [Cycle 200] Core0(ARM11): pc=0xb000d6b8 insns=185307 (ok) | Core1(ARM9): pc=0xf0017890 insns=2010000 (ok)
[L4_MapControl] space=0x80000100 control=0x80000000 modify count=1
  [ctl 0] whole-space op: va=0xb0d00000 phys=0x160000000 size=4294967296 rwx=0 -> address-space control (flush/perm), no RAM map
[Syscall] L4_MapControl(sid=0x80000100, ctrl=0x80000000) via UTCB@0xdff00000 -> res=0x1
[L4_MapControl] space=0x80000100 control=0x80000000 modify count=1
  [ctl 0] whole-space op: va=0xb0d00000 phys=0x160000000 size=4294967296 rwx=0 -> address-space control (flush/perm), no RAM map
[Syscall] L4_MapControl(sid=0x80000100, ctrl=0x80000000) via UTCB@0xdff00000 -> res=0x1
[L4_MapControl] space=0x80000100 control=0x80000000 modify count=1
  [ctl 0] whole-space op: va=0xb0d00000 phys=0x160000000 size=4294967296 rwx=0 -> address-space control (flush/perm), no RAM map
[Syscall] L4_MapControl(sid=0x80000100, ctrl=0x80000000) via UTCB@0xdff00000 -> res=0x1
[L4_MapControl] space=0x80000100 control=0x80000000 modify count=1
  [ctl 0] whole-space op: va=0xb0d00000 phys=0x160000000 size=4294967296 rwx=0 -> address-space control (flush/perm), no RAM map
[Syscall] L4_MapControl(sid=0x80000100, ctrl=0x80000000) via UTCB@0xdff00000 -> res=0x1
[L4_MapControl] space=0x80000100 control=0x80000000 modify count=1
  [ctl 0] whole-space op: va=0xb0d00000 phys=0x160000000 size=4294967296 rwx=0 -> address-space control (flush/perm), no RAM map
[Syscall] L4_MapControl(sid=0x80000100, ctrl=0x80000000) via UTCB@0xdff00000 -> res=0x1
[L4_MapControl] space=0x80000100 control=0x80000000 modify count=1
  [ctl 0] whole-space op: va=0xb0d00000 phys=0x160000000 size=4294967296 rwx=0 -> address-space control (flush/perm), no RAM map
[Syscall] L4_MapControl(sid=0x80000100, ctrl=0x80000000) via UTCB@0xdff00000 -> res=0x1
[L4_MapControl] space=0x80000100 control=0x80000000 modify count=1
  [ctl 0] whole-space op: va=0xb0d00000 phys=0x160000000 size=4294967296 rwx=0 -> address-space control (flush/perm), no RAM map
[Syscall] L4_MapControl(sid=0x80000100, ctrl=0x80000000) via UTCB@0xdff00000 -> res=0x1
[L4_MapControl] space=0x80000100 control=0x80000000 modify count=1
  [ctl 0] whole-space op: va=0xb0d00000 phys=0x160000000 size=4294967296 rwx=0 -> address-space control (flush/perm), no RAM map
[Syscall] L4_MapControl(sid=0x80000100, ctrl=0x80000000) via UTCB@0xdff00000 -> res=0x1
[L4_MapControl] space=0x80000100 control=0x80000000 modify count=1
  [ctl 0] whole-space op: va=0xb0d00000 phys=0x160000000 size=4294967296 rwx=0 -> address-space control (flush/perm), no RAM map
[Syscall] L4_MapControl(sid=0x80000100, ctrl=0x80000000) via UTCB@0xdff00000 -> res=0x1
[L4_MapControl] space=0x80000100 control=0x80000000 modify count=1
  [ctl 0] whole-space op: va=0xb0d00000 phys=0x160000000 size=4294967296 rwx=0 -> address-space control (flush/perm), no RAM map
[Syscall] L4_MapControl(sid=0x80000100, ctrl=0x80000000) via UTCB@0xdff00000 -> res=0x1
  [Cycle 210] Core0(ARM11): pc=0xb000d6b8 insns=187967 (ok) | Core1(ARM9): pc=0xf0017890 insns=2110000 (ok)
[L4_MapControl] space=0x80000100 control=0x80000000 modify count=1
  [ctl 0] whole-space op: va=0xb0d00000 phys=0x160000000 size=4294967296 rwx=0 -> address-space control (flush/perm), no RAM map
[Syscall] L4_MapControl(sid=0x80000100, ctrl=0x80000000) via UTCB@0xdff00000 -> res=0x1
[L4_MapControl] space=0x80000100 control=0x80000000 modify count=1
  [ctl 0] whole-space op: va=0xb0d00000 phys=0x160000000 size=4294967296 rwx=0 -> address-space control (flush/perm), no RAM map
[Syscall] L4_MapControl(sid=0x80000100, ctrl=0x80000000) via UTCB@0xdff00000 -> res=0x1
[L4_MapControl] space=0x80000100 control=0x80000000 modify count=1
  [ctl 0] whole-space op: va=0xb0d00000 phys=0x160000000 size=4294967296 rwx=0 -> address-space control (flush/perm), no RAM map
[Syscall] L4_MapControl(sid=0x80000100, ctrl=0x80000000) via UTCB@0xdff00000 -> res=0x1
[L4_MapControl] space=0x80000100 control=0x80000000 modify count=1
  [ctl 0] whole-space op: va=0xb0d00000 phys=0x160000000 size=4294967296 rwx=0 -> address-space control (flush/perm), no RAM map
[Syscall] L4_MapControl(sid=0x80000100, ctrl=0x80000000) via UTCB@0xdff00000 -> res=0x1
[L4_MapControl] space=0x80000100 control=0x80000000 modify count=1
  [ctl 0] whole-space op: va=0xb0d00000 phys=0x160000000 size=4294967296 rwx=0 -> address-space control (flush/perm), no RAM map
[Syscall] L4_MapControl(sid=0x80000100, ctrl=0x80000000) via UTCB@0xdff00000 -> res=0x1
[L4_MapControl] space=0x80000100 control=0x80000000 modify count=1
  [ctl 0] whole-space op: va=0xb0d00000 phys=0x160000000 size=4294967296 rwx=0 -> address-space control (flush/perm), no RAM map
[Syscall] L4_MapControl(sid=0x80000100, ctrl=0x80000000) via UTCB@0xdff00000 -> res=0x1
[L4_MapControl] space=0x80000100 control=0x80000000 modify count=1
  [ctl 0] whole-space op: va=0xb0d00000 phys=0x160000000 size=4294967296 rwx=0 -> address-space control (flush/perm), no RAM map
[Syscall] L4_MapControl(sid=0x80000100, ctrl=0x80000000) via UTCB@0xdff00000 -> res=0x1
[L4_MapControl] space=0x80000100 control=0x80000000 modify count=1
  [ctl 0] whole-space op: va=0xb0d00000 phys=0x160000000 size=4294967296 rwx=0 -> address-space control (flush/perm), no RAM map
[Syscall] L4_MapControl(sid=0x80000100, ctrl=0x80000000) via UTCB@0xdff00000 -> res=0x1
[L4_MapControl] space=0x80000100 control=0x80000000 modify count=1
  [ctl 0] whole-space op: va=0xb0d00000 phys=0x160000000 size=4294967296 rwx=0 -> address-space control (flush/perm), no RAM map
[Syscall] L4_MapControl(sid=0x80000100, ctrl=0x80000000) via UTCB@0xdff00000 -> res=0x1
[L4_MapControl] space=0x80000100 control=0x80000000 modify count=1
  [ctl 0] whole-space op: va=0xb0d00000 phys=0x160000000 size=4294967296 rwx=0 -> address-space control (flush/perm), no RAM map
[Syscall] L4_MapControl(sid=0x80000100, ctrl=0x80000000) via UTCB@0xdff00000 -> res=0x1
  [Cycle 220] Core0(ARM11): pc=0xb000d6b8 insns=190627 (ok) | Core1(ARM9): pc=0xf0017890 insns=2210000 (ok)
[L4_MapControl] space=0x80000100 control=0x80000000 modify count=1
  [ctl 0] whole-space op: va=0xb0d00000 phys=0x160000000 size=4294967296 rwx=0 -> address-space control (flush/perm), no RAM map
[Syscall] L4_MapControl(sid=0x80000100, ctrl=0x80000000) via UTCB@0xdff00000 -> res=0x1
[L4_MapControl] space=0x80000100 control=0x80000000 modify count=1
  [ctl 0] whole-space op: va=0xb0d00000 phys=0x160000000 size=4294967296 rwx=0 -> address-space control (flush/perm), no RAM map
[Syscall] L4_MapControl(sid=0x80000100, ctrl=0x80000000) via UTCB@0xdff00000 -> res=0x1
[L4_MapControl] space=0x80000100 control=0x80000000 modify count=1
  [ctl 0] whole-space op: va=0xb0d00000 phys=0x160000000 size=4294967296 rwx=0 -> address-space control (flush/perm), no RAM map
[Syscall] L4_MapControl(sid=0x80000100, ctrl=0x80000000) via UTCB@0xdff00000 -> res=0x1
[L4_MapControl] space=0x80000100 control=0x80000000 modify count=1
  [ctl 0] whole-space op: va=0xb0d00000 phys=0x160000000 size=4294967296 rwx=0 -> address-space control (flush/perm), no RAM map
[Syscall] L4_MapControl(sid=0x80000100, ctrl=0x80000000) via UTCB@0xdff00000 -> res=0x1
[L4_MapControl] space=0x80000100 control=0x80000000 modify count=1
  [ctl 0] whole-space op: va=0xb0d00000 phys=0x160000000 size=4294967296 rwx=0 -> address-space control (flush/perm), no RAM map
[Syscall] L4_MapControl(sid=0x80000100, ctrl=0x80000000) via UTCB@0xdff00000 -> res=0x1
[L4_MapControl] space=0x80000100 control=0x80000000 modify count=1
  [ctl 0] whole-space op: va=0xb0d00000 phys=0x160000000 size=4294967296 rwx=0 -> address-space control (flush/perm), no RAM map
[Syscall] L4_MapControl(sid=0x80000100, ctrl=0x80000000) via UTCB@0xdff00000 -> res=0x1
[L4_MapControl] space=0x80000100 control=0x80000000 modify count=1
  [ctl 0] whole-space op: va=0xb0d00000 phys=0x160000000 size=4294967296 rwx=0 -> address-space control (flush/perm), no RAM map
[Syscall] L4_MapControl(sid=0x80000100, ctrl=0x80000000) via UTCB@0xdff00000 -> res=0x1
[L4_MapControl] space=0x80000100 control=0x80000000 modify count=1
  [ctl 0] whole-space op: va=0xb0d00000 phys=0x160000000 size=4294967296 rwx=0 -> address-space control (flush/perm), no RAM map
[Syscall] L4_MapControl(sid=0x80000100, ctrl=0x80000000) via UTCB@0xdff00000 -> res=0x1
[L4_MapControl] space=0x80000100 control=0x80000000 modify count=1
  [ctl 0] whole-space op: va=0xb0d00000 phys=0x160000000 size=4294967296 rwx=0 -> address-space control (flush/perm), no RAM map
[Syscall] L4_MapControl(sid=0x80000100, ctrl=0x80000000) via UTCB@0xdff00000 -> res=0x1
[L4_MapControl] space=0x80000100 control=0x80000000 modify count=1
  [ctl 0] whole-space op: va=0xb0d00000 phys=0x160000000 size=4294967296 rwx=0 -> address-space control (flush/perm), no RAM map
[Syscall] L4_MapControl(sid=0x80000100, ctrl=0x80000000) via UTCB@0xdff00000 -> res=0x1
  [Cycle 230] Core0(ARM11): pc=0xb000d6b8 insns=193287 (ok) | Core1(ARM9): pc=0xf0017890 insns=2310000 (ok)
[L4_MapControl] space=0x80000100 control=0x80000000 modify count=1
  [ctl 0] whole-space op: va=0xb0d00000 phys=0x160000000 size=4294967296 rwx=0 -> address-space control (flush/perm), no RAM map
[Syscall] L4_MapControl(sid=0x80000100, ctrl=0x80000000) via UTCB@0xdff00000 -> res=0x1
[L4_MapControl] space=0x80000100 control=0x80000000 modify count=1
  [ctl 0] whole-space op: va=0xb0d00000 phys=0x160000000 size=4294967296 rwx=0 -> address-space control (flush/perm), no RAM map
[Syscall] L4_MapControl(sid=0x80000100, ctrl=0x80000000) via UTCB@0xdff00000 -> res=0x1
[L4_MapControl] space=0x80000100 control=0x80000000 modify count=1
  [ctl 0] whole-space op: va=0xb0d00000 phys=0x160000000 size=4294967296 rwx=0 -> address-space control (flush/perm), no RAM map
[Syscall] L4_MapControl(sid=0x80000100, ctrl=0x80000000) via UTCB@0xdff00000 -> res=0x1
[L4_MapControl] space=0x80000100 control=0x80000000 modify count=1
  [ctl 0] whole-space op: va=0xb0d00000 phys=0x160000000 size=4294967296 rwx=0 -> address-space control (flush/perm), no RAM map
[Syscall] L4_MapControl(sid=0x80000100, ctrl=0x80000000) via UTCB@0xdff00000 -> res=0x1
[L4_MapControl] space=0x80000100 control=0x80000000 modify count=1
  [ctl 0] whole-space op: va=0xb0d00000 phys=0x160000000 size=4294967296 rwx=0 -> address-space control (flush/perm), no RAM map
[Syscall] L4_MapControl(sid=0x80000100, ctrl=0x80000000) via UTCB@0xdff00000 -> res=0x1
[L4_MapControl] space=0x80000100 control=0x80000000 modify count=1
  [ctl 0] whole-space op: va=0xb0d00000 phys=0x160000000 size=4294967296 rwx=0 -> address-space control (flush/perm), no RAM map
[Syscall] L4_MapControl(sid=0x80000100, ctrl=0x80000000) via UTCB@0xdff00000 -> res=0x1
[L4_MapControl] space=0x80000100 control=0x80000000 modify count=1
  [ctl 0] whole-space op: va=0xb0d00000 phys=0x160000000 size=4294967296 rwx=0 -> address-space control (flush/perm), no RAM map
[Syscall] L4_MapControl(sid=0x80000100, ctrl=0x80000000) via UTCB@0xdff00000 -> res=0x1
[L4_MapControl] space=0x80000100 control=0x80000000 modify count=1
  [ctl 0] whole-space op: va=0xb0d00000 phys=0x160000000 size=4294967296 rwx=0 -> address-space control (flush/perm), no RAM map
[Syscall] L4_MapControl(sid=0x80000100, ctrl=0x80000000) via UTCB@0xdff00000 -> res=0x1
[L4_MapControl] space=0x80000100 control=0x80000000 modify count=1
  [ctl 0] whole-space op: va=0xb0d00000 phys=0x160000000 size=4294967296 rwx=0 -> address-space control (flush/perm), no RAM map
[Syscall] L4_MapControl(sid=0x80000100, ctrl=0x80000000) via UTCB@0xdff00000 -> res=0x1
[L4_MapControl] space=0x80000100 control=0x80000000 modify count=1
  [ctl 0] whole-space op: va=0xb0d00000 phys=0x160000000 size=4294967296 rwx=0 -> address-space control (flush/perm), no RAM map
[Syscall] L4_MapControl(sid=0x80000100, ctrl=0x80000000) via UTCB@0xdff00000 -> res=0x1
  [Cycle 240] Core0(ARM11): pc=0xb000d6b8 insns=195947 (ok) | Core1(ARM9): pc=0xf0017890 insns=2410000 (ok)
[L4_MapControl] space=0x80000100 control=0x80000000 modify count=1
  [ctl 0] whole-space op: va=0xb0d00000 phys=0x160000000 size=4294967296 rwx=0 -> address-space control (flush/perm), no RAM map
[Syscall] L4_MapControl(sid=0x80000100, ctrl=0x80000000) via UTCB@0xdff00000 -> res=0x1
[L4_MapControl] space=0x80000100 control=0x80000000 modify count=1
  [ctl 0] whole-space op: va=0xb0d00000 phys=0x160000000 size=4294967296 rwx=0 -> address-space control (flush/perm), no RAM map
[Syscall] L4_MapControl(sid=0x80000100, ctrl=0x80000000) via UTCB@0xdff00000 -> res=0x1
[L4_MapControl] space=0x80000100 control=0x80000000 modify count=1
  [ctl 0] whole-space op: va=0xb0d00000 phys=0x160000000 size=4294967296 rwx=0 -> address-space control (flush/perm), no RAM map
[Syscall] L4_MapControl(sid=0x80000100, ctrl=0x80000000) via UTCB@0xdff00000 -> res=0x1
[L4_MapControl] space=0x80000100 control=0x80000000 modify count=1
  [ctl 0] whole-space op: va=0xb0d00000 phys=0x160000000 size=4294967296 rwx=0 -> address-space control (flush/perm), no RAM map
[Syscall] L4_MapControl(sid=0x80000100, ctrl=0x80000000) via UTCB@0xdff00000 -> res=0x1
[L4_MapControl] space=0x80000100 control=0x80000000 modify count=1
  [ctl 0] whole-space op: va=0xb0d00000 phys=0x160000000 size=4294967296 rwx=0 -> address-space control (flush/perm), no RAM map
[Syscall] L4_MapControl(sid=0x80000100, ctrl=0x80000000) via UTCB@0xdff00000 -> res=0x1
[L4_MapControl] space=0x80000100 control=0x80000000 modify count=1
  [ctl 0] whole-space op: va=0xb0d00000 phys=0x160000000 size=4294967296 rwx=0 -> address-space control (flush/perm), no RAM map
[Syscall] L4_MapControl(sid=0x80000100, ctrl=0x80000000) via UTCB@0xdff00000 -> res=0x1
[L4_MapControl] space=0x80000100 control=0x80000000 modify count=1
  [ctl 0] whole-space op: va=0xb0d00000 phys=0x160000000 size=4294967296 rwx=0 -> address-space control (flush/perm), no RAM map
[Syscall] L4_MapControl(sid=0x80000100, ctrl=0x80000000) via UTCB@0xdff00000 -> res=0x1
[L4_MapControl] space=0x80000100 control=0x80000000 modify count=1
  [ctl 0] whole-space op: va=0xb0d00000 phys=0x160000000 size=4294967296 rwx=0 -> address-space control (flush/perm), no RAM map
[Syscall] L4_MapControl(sid=0x80000100, ctrl=0x80000000) via UTCB@0xdff00000 -> res=0x1
[L4_MapControl] space=0x80000100 control=0x80000000 modify count=1
  [ctl 0] whole-space op: va=0xb0d00000 phys=0x160000000 size=4294967296 rwx=0 -> address-space control (flush/perm), no RAM map
[Syscall] L4_MapControl(sid=0x80000100, ctrl=0x80000000) via UTCB@0xdff00000 -> res=0x1
[L4_MapControl] space=0x80000100 control=0x80000000 modify count=1
  [ctl 0] whole-space op: va=0xb0d00000 phys=0x160000000 size=4294967296 rwx=0 -> address-space control (flush/perm), no RAM map
[Syscall] L4_MapControl(sid=0x80000100, ctrl=0x80000000) via UTCB@0xdff00000 -> res=0x1
  [Cycle 250] Core0(ARM11): pc=0xb000d6b8 insns=198607 (ok) | Core1(ARM9): pc=0xf0017890 insns=2510000 (ok)
[L4_MapControl] space=0x80000100 control=0x80000000 modify count=1
  [ctl 0] whole-space op: va=0xb0d00000 phys=0x160000000 size=4294967296 rwx=0 -> address-space control (flush/perm), no RAM map
[Syscall] L4_MapControl(sid=0x80000100, ctrl=0x80000000) via UTCB@0xdff00000 -> res=0x1
[L4_MapControl] space=0x80000100 control=0x80000000 modify count=1
  [ctl 0] whole-space op: va=0xb0d00000 phys=0x160000000 size=4294967296 rwx=0 -> address-space control (flush/perm), no RAM map
[Syscall] L4_MapControl(sid=0x80000100, ctrl=0x80000000) via UTCB@0xdff00000 -> res=0x1
[L4_MapControl] space=0x80000100 control=0x80000000 modify count=1
  [ctl 0] whole-space op: va=0xb0d00000 phys=0x160000000 size=4294967296 rwx=0 -> address-space control (flush/perm), no RAM map
[Syscall] L4_MapControl(sid=0x80000100, ctrl=0x80000000) via UTCB@0xdff00000 -> res=0x1
[L4_MapControl] space=0x80000100 control=0x80000000 modify count=1
  [ctl 0] whole-space op: va=0xb0d00000 phys=0x160000000 size=4294967296 rwx=0 -> address-space control (flush/perm), no RAM map
[Syscall] L4_MapControl(sid=0x80000100, ctrl=0x80000000) via UTCB@0xdff00000 -> res=0x1
[L4_MapControl] space=0x80000100 control=0x80000000 modify count=1
  [ctl 0] whole-space op: va=0xb0d00000 phys=0x160000000 size=4294967296 rwx=0 -> address-space control (flush/perm), no RAM map
[Syscall] L4_MapControl(sid=0x80000100, ctrl=0x80000000) via UTCB@0xdff00000 -> res=0x1
[L4_MapControl] space=0x80000100 control=0x80000000 modify count=1
  [ctl 0] whole-space op: va=0xb0d00000 phys=0x160000000 size=4294967296 rwx=0 -> address-space control (flush/perm), no RAM map
[Syscall] L4_MapControl(sid=0x80000100, ctrl=0x80000000) via UTCB@0xdff00000 -> res=0x1
[L4_MapControl] space=0x80000100 control=0x80000000 modify count=1
  [ctl 0] whole-space op: va=0xb0d00000 phys=0x160000000 size=4294967296 rwx=0 -> address-space control (flush/perm), no RAM map
[Syscall] L4_MapControl(sid=0x80000100, ctrl=0x80000000) via UTCB@0xdff00000 -> res=0x1
[L4_MapControl] space=0x80000100 control=0x80000000 modify count=1
  [ctl 0] whole-space op: va=0xb0d00000 phys=0x160000000 size=4294967296 rwx=0 -> address-space control (flush/perm), no RAM map
[Syscall] L4_MapControl(sid=0x80000100, ctrl=0x80000000) via UTCB@0xdff00000 -> res=0x1
[L4_MapControl] space=0x80000100 control=0x80000000 modify count=1
  [ctl 0] whole-space op: va=0xb0d00000 phys=0x160000000 size=4294967296 rwx=0 -> address-space control (flush/perm), no RAM map
[Syscall] L4_MapControl(sid=0x80000100, ctrl=0x80000000) via UTCB@0xdff00000 -> res=0x1
[L4_MapControl] space=0x80000100 control=0x80000000 modify count=1
  [ctl 0] whole-space op: va=0xb0d00000 phys=0x160000000 size=4294967296 rwx=0 -> address-space control (flush/perm), no RAM map
[Syscall] L4_MapControl(sid=0x80000100, ctrl=0x80000000) via UTCB@0xdff00000 -> res=0x1
  [Cycle 260] Core0(ARM11): pc=0xb000d6b8 insns=201267 (ok) | Core1(ARM9): pc=0xf0017890 insns=2610000 (ok)
[L4_MapControl] space=0x80000100 control=0x80000000 modify count=1
  [ctl 0] whole-space op: va=0xb0d00000 phys=0x160000000 size=4294967296 rwx=0 -> address-space control (flush/perm), no RAM map
[Syscall] L4_MapControl(sid=0x80000100, ctrl=0x80000000) via UTCB@0xdff00000 -> res=0x1
[L4_MapControl] space=0x80000100 control=0x80000000 modify count=1
  [ctl 0] whole-space op: va=0xb0d00000 phys=0x160000000 size=4294967296 rwx=0 -> address-space control (flush/perm), no RAM map
[Syscall] L4_MapControl(sid=0x80000100, ctrl=0x80000000) via UTCB@0xdff00000 -> res=0x1
[L4_MapControl] space=0x80000100 control=0x80000000 modify count=1
  [ctl 0] whole-space op: va=0xb0d00000 phys=0x160000000 size=4294967296 rwx=0 -> address-space control (flush/perm), no RAM map
[Syscall] L4_MapControl(sid=0x80000100, ctrl=0x80000000) via UTCB@0xdff00000 -> res=0x1
[L4_MapControl] space=0x80000100 control=0x80000000 modify count=1
  [ctl 0] whole-space op: va=0xb0d00000 phys=0x160000000 size=4294967296 rwx=0 -> address-space control (flush/perm), no RAM map
[Syscall] L4_MapControl(sid=0x80000100, ctrl=0x80000000) via UTCB@0xdff00000 -> res=0x1
[L4_MapControl] space=0x80000100 control=0x80000000 modify count=1
  [ctl 0] whole-space op: va=0xb0d00000 phys=0x160000000 size=4294967296 rwx=0 -> address-space control (flush/perm), no RAM map
[Syscall] L4_MapControl(sid=0x80000100, ctrl=0x80000000) via UTCB@0xdff00000 -> res=0x1
[L4_MapControl] space=0x80000100 control=0x80000000 modify count=1
  [ctl 0] whole-space op: va=0xb0d00000 phys=0x160000000 size=4294967296 rwx=0 -> address-space control (flush/perm), no RAM map
[Syscall] L4_MapControl(sid=0x80000100, ctrl=0x80000000) via UTCB@0xdff00000 -> res=0x1
[L4_MapControl] space=0x80000100 control=0x80000000 modify count=1
  [ctl 0] whole-space op: va=0xb0d00000 phys=0x160000000 size=4294967296 rwx=0 -> address-space control (flush/perm), no RAM map
[Syscall] L4_MapControl(sid=0x80000100, ctrl=0x80000000) via UTCB@0xdff00000 -> res=0x1
[L4_MapControl] space=0x80000100 control=0x80000000 modify count=1
  [ctl 0] whole-space op: va=0xb0d00000 phys=0x160000000 size=4294967296 rwx=0 -> address-space control (flush/perm), no RAM map
[Syscall] L4_MapControl(sid=0x80000100, ctrl=0x80000000) via UTCB@0xdff00000 -> res=0x1
[L4_MapControl] space=0x80000100 control=0x80000000 modify count=1
  [ctl 0] whole-space op: va=0xb0d00000 phys=0x160000000 size=4294967296 rwx=0 -> address-space control (flush/perm), no RAM map
[Syscall] L4_MapControl(sid=0x80000100, ctrl=0x80000000) via UTCB@0xdff00000 -> res=0x1
[L4_MapControl] space=0x80000100 control=0x80000000 modify count=1
  [ctl 0] whole-space op: va=0xb0d00000 phys=0x160000000 size=4294967296 rwx=0 -> address-space control (flush/perm), no RAM map
[Syscall] L4_MapControl(sid=0x80000100, ctrl=0x80000000) via UTCB@0xdff00000 -> res=0x1
  [Cycle 270] Core0(ARM11): pc=0xb000d6b8 insns=203927 (ok) | Core1(ARM9): pc=0xf0017890 insns=2710000 (ok)
[L4_MapControl] space=0x80000100 control=0x80000000 modify count=1
  [ctl 0] whole-space op: va=0xb0d00000 phys=0x160000000 size=4294967296 rwx=0 -> address-space control (flush/perm), no RAM map
[Syscall] L4_MapControl(sid=0x80000100, ctrl=0x80000000) via UTCB@0xdff00000 -> res=0x1
[L4_MapControl] space=0x80000100 control=0x80000000 modify count=1
  [ctl 0] whole-space op: va=0xb0d00000 phys=0x160000000 size=4294967296 rwx=0 -> address-space control (flush/perm), no RAM map
[Syscall] L4_MapControl(sid=0x80000100, ctrl=0x80000000) via UTCB@0xdff00000 -> res=0x1
[L4_MapControl] space=0x80000100 control=0x80000000 modify count=1
  [ctl 0] whole-space op: va=0xb0d00000 phys=0x160000000 size=4294967296 rwx=0 -> address-space control (flush/perm), no RAM map
[Syscall] L4_MapControl(sid=0x80000100, ctrl=0x80000000) via UTCB@0xdff00000 -> res=0x1
[L4_MapControl] space=0x80000100 control=0x80000000 modify count=1
  [ctl 0] whole-space op: va=0xb0d00000 phys=0x160000000 size=4294967296 rwx=0 -> address-space control (flush/perm), no RAM map
[Syscall] L4_MapControl(sid=0x80000100, ctrl=0x80000000) via UTCB@0xdff00000 -> res=0x1
[L4_MapControl] space=0x80000100 control=0x80000000 modify count=1
  [ctl 0] whole-space op: va=0xb0d00000 phys=0x160000000 size=4294967296 rwx=0 -> address-space control (flush/perm), no RAM map
[Syscall] L4_MapControl(sid=0x80000100, ctrl=0x80000000) via UTCB@0xdff00000 -> res=0x1
[L4_MapControl] space=0x80000100 control=0x80000000 modify count=1
  [ctl 0] whole-space op: va=0xb0d00000 phys=0x160000000 size=4294967296 rwx=0 -> address-space control (flush/perm), no RAM map
[Syscall] L4_MapControl(sid=0x80000100, ctrl=0x80000000) via UTCB@0xdff00000 -> res=0x1
[L4_MapControl] space=0x80000100 control=0x80000000 modify count=1
  [ctl 0] whole-space op: va=0xb0d00000 phys=0x160000000 size=4294967296 rwx=0 -> address-space control (flush/perm), no RAM map
[Syscall] L4_MapControl(sid=0x80000100, ctrl=0x80000000) via UTCB@0xdff00000 -> res=0x1
[L4_MapControl] space=0x80000100 control=0x80000000 modify count=1
  [ctl 0] whole-space op: va=0xb0d00000 phys=0x160000000 size=4294967296 rwx=0 -> address-space control (flush/perm), no RAM map
[Syscall] L4_MapControl(sid=0x80000100, ctrl=0x80000000) via UTCB@0xdff00000 -> res=0x1
[L4_MapControl] space=0x80000100 control=0x80000000 modify count=1
  [ctl 0] whole-space op: va=0xb0d00000 phys=0x160000000 size=4294967296 rwx=0 -> address-space control (flush/perm), no RAM map
[Syscall] L4_MapControl(sid=0x80000100, ctrl=0x80000000) via UTCB@0xdff00000 -> res=0x1
[L4_MapControl] space=0x80000100 control=0x80000000 modify count=1
  [ctl 0] whole-space op: va=0xb0d00000 phys=0x160000000 size=4294967296 rwx=0 -> address-space control (flush/perm), no RAM map
[Syscall] L4_MapControl(sid=0x80000100, ctrl=0x80000000) via UTCB@0xdff00000 -> res=0x1
  [Cycle 280] Core0(ARM11): pc=0xb000d6b8 insns=206587 (ok) | Core1(ARM9): pc=0xf0017890 insns=2810000 (ok)
[L4_MapControl] space=0x80000100 control=0x80000000 modify count=1
  [ctl 0] whole-space op: va=0xb0d00000 phys=0x160000000 size=4294967296 rwx=0 -> address-space control (flush/perm), no RAM map
[Syscall] L4_MapControl(sid=0x80000100, ctrl=0x80000000) via UTCB@0xdff00000 -> res=0x1
[L4_MapControl] space=0x80000100 control=0x80000000 modify count=1
  [ctl 0] whole-space op: va=0xb0d00000 phys=0x160000000 size=4294967296 rwx=0 -> address-space control (flush/perm), no RAM map
[Syscall] L4_MapControl(sid=0x80000100, ctrl=0x80000000) via UTCB@0xdff00000 -> res=0x1
[L4_MapControl] space=0x80000100 control=0x80000000 modify count=1
  [ctl 0] whole-space op: va=0xb0d00000 phys=0x160000000 size=4294967296 rwx=0 -> address-space control (flush/perm), no RAM map
[Syscall] L4_MapControl(sid=0x80000100, ctrl=0x80000000) via UTCB@0xdff00000 -> res=0x1
[L4_MapControl] space=0x80000100 control=0x80000000 modify count=1
  [ctl 0] whole-space op: va=0xb0d00000 phys=0x160000000 size=4294967296 rwx=0 -> address-space control (flush/perm), no RAM map
[Syscall] L4_MapControl(sid=0x80000100, ctrl=0x80000000) via UTCB@0xdff00000 -> res=0x1
[L4_MapControl] space=0x80000100 control=0x80000000 modify count=1
  [ctl 0] whole-space op: va=0xb0d00000 phys=0x160000000 size=4294967296 rwx=0 -> address-space control (flush/perm), no RAM map
[Syscall] L4_MapControl(sid=0x80000100, ctrl=0x80000000) via UTCB@0xdff00000 -> res=0x1
[L4_MapControl] space=0x80000100 control=0x80000000 modify count=1
  [ctl 0] whole-space op: va=0xb0d00000 phys=0x160000000 size=4294967296 rwx=0 -> address-space control (flush/perm), no RAM map
[Syscall] L4_MapControl(sid=0x80000100, ctrl=0x80000000) via UTCB@0xdff00000 -> res=0x1
[L4_MapControl] space=0x80000100 control=0x80000000 modify count=1
  [ctl 0] whole-space op: va=0xb0d00000 phys=0x160000000 size=4294967296 rwx=0 -> address-space control (flush/perm), no RAM map
[Syscall] L4_MapControl(sid=0x80000100, ctrl=0x80000000) via UTCB@0xdff00000 -> res=0x1
[L4_MapControl] space=0x80000100 control=0x80000000 modify count=1
  [ctl 0] whole-space op: va=0xb0d00000 phys=0x160000000 size=4294967296 rwx=0 -> address-space control (flush/perm), no RAM map
[Syscall] L4_MapControl(sid=0x80000100, ctrl=0x80000000) via UTCB@0xdff00000 -> res=0x1
[L4_MapControl] space=0x80000100 control=0x80000000 modify count=1
  [ctl 0] whole-space op: va=0xb0d00000 phys=0x160000000 size=4294967296 rwx=0 -> address-space control (flush/perm), no RAM map
[Syscall] L4_MapControl(sid=0x80000100, ctrl=0x80000000) via UTCB@0xdff00000 -> res=0x1
[L4_MapControl] space=0x80000100 control=0x80000000 modify count=1
  [ctl 0] whole-space op: va=0xb0d00000 phys=0x160000000 size=4294967296 rwx=0 -> address-space control (flush/perm), no RAM map
[Syscall] L4_MapControl(sid=0x80000100, ctrl=0x80000000) via UTCB@0xdff00000 -> res=0x1
  [Cycle 290] Core0(ARM11): pc=0xb000d6b8 insns=209247 (ok) | Core1(ARM9): pc=0xf0017890 insns=2910000 (ok)
[L4_MapControl] space=0x80000100 control=0x80000000 modify count=1
  [ctl 0] whole-space op: va=0xb0d00000 phys=0x160000000 size=4294967296 rwx=0 -> address-space control (flush/perm), no RAM map
[Syscall] L4_MapControl(sid=0x80000100, ctrl=0x80000000) via UTCB@0xdff00000 -> res=0x1
[L4_MapControl] space=0x80000100 control=0x80000000 modify count=1
  [ctl 0] whole-space op: va=0xb0d00000 phys=0x160000000 size=4294967296 rwx=0 -> address-space control (flush/perm), no RAM map
[Syscall] L4_MapControl(sid=0x80000100, ctrl=0x80000000) via UTCB@0xdff00000 -> res=0x1
[L4_MapControl] space=0x80000100 control=0x80000000 modify count=1
  [ctl 0] whole-space op: va=0xb0d00000 phys=0x160000000 size=4294967296 rwx=0 -> address-space control (flush/perm), no RAM map
[Syscall] L4_MapControl(sid=0x80000100, ctrl=0x80000000) via UTCB@0xdff00000 -> res=0x1
[L4_MapControl] space=0x80000100 control=0x80000000 modify count=1
  [ctl 0] whole-space op: va=0xb0d00000 phys=0x160000000 size=4294967296 rwx=0 -> address-space control (flush/perm), no RAM map
[Syscall] L4_MapControl(sid=0x80000100, ctrl=0x80000000) via UTCB@0xdff00000 -> res=0x1
[L4_MapControl] space=0x80000100 control=0x80000000 modify count=1
  [ctl 0] whole-space op: va=0xb0d00000 phys=0x160000000 size=4294967296 rwx=0 -> address-space control (flush/perm), no RAM map
[Syscall] L4_MapControl(sid=0x80000100, ctrl=0x80000000) via UTCB@0xdff00000 -> res=0x1
[L4_MapControl] space=0x80000100 control=0x80000000 modify count=1
  [ctl 0] whole-space op: va=0xb0d00000 phys=0x160000000 size=4294967296 rwx=0 -> address-space control (flush/perm), no RAM map
[Syscall] L4_MapControl(sid=0x80000100, ctrl=0x80000000) via UTCB@0xdff00000 -> res=0x1
[L4_MapControl] space=0x80000100 control=0x80000000 modify count=1
  [ctl 0] whole-space op: va=0xb0d00000 phys=0x160000000 size=4294967296 rwx=0 -> address-space control (flush/perm), no RAM map
[Syscall] L4_MapControl(sid=0x80000100, ctrl=0x80000000) via UTCB@0xdff00000 -> res=0x1
[L4_MapControl] space=0x80000100 control=0x80000000 modify count=1
  [ctl 0] whole-space op: va=0xb0d00000 phys=0x160000000 size=4294967296 rwx=0 -> address-space control (flush/perm), no RAM map
[Syscall] L4_MapControl(sid=0x80000100, ctrl=0x80000000) via UTCB@0xdff00000 -> res=0x1
[L4_MapControl] space=0x80000100 control=0x80000000 modify count=1
  [ctl 0] whole-space op: va=0xb0d00000 phys=0x160000000 size=4294967296 rwx=0 -> address-space control (flush/perm), no RAM map
[Syscall] L4_MapControl(sid=0x80000100, ctrl=0x80000000) via UTCB@0xdff00000 -> res=0x1
[L4_MapControl] space=0x80000100 control=0x80000000 modify count=1
  [ctl 0] whole-space op: va=0xb0d00000 phys=0x160000000 size=4294967296 rwx=0 -> address-space control (flush/perm), no RAM map
[Syscall] L4_MapControl(sid=0x80000100, ctrl=0x80000000) via UTCB@0xdff00000 -> res=0x1
  [Cycle 300] Core0(ARM11): pc=0xb000d6b8 insns=211907 (ok) | Core1(ARM9): pc=0xf0017890 insns=3010000 (ok)
[L4_MapControl] space=0x80000100 control=0x80000000 modify count=1
  [ctl 0] whole-space op: va=0xb0d00000 phys=0x160000000 size=4294967296 rwx=0 -> address-space control (flush/perm), no RAM map
[Syscall] L4_MapControl(sid=0x80000100, ctrl=0x80000000) via UTCB@0xdff00000 -> res=0x1
[L4_MapControl] space=0x80000100 control=0x80000000 modify count=1
  [ctl 0] whole-space op: va=0xb0d00000 phys=0x160000000 size=4294967296 rwx=0 -> address-space control (flush/perm), no RAM map
[Syscall] L4_MapControl(sid=0x80000100, ctrl=0x80000000) via UTCB@0xdff00000 -> res=0x1
[L4_MapControl] space=0x80000100 control=0x80000000 modify count=1
  [ctl 0] whole-space op: va=0xb0d00000 phys=0x160000000 size=4294967296 rwx=0 -> address-space control (flush/perm), no RAM map
[Syscall] L4_MapControl(sid=0x80000100, ctrl=0x80000000) via UTCB@0xdff00000 -> res=0x1
[L4_MapControl] space=0x80000100 control=0x80000000 modify count=1
  [ctl 0] whole-space op: va=0xb0d00000 phys=0x160000000 size=4294967296 rwx=0 -> address-space control (flush/perm), no RAM map
[Syscall] L4_MapControl(sid=0x80000100, ctrl=0x80000000) via UTCB@0xdff00000 -> res=0x1
[L4_MapControl] space=0x80000100 control=0x80000000 modify count=1
  [ctl 0] whole-space op: va=0xb0d00000 phys=0x160000000 size=4294967296 rwx=0 -> address-space control (flush/perm), no RAM map
[Syscall] L4_MapControl(sid=0x80000100, ctrl=0x80000000) via UTCB@0xdff00000 -> res=0x1
[L4_MapControl] space=0x80000100 control=0x80000000 modify count=1
  [ctl 0] whole-space op: va=0xb0d00000 phys=0x160000000 size=4294967296 rwx=0 -> address-space control (flush/perm), no RAM map
[Syscall] L4_MapControl(sid=0x80000100, ctrl=0x80000000) via UTCB@0xdff00000 -> res=0x1
[L4_MapControl] space=0x80000100 control=0x80000000 modify count=1
  [ctl 0] whole-space op: va=0xb0d00000 phys=0x160000000 size=4294967296 rwx=0 -> address-space control (flush/perm), no RAM map
[Syscall] L4_MapControl(sid=0x80000100, ctrl=0x80000000) via UTCB@0xdff00000 -> res=0x1
[L4_MapControl] space=0x80000100 control=0x80000000 modify count=1
  [ctl 0] whole-space op: va=0xb0d00000 phys=0x160000000 size=4294967296 rwx=0 -> address-space control (flush/perm), no RAM map
[Syscall] L4_MapControl(sid=0x80000100, ctrl=0x80000000) via UTCB@0xdff00000 -> res=0x1
[L4_MapControl] space=0x80000100 control=0x80000000 modify count=1
  [ctl 0] whole-space op: va=0xb0d00000 phys=0x160000000 size=4294967296 rwx=0 -> address-space control (flush/perm), no RAM map
[Syscall] L4_MapControl(sid=0x80000100, ctrl=0x80000000) via UTCB@0xdff00000 -> res=0x1
[L4_MapControl] space=0x80000100 control=0x80000000 modify count=1
  [ctl 0] whole-space op: va=0xb0d00000 phys=0x160000000 size=4294967296 rwx=0 -> address-space control (flush/perm), no RAM map
[Syscall] L4_MapControl(sid=0x80000100, ctrl=0x80000000) via UTCB@0xdff00000 -> res=0x1
  [Cycle 310] Core0(ARM11): pc=0xb000d6b8 insns=214567 (ok) | Core1(ARM9): pc=0xf0017890 insns=3110000 (ok)
[L4_MapControl] space=0x80000100 control=0x80000000 modify count=1
  [ctl 0] whole-space op: va=0xb0d00000 phys=0x160000000 size=4294967296 rwx=0 -> address-space control (flush/perm), no RAM map
[Syscall] L4_MapControl(sid=0x80000100, ctrl=0x80000000) via UTCB@0xdff00000 -> res=0x1
[L4_MapControl] space=0x80000100 control=0x80000000 modify count=1
  [ctl 0] whole-space op: va=0xb0d00000 phys=0x160000000 size=4294967296 rwx=0 -> address-space control (flush/perm), no RAM map
[Syscall] L4_MapControl(sid=0x80000100, ctrl=0x80000000) via UTCB@0xdff00000 -> res=0x1
[L4_MapControl] space=0x80000100 control=0x80000000 modify count=1
  [ctl 0] whole-space op: va=0xb0d00000 phys=0x160000000 size=4294967296 rwx=0 -> address-space control (flush/perm), no RAM map
[Syscall] L4_MapControl(sid=0x80000100, ctrl=0x80000000) via UTCB@0xdff00000 -> res=0x1
[L4_MapControl] space=0x80000100 control=0x80000000 modify count=1
  [ctl 0] whole-space op: va=0xb0d00000 phys=0x160000000 size=4294967296 rwx=0 -> address-space control (flush/perm), no RAM map
[Syscall] L4_MapControl(sid=0x80000100, ctrl=0x80000000) via UTCB@0xdff00000 -> res=0x1
[L4_MapControl] space=0x80000100 control=0x80000000 modify count=1
  [ctl 0] whole-space op: va=0xb0d00000 phys=0x160000000 size=4294967296 rwx=0 -> address-space control (flush/perm), no RAM map
[Syscall] L4_MapControl(sid=0x80000100, ctrl=0x80000000) via UTCB@0xdff00000 -> res=0x1
[L4_MapControl] space=0x80000100 control=0x80000000 modify count=1
  [ctl 0] whole-space op: va=0xb0d00000 phys=0x160000000 size=4294967296 rwx=0 -> address-space control (flush/perm), no RAM map
[Syscall] L4_MapControl(sid=0x80000100, ctrl=0x80000000) via UTCB@0xdff00000 -> res=0x1
[L4_MapControl] space=0x80000100 control=0x80000000 modify count=1
  [ctl 0] whole-space op: va=0xb0d00000 phys=0x160000000 size=4294967296 rwx=0 -> address-space control (flush/perm), no RAM map
[Syscall] L4_MapControl(sid=0x80000100, ctrl=0x80000000) via UTCB@0xdff00000 -> res=0x1
[L4_MapControl] space=0x80000100 control=0x80000000 modify count=1
  [ctl 0] whole-space op: va=0xb0d00000 phys=0x160000000 size=4294967296 rwx=0 -> address-space control (flush/perm), no RAM map
[Syscall] L4_MapControl(sid=0x80000100, ctrl=0x80000000) via UTCB@0xdff00000 -> res=0x1
[L4_MapControl] space=0x80000100 control=0x80000000 modify count=1
  [ctl 0] whole-space op: va=0xb0d00000 phys=0x160000000 size=4294967296 rwx=0 -> address-space control (flush/perm), no RAM map
[Syscall] L4_MapControl(sid=0x80000100, ctrl=0x80000000) via UTCB@0xdff00000 -> res=0x1
[L4_MapControl] space=0x80000100 control=0x80000000 modify count=1
  [ctl 0] whole-space op: va=0xb0d00000 phys=0x160000000 size=4294967296 rwx=0 -> address-space control (flush/perm), no RAM map
[Syscall] L4_MapControl(sid=0x80000100, ctrl=0x80000000) via UTCB@0xdff00000 -> res=0x1
  [Cycle 320] Core0(ARM11): pc=0xb000d6b8 insns=217227 (ok) | Core1(ARM9): pc=0xf0017890 insns=3210000 (ok)
[L4_MapControl] space=0x80000100 control=0x80000000 modify count=1
  [ctl 0] whole-space op: va=0xb0d00000 phys=0x160000000 size=4294967296 rwx=0 -> address-space control (flush/perm), no RAM map
[Syscall] L4_MapControl(sid=0x80000100, ctrl=0x80000000) via UTCB@0xdff00000 -> res=0x1
[L4_MapControl] space=0x80000100 control=0x80000000 modify count=1
  [ctl 0] whole-space op: va=0xb0d00000 phys=0x160000000 size=4294967296 rwx=0 -> address-space control (flush/perm), no RAM map
[Syscall] L4_MapControl(sid=0x80000100, ctrl=0x80000000) via UTCB@0xdff00000 -> res=0x1
[L4_MapControl] space=0x80000100 control=0x80000000 modify count=1
  [ctl 0] whole-space op: va=0xb0d00000 phys=0x160000000 size=4294967296 rwx=0 -> address-space control (flush/perm), no RAM map
[Syscall] L4_MapControl(sid=0x80000100, ctrl=0x80000000) via UTCB@0xdff00000 -> res=0x1
[L4_MapControl] space=0x80000100 control=0x80000000 modify count=1
  [ctl 0] whole-space op: va=0xb0d00000 phys=0x160000000 size=4294967296 rwx=0 -> address-space control (flush/perm), no RAM map
[Syscall] L4_MapControl(sid=0x80000100, ctrl=0x80000000) via UTCB@0xdff00000 -> res=0x1
[L4_MapControl] space=0x80000100 control=0x80000000 modify count=1
  [ctl 0] whole-space op: va=0xb0d00000 phys=0x160000000 size=4294967296 rwx=0 -> address-space control (flush/perm), no RAM map
[Syscall] L4_MapControl(sid=0x80000100, ctrl=0x80000000) via UTCB@0xdff00000 -> res=0x1
[L4_MapControl] space=0x80000100 control=0x80000000 modify count=1
  [ctl 0] whole-space op: va=0xb0d00000 phys=0x160000000 size=4294967296 rwx=0 -> address-space control (flush/perm), no RAM map
[Syscall] L4_MapControl(sid=0x80000100, ctrl=0x80000000) via UTCB@0xdff00000 -> res=0x1
[L4_MapControl] space=0x80000100 control=0x80000000 modify count=1
  [ctl 0] whole-space op: va=0xb0d00000 phys=0x160000000 size=4294967296 rwx=0 -> address-space control (flush/perm), no RAM map
[Syscall] L4_MapControl(sid=0x80000100, ctrl=0x80000000) via UTCB@0xdff00000 -> res=0x1
[L4_MapControl] space=0x80000100 control=0x80000000 modify count=1
  [ctl 0] whole-space op: va=0xb0d00000 phys=0x160000000 size=4294967296 rwx=0 -> address-space control (flush/perm), no RAM map
[Syscall] L4_MapControl(sid=0x80000100, ctrl=0x80000000) via UTCB@0xdff00000 -> res=0x1
[L4_MapControl] space=0x80000100 control=0x80000000 modify count=1
  [ctl 0] whole-space op: va=0xb0d00000 phys=0x160000000 size=4294967296 rwx=0 -> address-space control (flush/perm), no RAM map
[Syscall] L4_MapControl(sid=0x80000100, ctrl=0x80000000) via UTCB@0xdff00000 -> res=0x1
[L4_MapControl] space=0x80000100 control=0x80000000 modify count=1
  [ctl 0] whole-space op: va=0xb0d00000 phys=0x160000000 size=4294967296 rwx=0 -> address-space control (flush/perm), no RAM map
[Syscall] L4_MapControl(sid=0x80000100, ctrl=0x80000000) via UTCB@0xdff00000 -> res=0x1
  [Cycle 330] Core0(ARM11): pc=0xb000d6b8 insns=219887 (ok) | Core1(ARM9): pc=0xf0017890 insns=3310000 (ok)
[L4_MapControl] space=0x80000100 control=0x80000000 modify count=1
  [ctl 0] whole-space op: va=0xb0d00000 phys=0x160000000 size=4294967296 rwx=0 -> address-space control (flush/perm), no RAM map
[Syscall] L4_MapControl(sid=0x80000100, ctrl=0x80000000) via UTCB@0xdff00000 -> res=0x1
[L4_MapControl] space=0x80000100 control=0x80000000 modify count=1
  [ctl 0] whole-space op: va=0xb0d00000 phys=0x160000000 size=4294967296 rwx=0 -> address-space control (flush/perm), no RAM map
[Syscall] L4_MapControl(sid=0x80000100, ctrl=0x80000000) via UTCB@0xdff00000 -> res=0x1
[L4_MapControl] space=0x80000100 control=0x80000000 modify count=1
  [ctl 0] whole-space op: va=0xb0d00000 phys=0x160000000 size=4294967296 rwx=0 -> address-space control (flush/perm), no RAM map
[Syscall] L4_MapControl(sid=0x80000100, ctrl=0x80000000) via UTCB@0xdff00000 -> res=0x1
[L4_MapControl] space=0x80000100 control=0x80000000 modify count=1
  [ctl 0] whole-space op: va=0xb0d00000 phys=0x160000000 size=4294967296 rwx=0 -> address-space control (flush/perm), no RAM map
[Syscall] L4_MapControl(sid=0x80000100, ctrl=0x80000000) via UTCB@0xdff00000 -> res=0x1
[L4_MapControl] space=0x80000100 control=0x80000000 modify count=1
  [ctl 0] whole-space op: va=0xb0d00000 phys=0x160000000 size=4294967296 rwx=0 -> address-space control (flush/perm), no RAM map
[Syscall] L4_MapControl(sid=0x80000100, ctrl=0x80000000) via UTCB@0xdff00000 -> res=0x1
[L4_MapControl] space=0x80000100 control=0x80000000 modify count=1
  [ctl 0] whole-space op: va=0xb0d00000 phys=0x160000000 size=4294967296 rwx=0 -> address-space control (flush/perm), no RAM map
[Syscall] L4_MapControl(sid=0x80000100, ctrl=0x80000000) via UTCB@0xdff00000 -> res=0x1
[L4_MapControl] space=0x80000100 control=0x80000000 modify count=1
  [ctl 0] whole-space op: va=0xb0d00000 phys=0x160000000 size=4294967296 rwx=0 -> address-space control (flush/perm), no RAM map
[Syscall] L4_MapControl(sid=0x80000100, ctrl=0x80000000) via UTCB@0xdff00000 -> res=0x1
[L4_MapControl] space=0x80000100 control=0x80000000 modify count=1
  [ctl 0] whole-space op: va=0xb0d00000 phys=0x160000000 size=4294967296 rwx=0 -> address-space control (flush/perm), no RAM map
[Syscall] L4_MapControl(sid=0x80000100, ctrl=0x80000000) via UTCB@0xdff00000 -> res=0x1
[L4_MapControl] space=0x80000100 control=0x80000000 modify count=1
  [ctl 0] whole-space op: va=0xb0d00000 phys=0x160000000 size=4294967296 rwx=0 -> address-space control (flush/perm), no RAM map
[Syscall] L4_MapControl(sid=0x80000100, ctrl=0x80000000) via UTCB@0xdff00000 -> res=0x1
[L4_MapControl] space=0x80000100 control=0x80000000 modify count=1
  [ctl 0] whole-space op: va=0xb0d00000 phys=0x160000000 size=4294967296 rwx=0 -> address-space control (flush/perm), no RAM map
[Syscall] L4_MapControl(sid=0x80000100, ctrl=0x80000000) via UTCB@0xdff00000 -> res=0x1
  [Cycle 340] Core0(ARM11): pc=0xb000d6b8 insns=222547 (ok) | Core1(ARM9): pc=0xf0017890 insns=3410000 (ok)
[L4_MapControl] space=0x80000100 control=0x80000000 modify count=1
  [ctl 0] whole-space op: va=0xb0d00000 phys=0x160000000 size=4294967296 rwx=0 -> address-space control (flush/perm), no RAM map
[Syscall] L4_MapControl(sid=0x80000100, ctrl=0x80000000) via UTCB@0xdff00000 -> res=0x1
[L4_MapControl] space=0x80000100 control=0x80000000 modify count=1
  [ctl 0] whole-space op: va=0xb0d00000 phys=0x160000000 size=4294967296 rwx=0 -> address-space control (flush/perm), no RAM map
[Syscall] L4_MapControl(sid=0x80000100, ctrl=0x80000000) via UTCB@0xdff00000 -> res=0x1
[L4_MapControl] space=0x80000100 control=0x80000000 modify count=1
  [ctl 0] whole-space op: va=0xb0d00000 phys=0x160000000 size=4294967296 rwx=0 -> address-space control (flush/perm), no RAM map
[Syscall] L4_MapControl(sid=0x80000100, ctrl=0x80000000) via UTCB@0xdff00000 -> res=0x1
[L4_MapControl] space=0x80000100 control=0x80000000 modify count=1
  [ctl 0] whole-space op: va=0xb0d00000 phys=0x160000000 size=4294967296 rwx=0 -> address-space control (flush/perm), no RAM map
[Syscall] L4_MapControl(sid=0x80000100, ctrl=0x80000000) via UTCB@0xdff00000 -> res=0x1
[L4_MapControl] space=0x80000100 control=0x80000000 modify count=1
  [ctl 0] whole-space op: va=0xb0d00000 phys=0x160000000 size=4294967296 rwx=0 -> address-space control (flush/perm), no RAM map
[Syscall] L4_MapControl(sid=0x80000100, ctrl=0x80000000) via UTCB@0xdff00000 -> res=0x1
[L4_MapControl] space=0x80000100 control=0x80000000 modify count=1
  [ctl 0] whole-space op: va=0xb0d00000 phys=0x160000000 size=4294967296 rwx=0 -> address-space control (flush/perm), no RAM map
[Syscall] L4_MapControl(sid=0x80000100, ctrl=0x80000000) via UTCB@0xdff00000 -> res=0x1
[L4_MapControl] space=0x80000100 control=0x80000000 modify count=1
  [ctl 0] whole-space op: va=0xb0d00000 phys=0x160000000 size=4294967296 rwx=0 -> address-space control (flush/perm), no RAM map
[Syscall] L4_MapControl(sid=0x80000100, ctrl=0x80000000) via UTCB@0xdff00000 -> res=0x1
[L4_MapControl] space=0x80000100 control=0x80000000 modify count=1
  [ctl 0] whole-space op: va=0xb0d00000 phys=0x160000000 size=4294967296 rwx=0 -> address-space control (flush/perm), no RAM map
[Syscall] L4_MapControl(sid=0x80000100, ctrl=0x80000000) via UTCB@0xdff00000 -> res=0x1
[L4_MapControl] space=0x80000100 control=0x80000000 modify count=1
  [ctl 0] whole-space op: va=0xb0d00000 phys=0x160000000 size=4294967296 rwx=0 -> address-space control (flush/perm), no RAM map
[Syscall] L4_MapControl(sid=0x80000100, ctrl=0x80000000) via UTCB@0xdff00000 -> res=0x1
[L4_MapControl] space=0x80000100 control=0x80000000 modify count=1
  [ctl 0] whole-space op: va=0xb0d00000 phys=0x160000000 size=4294967296 rwx=0 -> address-space control (flush/perm), no RAM map
[Syscall] L4_MapControl(sid=0x80000100, ctrl=0x80000000) via UTCB@0xdff00000 -> res=0x1
  [Cycle 350] Core0(ARM11): pc=0xb000d6b8 insns=225207 (ok) | Core1(ARM9): pc=0xf0017890 insns=3510000 (ok)
[L4_MapControl] space=0x80000100 control=0x80000000 modify count=1
  [ctl 0] whole-space op: va=0xb0d00000 phys=0x160000000 size=4294967296 rwx=0 -> address-space control (flush/perm), no RAM map
[Syscall] L4_MapControl(sid=0x80000100, ctrl=0x80000000) via UTCB@0xdff00000 -> res=0x1
[L4_MapControl] space=0x80000100 control=0x80000000 modify count=1
  [ctl 0] whole-space op: va=0xb0d00000 phys=0x160000000 size=4294967296 rwx=0 -> address-space control (flush/perm), no RAM map
[Syscall] L4_MapControl(sid=0x80000100, ctrl=0x80000000) via UTCB@0xdff00000 -> res=0x1
[L4_MapControl] space=0x80000100 control=0x80000000 modify count=1
  [ctl 0] whole-space op: va=0xb0d00000 phys=0x160000000 size=4294967296 rwx=0 -> address-space control (flush/perm), no RAM map
[Syscall] L4_MapControl(sid=0x80000100, ctrl=0x80000000) via UTCB@0xdff00000 -> res=0x1
[L4_MapControl] space=0x80000100 control=0x80000000 modify count=1
  [ctl 0] whole-space op: va=0xb0d00000 phys=0x160000000 size=4294967296 rwx=0 -> address-space control (flush/perm), no RAM map
[Syscall] L4_MapControl(sid=0x80000100, ctrl=0x80000000) via UTCB@0xdff00000 -> res=0x1
[L4_MapControl] space=0x80000100 control=0x80000000 modify count=1
  [ctl 0] whole-space op: va=0xb0d00000 phys=0x160000000 size=4294967296 rwx=0 -> address-space control (flush/perm), no RAM map
[Syscall] L4_MapControl(sid=0x80000100, ctrl=0x80000000) via UTCB@0xdff00000 -> res=0x1
[L4_MapControl] space=0x80000100 control=0x80000000 modify count=1
  [ctl 0] whole-space op: va=0xb0d00000 phys=0x160000000 size=4294967296 rwx=0 -> address-space control (flush/perm), no RAM map
[Syscall] L4_MapControl(sid=0x80000100, ctrl=0x80000000) via UTCB@0xdff00000 -> res=0x1
[L4_MapControl] space=0x80000100 control=0x80000000 modify count=1
  [ctl 0] whole-space op: va=0xb0d00000 phys=0x160000000 size=4294967296 rwx=0 -> address-space control (flush/perm), no RAM map
[Syscall] L4_MapControl(sid=0x80000100, ctrl=0x80000000) via UTCB@0xdff00000 -> res=0x1
[L4_MapControl] space=0x80000100 control=0x80000000 modify count=1
  [ctl 0] whole-space op: va=0xb0d00000 phys=0x160000000 size=4294967296 rwx=0 -> address-space control (flush/perm), no RAM map
[Syscall] L4_MapControl(sid=0x80000100, ctrl=0x80000000) via UTCB@0xdff00000 -> res=0x1
[L4_MapControl] space=0x80000100 control=0x80000000 modify count=1
  [ctl 0] whole-space op: va=0xb0d00000 phys=0x160000000 size=4294967296 rwx=0 -> address-space control (flush/perm), no RAM map
[Syscall] L4_MapControl(sid=0x80000100, ctrl=0x80000000) via UTCB@0xdff00000 -> res=0x1
[L4_MapControl] space=0x80000100 control=0x80000000 modify count=1
  [ctl 0] whole-space op: va=0xb0d00000 phys=0x160000000 size=4294967296 rwx=0 -> address-space control (flush/perm), no RAM map
[Syscall] L4_MapControl(sid=0x80000100, ctrl=0x80000000) via UTCB@0xdff00000 -> res=0x1
  [Cycle 360] Core0(ARM11): pc=0xb000d6b8 insns=227867 (ok) | Core1(ARM9): pc=0xf0017890 insns=3610000 (ok)
[L4_MapControl] space=0x80000100 control=0x80000000 modify count=1
  [ctl 0] whole-space op: va=0xb0d00000 phys=0x160000000 size=4294967296 rwx=0 -> address-space control (flush/perm), no RAM map
[Syscall] L4_MapControl(sid=0x80000100, ctrl=0x80000000) via UTCB@0xdff00000 -> res=0x1
[L4_MapControl] space=0x80000100 control=0x80000000 modify count=1
  [ctl 0] whole-space op: va=0xb0d00000 phys=0x160000000 size=4294967296 rwx=0 -> address-space control (flush/perm), no RAM map
[Syscall] L4_MapControl(sid=0x80000100, ctrl=0x80000000) via UTCB@0xdff00000 -> res=0x1
[L4_MapControl] space=0x80000100 control=0x80000000 modify count=1
  [ctl 0] whole-space op: va=0xb0d00000 phys=0x160000000 size=4294967296 rwx=0 -> address-space control (flush/perm), no RAM map
[Syscall] L4_MapControl(sid=0x80000100, ctrl=0x80000000) via UTCB@0xdff00000 -> res=0x1
[L4_MapControl] space=0x80000100 control=0x80000000 modify count=1
  [ctl 0] whole-space op: va=0xb0d00000 phys=0x160000000 size=4294967296 rwx=0 -> address-space control (flush/perm), no RAM map
[Syscall] L4_MapControl(sid=0x80000100, ctrl=0x80000000) via UTCB@0xdff00000 -> res=0x1
[L4_MapControl] space=0x80000100 control=0x80000000 modify count=1
  [ctl 0] whole-space op: va=0xb0d00000 phys=0x160000000 size=4294967296 rwx=0 -> address-space control (flush/perm), no RAM map
[Syscall] L4_MapControl(sid=0x80000100, ctrl=0x80000000) via UTCB@0xdff00000 -> res=0x1
[L4_MapControl] space=0x80000100 control=0x80000000 modify count=1
  [ctl 0] whole-space op: va=0xb0d00000 phys=0x160000000 size=4294967296 rwx=0 -> address-space control (flush/perm), no RAM map
[Syscall] L4_MapControl(sid=0x80000100, ctrl=0x80000000) via UTCB@0xdff00000 -> res=0x1
[L4_MapControl] space=0x80000100 control=0x80000000 modify count=1
  [ctl 0] whole-space op: va=0xb0d00000 phys=0x160000000 size=4294967296 rwx=0 -> address-space control (flush/perm), no RAM map
[Syscall] L4_MapControl(sid=0x80000100, ctrl=0x80000000) via UTCB@0xdff00000 -> res=0x1
[L4_MapControl] space=0x80000100 control=0x80000000 modify count=1
  [ctl 0] whole-space op: va=0xb0d00000 phys=0x160000000 size=4294967296 rwx=0 -> address-space control (flush/perm), no RAM map
[Syscall] L4_MapControl(sid=0x80000100, ctrl=0x80000000) via UTCB@0xdff00000 -> res=0x1
[L4_MapControl] space=0x80000100 control=0x80000000 modify count=1
  [ctl 0] whole-space op: va=0xb0d00000 phys=0x160000000 size=4294967296 rwx=0 -> address-space control (flush/perm), no RAM map
[Syscall] L4_MapControl(sid=0x80000100, ctrl=0x80000000) via UTCB@0xdff00000 -> res=0x1
[L4_MapControl] space=0x80000100 control=0x80000000 modify count=1
  [ctl 0] whole-space op: va=0xb0d00000 phys=0x160000000 size=4294967296 rwx=0 -> address-space control (flush/perm), no RAM map
[Syscall] L4_MapControl(sid=0x80000100, ctrl=0x80000000) via UTCB@0xdff00000 -> res=0x1
  [Cycle 370] Core0(ARM11): pc=0xb000d6b8 insns=230527 (ok) | Core1(ARM9): pc=0xf0017890 insns=3710000 (ok)
[L4_MapControl] space=0x80000100 control=0x80000000 modify count=1
  [ctl 0] whole-space op: va=0xb0d00000 phys=0x160000000 size=4294967296 rwx=0 -> address-space control (flush/perm), no RAM map
[Syscall] L4_MapControl(sid=0x80000100, ctrl=0x80000000) via UTCB@0xdff00000 -> res=0x1
[L4_MapControl] space=0x80000100 control=0x80000000 modify count=1
  [ctl 0] whole-space op: va=0xb0d00000 phys=0x160000000 size=4294967296 rwx=0 -> address-space control (flush/perm), no RAM map
[Syscall] L4_MapControl(sid=0x80000100, ctrl=0x80000000) via UTCB@0xdff00000 -> res=0x1
[L4_MapControl] space=0x80000100 control=0x80000000 modify count=1
  [ctl 0] whole-space op: va=0xb0d00000 phys=0x160000000 size=4294967296 rwx=0 -> address-space control (flush/perm), no RAM map
[Syscall] L4_MapControl(sid=0x80000100, ctrl=0x80000000) via UTCB@0xdff00000 -> res=0x1
[L4_MapControl] space=0x80000100 control=0x80000000 modify count=1
  [ctl 0] whole-space op: va=0xb0d00000 phys=0x160000000 size=4294967296 rwx=0 -> address-space control (flush/perm), no RAM map
[Syscall] L4_MapControl(sid=0x80000100, ctrl=0x80000000) via UTCB@0xdff00000 -> res=0x1
[L4_MapControl] space=0x80000100 control=0x80000000 modify count=1
  [ctl 0] whole-space op: va=0xb0d00000 phys=0x160000000 size=4294967296 rwx=0 -> address-space control (flush/perm), no RAM map
[Syscall] L4_MapControl(sid=0x80000100, ctrl=0x80000000) via UTCB@0xdff00000 -> res=0x1
[L4_MapControl] space=0x80000100 control=0x80000000 modify count=1
  [ctl 0] whole-space op: va=0xb0d00000 phys=0x160000000 size=4294967296 rwx=0 -> address-space control (flush/perm), no RAM map
[Syscall] L4_MapControl(sid=0x80000100, ctrl=0x80000000) via UTCB@0xdff00000 -> res=0x1
[L4_MapControl] space=0x80000100 control=0x80000000 modify count=1
  [ctl 0] whole-space op: va=0xb0d00000 phys=0x160000000 size=4294967296 rwx=0 -> address-space control (flush/perm), no RAM map
[Syscall] L4_MapControl(sid=0x80000100, ctrl=0x80000000) via UTCB@0xdff00000 -> res=0x1
[L4_MapControl] space=0x80000100 control=0x80000000 modify count=1
  [ctl 0] whole-space op: va=0xb0d00000 phys=0x160000000 size=4294967296 rwx=0 -> address-space control (flush/perm), no RAM map
[Syscall] L4_MapControl(sid=0x80000100, ctrl=0x80000000) via UTCB@0xdff00000 -> res=0x1
[L4_MapControl] space=0x80000100 control=0x80000000 modify count=1
  [ctl 0] whole-space op: va=0xb0d00000 phys=0x160000000 size=4294967296 rwx=0 -> address-space control (flush/perm), no RAM map
[Syscall] L4_MapControl(sid=0x80000100, ctrl=0x80000000) via UTCB@0xdff00000 -> res=0x1
[L4_MapControl] space=0x80000100 control=0x80000000 modify count=1
  [ctl 0] whole-space op: va=0xb0d00000 phys=0x160000000 size=4294967296 rwx=0 -> address-space control (flush/perm), no RAM map
[Syscall] L4_MapControl(sid=0x80000100, ctrl=0x80000000) via UTCB@0xdff00000 -> res=0x1
  [Cycle 380] Core0(ARM11): pc=0xb000d6b8 insns=233187 (ok) | Core1(ARM9): pc=0xf0017890 insns=3810000 (ok)
[L4_MapControl] space=0x80000100 control=0x80000000 modify count=1
  [ctl 0] whole-space op: va=0xb0d00000 phys=0x160000000 size=4294967296 rwx=0 -> address-space control (flush/perm), no RAM map
[Syscall] L4_MapControl(sid=0x80000100, ctrl=0x80000000) via UTCB@0xdff00000 -> res=0x1
[L4_MapControl] space=0x80000100 control=0x80000000 modify count=1
  [ctl 0] whole-space op: va=0xb0d00000 phys=0x160000000 size=4294967296 rwx=0 -> address-space control (flush/perm), no RAM map
[Syscall] L4_MapControl(sid=0x80000100, ctrl=0x80000000) via UTCB@0xdff00000 -> res=0x1
[L4_MapControl] space=0x80000100 control=0x80000000 modify count=1
  [ctl 0] whole-space op: va=0xb0d00000 phys=0x160000000 size=4294967296 rwx=0 -> address-space control (flush/perm), no RAM map
[Syscall] L4_MapControl(sid=0x80000100, ctrl=0x80000000) via UTCB@0xdff00000 -> res=0x1
[L4_MapControl] space=0x80000100 control=0x80000000 modify count=1
  [ctl 0] whole-space op: va=0xb0d00000 phys=0x160000000 size=4294967296 rwx=0 -> address-space control (flush/perm), no RAM map
[Syscall] L4_MapControl(sid=0x80000100, ctrl=0x80000000) via UTCB@0xdff00000 -> res=0x1
[L4_MapControl] space=0x80000100 control=0x80000000 modify count=1
  [ctl 0] whole-space op: va=0xb0d00000 phys=0x160000000 size=4294967296 rwx=0 -> address-space control (flush/perm), no RAM map
[Syscall] L4_MapControl(sid=0x80000100, ctrl=0x80000000) via UTCB@0xdff00000 -> res=0x1
[L4_MapControl] space=0x80000100 control=0x80000000 modify count=1
  [ctl 0] whole-space op: va=0xb0d00000 phys=0x160000000 size=4294967296 rwx=0 -> address-space control (flush/perm), no RAM map
[Syscall] L4_MapControl(sid=0x80000100, ctrl=0x80000000) via UTCB@0xdff00000 -> res=0x1
[L4_MapControl] space=0x80000100 control=0x80000000 modify count=1
  [ctl 0] whole-space op: va=0xb0d00000 phys=0x160000000 size=4294967296 rwx=0 -> address-space control (flush/perm), no RAM map
[Syscall] L4_MapControl(sid=0x80000100, ctrl=0x80000000) via UTCB@0xdff00000 -> res=0x1
[L4_MapControl] space=0x80000100 control=0x80000000 modify count=1
  [ctl 0] whole-space op: va=0xb0d00000 phys=0x160000000 size=4294967296 rwx=0 -> address-space control (flush/perm), no RAM map
[Syscall] L4_MapControl(sid=0x80000100, ctrl=0x80000000) via UTCB@0xdff00000 -> res=0x1
[L4_MapControl] space=0x80000100 control=0x80000000 modify count=1
  [ctl 0] whole-space op: va=0xb0d00000 phys=0x160000000 size=4294967296 rwx=0 -> address-space control (flush/perm), no RAM map
[Syscall] L4_MapControl(sid=0x80000100, ctrl=0x80000000) via UTCB@0xdff00000 -> res=0x1
[L4_MapControl] space=0x80000100 control=0x80000000 modify count=1
  [ctl 0] whole-space op: va=0xb0d00000 phys=0x160000000 size=4294967296 rwx=0 -> address-space control (flush/perm), no RAM map
[Syscall] L4_MapControl(sid=0x80000100, ctrl=0x80000000) via UTCB@0xdff00000 -> res=0x1
  [Cycle 390] Core0(ARM11): pc=0xb000d6b8 insns=235847 (ok) | Core1(ARM9): pc=0xf0017890 insns=3910000 (ok)
[L4_MapControl] space=0x80000100 control=0x80000000 modify count=1
  [ctl 0] whole-space op: va=0xb0d00000 phys=0x160000000 size=4294967296 rwx=0 -> address-space control (flush/perm), no RAM map
[Syscall] L4_MapControl(sid=0x80000100, ctrl=0x80000000) via UTCB@0xdff00000 -> res=0x1
[L4_MapControl] space=0x80000100 control=0x80000000 modify count=1
  [ctl 0] whole-space op: va=0xb0d00000 phys=0x160000000 size=4294967296 rwx=0 -> address-space control (flush/perm), no RAM map
[Syscall] L4_MapControl(sid=0x80000100, ctrl=0x80000000) via UTCB@0xdff00000 -> res=0x1
[L4_MapControl] space=0x80000100 control=0x80000000 modify count=1
  [ctl 0] whole-space op: va=0xb0d00000 phys=0x160000000 size=4294967296 rwx=0 -> address-space control (flush/perm), no RAM map
[Syscall] L4_MapControl(sid=0x80000100, ctrl=0x80000000) via UTCB@0xdff00000 -> res=0x1
[L4_MapControl] space=0x80000100 control=0x80000000 modify count=1
  [ctl 0] whole-space op: va=0xb0d00000 phys=0x160000000 size=4294967296 rwx=0 -> address-space control (flush/perm), no RAM map
[Syscall] L4_MapControl(sid=0x80000100, ctrl=0x80000000) via UTCB@0xdff00000 -> res=0x1
[L4_MapControl] space=0x80000100 control=0x80000000 modify count=1
  [ctl 0] whole-space op: va=0xb0d00000 phys=0x160000000 size=4294967296 rwx=0 -> address-space control (flush/perm), no RAM map
[Syscall] L4_MapControl(sid=0x80000100, ctrl=0x80000000) via UTCB@0xdff00000 -> res=0x1
[L4_MapControl] space=0x80000100 control=0x80000000 modify count=1
  [ctl 0] whole-space op: va=0xb0d00000 phys=0x160000000 size=4294967296 rwx=0 -> address-space control (flush/perm), no RAM map
[Syscall] L4_MapControl(sid=0x80000100, ctrl=0x80000000) via UTCB@0xdff00000 -> res=0x1
[L4_MapControl] space=0x80000100 control=0x80000000 modify count=1
  [ctl 0] whole-space op: va=0xb0d00000 phys=0x160000000 size=4294967296 rwx=0 -> address-space control (flush/perm), no RAM map
[Syscall] L4_MapControl(sid=0x80000100, ctrl=0x80000000) via UTCB@0xdff00000 -> res=0x1
[L4_MapControl] space=0x80000100 control=0x80000000 modify count=1
  [ctl 0] whole-space op: va=0xb0d00000 phys=0x160000000 size=4294967296 rwx=0 -> address-space control (flush/perm), no RAM map
[Syscall] L4_MapControl(sid=0x80000100, ctrl=0x80000000) via UTCB@0xdff00000 -> res=0x1
[L4_MapControl] space=0x80000100 control=0x80000000 modify count=1
  [ctl 0] whole-space op: va=0xb0d00000 phys=0x160000000 size=4294967296 rwx=0 -> address-space control (flush/perm), no RAM map
[Syscall] L4_MapControl(sid=0x80000100, ctrl=0x80000000) via UTCB@0xdff00000 -> res=0x1
[L4_MapControl] space=0x80000100 control=0x80000000 modify count=1
  [ctl 0] whole-space op: va=0xb0d00000 phys=0x160000000 size=4294967296 rwx=0 -> address-space control (flush/perm), no RAM map
[Syscall] L4_MapControl(sid=0x80000100, ctrl=0x80000000) via UTCB@0xdff00000 -> res=0x1
  [Cycle 400] Core0(ARM11): pc=0xb000d6b8 insns=238507 (ok) | Core1(ARM9): pc=0xf0017890 insns=4010000 (ok)
[L4_MapControl] space=0x80000100 control=0x80000000 modify count=1
  [ctl 0] whole-space op: va=0xb0d00000 phys=0x160000000 size=4294967296 rwx=0 -> address-space control (flush/perm), no RAM map
[Syscall] L4_MapControl(sid=0x80000100, ctrl=0x80000000) via UTCB@0xdff00000 -> res=0x1
[L4_MapControl] space=0x80000100 control=0x80000000 modify count=1
  [ctl 0] whole-space op: va=0xb0d00000 phys=0x160000000 size=4294967296 rwx=0 -> address-space control (flush/perm), no RAM map
[Syscall] L4_MapControl(sid=0x80000100, ctrl=0x80000000) via UTCB@0xdff00000 -> res=0x1
[L4_MapControl] space=0x80000100 control=0x80000000 modify count=1
  [ctl 0] whole-space op: va=0xb0d00000 phys=0x160000000 size=4294967296 rwx=0 -> address-space control (flush/perm), no RAM map
[Syscall] L4_MapControl(sid=0x80000100, ctrl=0x80000000) via UTCB@0xdff00000 -> res=0x1
[L4_MapControl] space=0x80000100 control=0x80000000 modify count=1
  [ctl 0] whole-space op: va=0xb0d00000 phys=0x160000000 size=4294967296 rwx=0 -> address-space control (flush/perm), no RAM map
[Syscall] L4_MapControl(sid=0x80000100, ctrl=0x80000000) via UTCB@0xdff00000 -> res=0x1
[L4_MapControl] space=0x80000100 control=0x80000000 modify count=1
  [ctl 0] whole-space op: va=0xb0d00000 phys=0x160000000 size=4294967296 rwx=0 -> address-space control (flush/perm), no RAM map
[Syscall] L4_MapControl(sid=0x80000100, ctrl=0x80000000) via UTCB@0xdff00000 -> res=0x1
[L4_MapControl] space=0x80000100 control=0x80000000 modify count=1
  [ctl 0] whole-space op: va=0xb0d00000 phys=0x160000000 size=4294967296 rwx=0 -> address-space control (flush/perm), no RAM map
[Syscall] L4_MapControl(sid=0x80000100, ctrl=0x80000000) via UTCB@0xdff00000 -> res=0x1
[L4_MapControl] space=0x80000100 control=0x80000000 modify count=1
  [ctl 0] whole-space op: va=0xb0d00000 phys=0x160000000 size=4294967296 rwx=0 -> address-space control (flush/perm), no RAM map
[Syscall] L4_MapControl(sid=0x80000100, ctrl=0x80000000) via UTCB@0xdff00000 -> res=0x1
[L4_MapControl] space=0x80000100 control=0x80000000 modify count=1
  [ctl 0] whole-space op: va=0xb0d00000 phys=0x160000000 size=4294967296 rwx=0 -> address-space control (flush/perm), no RAM map
[Syscall] L4_MapControl(sid=0x80000100, ctrl=0x80000000) via UTCB@0xdff00000 -> res=0x1
[L4_MapControl] space=0x80000100 control=0x80000000 modify count=1
  [ctl 0] whole-space op: va=0xb0d00000 phys=0x160000000 size=4294967296 rwx=0 -> address-space control (flush/perm), no RAM map
[Syscall] L4_MapControl(sid=0x80000100, ctrl=0x80000000) via UTCB@0xdff00000 -> res=0x1
[L4_MapControl] space=0x80000100 control=0x80000000 modify count=1
  [ctl 0] whole-space op: va=0xb0d00000 phys=0x160000000 size=4294967296 rwx=0 -> address-space control (flush/perm), no RAM map
[Syscall] L4_MapControl(sid=0x80000100, ctrl=0x80000000) via UTCB@0xdff00000 -> res=0x1
  [Cycle 410] Core0(ARM11): pc=0xb000d6b8 insns=241167 (ok) | Core1(ARM9): pc=0xf0017890 insns=4110000 (ok)
[L4_MapControl] space=0x80000100 control=0x80000000 modify count=1
  [ctl 0] whole-space op: va=0xb0d00000 phys=0x160000000 size=4294967296 rwx=0 -> address-space control (flush/perm), no RAM map
[Syscall] L4_MapControl(sid=0x80000100, ctrl=0x80000000) via UTCB@0xdff00000 -> res=0x1
[L4_MapControl] space=0x80000100 control=0x80000000 modify count=1
  [ctl 0] whole-space op: va=0xb0d00000 phys=0x160000000 size=4294967296 rwx=0 -> address-space control (flush/perm), no RAM map
[Syscall] L4_MapControl(sid=0x80000100, ctrl=0x80000000) via UTCB@0xdff00000 -> res=0x1
[L4_MapControl] space=0x80000100 control=0x80000000 modify count=1
  [ctl 0] whole-space op: va=0xb0d00000 phys=0x160000000 size=4294967296 rwx=0 -> address-space control (flush/perm), no RAM map
[Syscall] L4_MapControl(sid=0x80000100, ctrl=0x80000000) via UTCB@0xdff00000 -> res=0x1
[L4_MapControl] space=0x80000100 control=0x80000000 modify count=1
  [ctl 0] whole-space op: va=0xb0d00000 phys=0x160000000 size=4294967296 rwx=0 -> address-space control (flush/perm), no RAM map
[Syscall] L4_MapControl(sid=0x80000100, ctrl=0x80000000) via UTCB@0xdff00000 -> res=0x1
[L4_MapControl] space=0x80000100 control=0x80000000 modify count=1
  [ctl 0] whole-space op: va=0xb0d00000 phys=0x160000000 size=4294967296 rwx=0 -> address-space control (flush/perm), no RAM map
[Syscall] L4_MapControl(sid=0x80000100, ctrl=0x80000000) via UTCB@0xdff00000 -> res=0x1
[L4_MapControl] space=0x80000100 control=0x80000000 modify count=1
  [ctl 0] whole-space op: va=0xb0d00000 phys=0x160000000 size=4294967296 rwx=0 -> address-space control (flush/perm), no RAM map
[Syscall] L4_MapControl(sid=0x80000100, ctrl=0x80000000) via UTCB@0xdff00000 -> res=0x1
[L4_MapControl] space=0x80000100 control=0x80000000 modify count=1
  [ctl 0] whole-space op: va=0xb0d00000 phys=0x160000000 size=4294967296 rwx=0 -> address-space control (flush/perm), no RAM map
[Syscall] L4_MapControl(sid=0x80000100, ctrl=0x80000000) via UTCB@0xdff00000 -> res=0x1
[L4_MapControl] space=0x80000100 control=0x80000000 modify count=1
  [ctl 0] whole-space op: va=0xb0d00000 phys=0x160000000 size=4294967296 rwx=0 -> address-space control (flush/perm), no RAM map
[Syscall] L4_MapControl(sid=0x80000100, ctrl=0x80000000) via UTCB@0xdff00000 -> res=0x1
[L4_MapControl] space=0x80000100 control=0x80000000 modify count=1
  [ctl 0] whole-space op: va=0xb0d00000 phys=0x160000000 size=4294967296 rwx=0 -> address-space control (flush/perm), no RAM map
[Syscall] L4_MapControl(sid=0x80000100, ctrl=0x80000000) via UTCB@0xdff00000 -> res=0x1
[L4_MapControl] space=0x80000100 control=0x80000000 modify count=1
  [ctl 0] whole-space op: va=0xb0d00000 phys=0x160000000 size=4294967296 rwx=0 -> address-space control (flush/perm), no RAM map
[Syscall] L4_MapControl(sid=0x80000100, ctrl=0x80000000) via UTCB@0xdff00000 -> res=0x1
  [Cycle 420] Core0(ARM11): pc=0xb000d6b8 insns=243827 (ok) | Core1(ARM9): pc=0xf0017890 insns=4210000 (ok)
[L4_MapControl] space=0x80000100 control=0x80000000 modify count=1
  [ctl 0] whole-space op: va=0xb0d00000 phys=0x160000000 size=4294967296 rwx=0 -> address-space control (flush/perm), no RAM map
[Syscall] L4_MapControl(sid=0x80000100, ctrl=0x80000000) via UTCB@0xdff00000 -> res=0x1
[L4_MapControl] space=0x80000100 control=0x80000000 modify count=1
  [ctl 0] whole-space op: va=0xb0d00000 phys=0x160000000 size=4294967296 rwx=0 -> address-space control (flush/perm), no RAM map
[Syscall] L4_MapControl(sid=0x80000100, ctrl=0x80000000) via UTCB@0xdff00000 -> res=0x1
[L4_MapControl] space=0x80000100 control=0x80000000 modify count=1
  [ctl 0] whole-space op: va=0xb0d00000 phys=0x160000000 size=4294967296 rwx=0 -> address-space control (flush/perm), no RAM map
[Syscall] L4_MapControl(sid=0x80000100, ctrl=0x80000000) via UTCB@0xdff00000 -> res=0x1
[L4_MapControl] space=0x80000100 control=0x80000000 modify count=1
  [ctl 0] whole-space op: va=0xb0d00000 phys=0x160000000 size=4294967296 rwx=0 -> address-space control (flush/perm), no RAM map
[Syscall] L4_MapControl(sid=0x80000100, ctrl=0x80000000) via UTCB@0xdff00000 -> res=0x1
[L4_MapControl] space=0x80000100 control=0x80000000 modify count=1
  [ctl 0] whole-space op: va=0xb0d00000 phys=0x160000000 size=4294967296 rwx=0 -> address-space control (flush/perm), no RAM map
[Syscall] L4_MapControl(sid=0x80000100, ctrl=0x80000000) via UTCB@0xdff00000 -> res=0x1
[L4_MapControl] space=0x80000100 control=0x80000000 modify count=1
  [ctl 0] whole-space op: va=0xb0d00000 phys=0x160000000 size=4294967296 rwx=0 -> address-space control (flush/perm), no RAM map
[Syscall] L4_MapControl(sid=0x80000100, ctrl=0x80000000) via UTCB@0xdff00000 -> res=0x1
[L4_MapControl] space=0x80000100 control=0x80000000 modify count=1
  [ctl 0] whole-space op: va=0xb0d00000 phys=0x160000000 size=4294967296 rwx=0 -> address-space control (flush/perm), no RAM map
[Syscall] L4_MapControl(sid=0x80000100, ctrl=0x80000000) via UTCB@0xdff00000 -> res=0x1
[L4_MapControl] space=0x80000100 control=0x80000000 modify count=1
  [ctl 0] whole-space op: va=0xb0d00000 phys=0x160000000 size=4294967296 rwx=0 -> address-space control (flush/perm), no RAM map
[Syscall] L4_MapControl(sid=0x80000100, ctrl=0x80000000) via UTCB@0xdff00000 -> res=0x1
[L4_MapControl] space=0x80000100 control=0x80000000 modify count=1
  [ctl 0] whole-space op: va=0xb0d00000 phys=0x160000000 size=4294967296 rwx=0 -> address-space control (flush/perm), no RAM map
[Syscall] L4_MapControl(sid=0x80000100, ctrl=0x80000000) via UTCB@0xdff00000 -> res=0x1
[L4_MapControl] space=0x80000100 control=0x80000000 modify count=1
  [ctl 0] whole-space op: va=0xb0d00000 phys=0x160000000 size=4294967296 rwx=0 -> address-space control (flush/perm), no RAM map
[Syscall] L4_MapControl(sid=0x80000100, ctrl=0x80000000) via UTCB@0xdff00000 -> res=0x1
  [Cycle 430] Core0(ARM11): pc=0xb000d6b8 insns=246487 (ok) | Core1(ARM9): pc=0xf0017890 insns=4310000 (ok)
[L4_MapControl] space=0x80000100 control=0x80000000 modify count=1
  [ctl 0] whole-space op: va=0xb0d00000 phys=0x160000000 size=4294967296 rwx=0 -> address-space control (flush/perm), no RAM map
[Syscall] L4_MapControl(sid=0x80000100, ctrl=0x80000000) via UTCB@0xdff00000 -> res=0x1
[L4_MapControl] space=0x80000100 control=0x80000000 modify count=1
  [ctl 0] whole-space op: va=0xb0d00000 phys=0x160000000 size=4294967296 rwx=0 -> address-space control (flush/perm), no RAM map
[Syscall] L4_MapControl(sid=0x80000100, ctrl=0x80000000) via UTCB@0xdff00000 -> res=0x1
[L4_MapControl] space=0x80000100 control=0x80000000 modify count=1
  [ctl 0] whole-space op: va=0xb0d00000 phys=0x160000000 size=4294967296 rwx=0 -> address-space control (flush/perm), no RAM map
[Syscall] L4_MapControl(sid=0x80000100, ctrl=0x80000000) via UTCB@0xdff00000 -> res=0x1
[L4_MapControl] space=0x80000100 control=0x80000000 modify count=1
  [ctl 0] whole-space op: va=0xb0d00000 phys=0x160000000 size=4294967296 rwx=0 -> address-space control (flush/perm), no RAM map
[Syscall] L4_MapControl(sid=0x80000100, ctrl=0x80000000) via UTCB@0xdff00000 -> res=0x1
[L4_MapControl] space=0x80000100 control=0x80000000 modify count=1
  [ctl 0] whole-space op: va=0xb0d00000 phys=0x160000000 size=4294967296 rwx=0 -> address-space control (flush/perm), no RAM map
[Syscall] L4_MapControl(sid=0x80000100, ctrl=0x80000000) via UTCB@0xdff00000 -> res=0x1
[L4_MapControl] space=0x80000100 control=0x80000000 modify count=1
  [ctl 0] whole-space op: va=0xb0d00000 phys=0x160000000 size=4294967296 rwx=0 -> address-space control (flush/perm), no RAM map
[Syscall] L4_MapControl(sid=0x80000100, ctrl=0x80000000) via UTCB@0xdff00000 -> res=0x1
[L4_MapControl] space=0x80000100 control=0x80000000 modify count=1
  [ctl 0] whole-space op: va=0xb0d00000 phys=0x160000000 size=4294967296 rwx=0 -> address-space control (flush/perm), no RAM map
[Syscall] L4_MapControl(sid=0x80000100, ctrl=0x80000000) via UTCB@0xdff00000 -> res=0x1
[L4_MapControl] space=0x80000100 control=0x80000000 modify count=1
  [ctl 0] whole-space op: va=0xb0d00000 phys=0x160000000 size=4294967296 rwx=0 -> address-space control (flush/perm), no RAM map
[Syscall] L4_MapControl(sid=0x80000100, ctrl=0x80000000) via UTCB@0xdff00000 -> res=0x1
[L4_MapControl] space=0x80000100 control=0x80000000 modify count=1
  [ctl 0] whole-space op: va=0xb0d00000 phys=0x160000000 size=4294967296 rwx=0 -> address-space control (flush/perm), no RAM map
[Syscall] L4_MapControl(sid=0x80000100, ctrl=0x80000000) via UTCB@0xdff00000 -> res=0x1
[L4_MapControl] space=0x80000100 control=0x80000000 modify count=1
  [ctl 0] whole-space op: va=0xb0d00000 phys=0x160000000 size=4294967296 rwx=0 -> address-space control (flush/perm), no RAM map
[Syscall] L4_MapControl(sid=0x80000100, ctrl=0x80000000) via UTCB@0xdff00000 -> res=0x1
  [Cycle 440] Core0(ARM11): pc=0xb000d6b8 insns=249147 (ok) | Core1(ARM9): pc=0xf0017890 insns=4410000 (ok)
[L4_MapControl] space=0x80000100 control=0x80000000 modify count=1
  [ctl 0] whole-space op: va=0xb0d00000 phys=0x160000000 size=4294967296 rwx=0 -> address-space control (flush/perm), no RAM map
[Syscall] L4_MapControl(sid=0x80000100, ctrl=0x80000000) via UTCB@0xdff00000 -> res=0x1
[L4_MapControl] space=0x80000100 control=0x80000000 modify count=1
  [ctl 0] whole-space op: va=0xb0d00000 phys=0x160000000 size=4294967296 rwx=0 -> address-space control (flush/perm), no RAM map
[Syscall] L4_MapControl(sid=0x80000100, ctrl=0x80000000) via UTCB@0xdff00000 -> res=0x1
[L4_MapControl] space=0x80000100 control=0x80000000 modify count=1
  [ctl 0] whole-space op: va=0xb0d00000 phys=0x160000000 size=4294967296 rwx=0 -> address-space control (flush/perm), no RAM map
[Syscall] L4_MapControl(sid=0x80000100, ctrl=0x80000000) via UTCB@0xdff00000 -> res=0x1
[L4_MapControl] space=0x80000100 control=0x80000000 modify count=1
  [ctl 0] whole-space op: va=0xb0d00000 phys=0x160000000 size=4294967296 rwx=0 -> address-space control (flush/perm), no RAM map
[Syscall] L4_MapControl(sid=0x80000100, ctrl=0x80000000) via UTCB@0xdff00000 -> res=0x1
[L4_MapControl] space=0x80000100 control=0x80000000 modify count=1
  [ctl 0] whole-space op: va=0xb0d00000 phys=0x160000000 size=4294967296 rwx=0 -> address-space control (flush/perm), no RAM map
[Syscall] L4_MapControl(sid=0x80000100, ctrl=0x80000000) via UTCB@0xdff00000 -> res=0x1
[L4_MapControl] space=0x80000100 control=0x80000000 modify count=1
  [ctl 0] whole-space op: va=0xb0d00000 phys=0x160000000 size=4294967296 rwx=0 -> address-space control (flush/perm), no RAM map
[Syscall] L4_MapControl(sid=0x80000100, ctrl=0x80000000) via UTCB@0xdff00000 -> res=0x1
[L4_MapControl] space=0x80000100 control=0x80000000 modify count=1
  [ctl 0] whole-space op: va=0xb0d00000 phys=0x160000000 size=4294967296 rwx=0 -> address-space control (flush/perm), no RAM map
[Syscall] L4_MapControl(sid=0x80000100, ctrl=0x80000000) via UTCB@0xdff00000 -> res=0x1
[L4_MapControl] space=0x80000100 control=0x80000000 modify count=1
  [ctl 0] whole-space op: va=0xb0d00000 phys=0x160000000 size=4294967296 rwx=0 -> address-space control (flush/perm), no RAM map
[Syscall] L4_MapControl(sid=0x80000100, ctrl=0x80000000) via UTCB@0xdff00000 -> res=0x1
[L4_MapControl] space=0x80000100 control=0x80000000 modify count=1
  [ctl 0] whole-space op: va=0xb0d00000 phys=0x160000000 size=4294967296 rwx=0 -> address-space control (flush/perm), no RAM map
[Syscall] L4_MapControl(sid=0x80000100, ctrl=0x80000000) via UTCB@0xdff00000 -> res=0x1
[L4_MapControl] space=0x80000100 control=0x80000000 modify count=1
  [ctl 0] whole-space op: va=0xb0d00000 phys=0x160000000 size=4294967296 rwx=0 -> address-space control (flush/perm), no RAM map
[Syscall] L4_MapControl(sid=0x80000100, ctrl=0x80000000) via UTCB@0xdff00000 -> res=0x1
  [Cycle 450] Core0(ARM11): pc=0xb000d6b8 insns=251807 (ok) | Core1(ARM9): pc=0xf0017890 insns=4510000 (ok)
[L4_MapControl] space=0x80000100 control=0x80000000 modify count=1
  [ctl 0] whole-space op: va=0xb0d00000 phys=0x160000000 size=4294967296 rwx=0 -> address-space control (flush/perm), no RAM map
[Syscall] L4_MapControl(sid=0x80000100, ctrl=0x80000000) via UTCB@0xdff00000 -> res=0x1
[L4_MapControl] space=0x80000100 control=0x80000000 modify count=1
  [ctl 0] whole-space op: va=0xb0d00000 phys=0x160000000 size=4294967296 rwx=0 -> address-space control (flush/perm), no RAM map
[Syscall] L4_MapControl(sid=0x80000100, ctrl=0x80000000) via UTCB@0xdff00000 -> res=0x1
[L4_MapControl] space=0x80000100 control=0x80000000 modify count=1
  [ctl 0] whole-space op: va=0xb0d00000 phys=0x160000000 size=4294967296 rwx=0 -> address-space control (flush/perm), no RAM map
[Syscall] L4_MapControl(sid=0x80000100, ctrl=0x80000000) via UTCB@0xdff00000 -> res=0x1
[L4_MapControl] space=0x80000100 control=0x80000000 modify count=1
  [ctl 0] whole-space op: va=0xb0d00000 phys=0x160000000 size=4294967296 rwx=0 -> address-space control (flush/perm), no RAM map
[Syscall] L4_MapControl(sid=0x80000100, ctrl=0x80000000) via UTCB@0xdff00000 -> res=0x1
[L4_MapControl] space=0x80000100 control=0x80000000 modify count=1
  [ctl 0] whole-space op: va=0xb0d00000 phys=0x160000000 size=4294967296 rwx=0 -> address-space control (flush/perm), no RAM map
[Syscall] L4_MapControl(sid=0x80000100, ctrl=0x80000000) via UTCB@0xdff00000 -> res=0x1
[L4_MapControl] space=0x80000100 control=0x80000000 modify count=1
  [ctl 0] whole-space op: va=0xb0d00000 phys=0x160000000 size=4294967296 rwx=0 -> address-space control (flush/perm), no RAM map
[Syscall] L4_MapControl(sid=0x80000100, ctrl=0x80000000) via UTCB@0xdff00000 -> res=0x1
[L4_MapControl] space=0x80000100 control=0x80000000 modify count=1
  [ctl 0] whole-space op: va=0xb0d00000 phys=0x160000000 size=4294967296 rwx=0 -> address-space control (flush/perm), no RAM map
[Syscall] L4_MapControl(sid=0x80000100, ctrl=0x80000000) via UTCB@0xdff00000 -> res=0x1
[L4_MapControl] space=0x80000100 control=0x80000000 modify count=1
  [ctl 0] whole-space op: va=0xb0d00000 phys=0x160000000 size=4294967296 rwx=0 -> address-space control (flush/perm), no RAM map
[Syscall] L4_MapControl(sid=0x80000100, ctrl=0x80000000) via UTCB@0xdff00000 -> res=0x1
[L4_MapControl] space=0x80000100 control=0x80000000 modify count=1
  [ctl 0] whole-space op: va=0xb0d00000 phys=0x160000000 size=4294967296 rwx=0 -> address-space control (flush/perm), no RAM map
[Syscall] L4_MapControl(sid=0x80000100, ctrl=0x80000000) via UTCB@0xdff00000 -> res=0x1
[L4_MapControl] space=0x80000100 control=0x80000000 modify count=1
  [ctl 0] whole-space op: va=0xb0d00000 phys=0x160000000 size=4294967296 rwx=0 -> address-space control (flush/perm), no RAM map
[Syscall] L4_MapControl(sid=0x80000100, ctrl=0x80000000) via UTCB@0xdff00000 -> res=0x1
  [Cycle 460] Core0(ARM11): pc=0xb000d6b8 insns=254467 (ok) | Core1(ARM9): pc=0xf0017890 insns=4610000 (ok)
[L4_MapControl] space=0x80000100 control=0x80000000 modify count=1
  [ctl 0] whole-space op: va=0xb0d00000 phys=0x160000000 size=4294967296 rwx=0 -> address-space control (flush/perm), no RAM map
[Syscall] L4_MapControl(sid=0x80000100, ctrl=0x80000000) via UTCB@0xdff00000 -> res=0x1
[L4_MapControl] space=0x80000100 control=0x80000000 modify count=1
  [ctl 0] whole-space op: va=0xb0d00000 phys=0x160000000 size=4294967296 rwx=0 -> address-space control (flush/perm), no RAM map
[Syscall] L4_MapControl(sid=0x80000100, ctrl=0x80000000) via UTCB@0xdff00000 -> res=0x1
[L4_MapControl] space=0x80000100 control=0x80000000 modify count=1
  [ctl 0] whole-space op: va=0xb0d00000 phys=0x160000000 size=4294967296 rwx=0 -> address-space control (flush/perm), no RAM map
[Syscall] L4_MapControl(sid=0x80000100, ctrl=0x80000000) via UTCB@0xdff00000 -> res=0x1
[L4_MapControl] space=0x80000100 control=0x80000000 modify count=1
  [ctl 0] whole-space op: va=0xb0d00000 phys=0x160000000 size=4294967296 rwx=0 -> address-space control (flush/perm), no RAM map
[Syscall] L4_MapControl(sid=0x80000100, ctrl=0x80000000) via UTCB@0xdff00000 -> res=0x1
[L4_MapControl] space=0x80000100 control=0x80000000 modify count=1
  [ctl 0] whole-space op: va=0xb0d00000 phys=0x160000000 size=4294967296 rwx=0 -> address-space control (flush/perm), no RAM map
[Syscall] L4_MapControl(sid=0x80000100, ctrl=0x80000000) via UTCB@0xdff00000 -> res=0x1
[L4_MapControl] space=0x80000100 control=0x80000000 modify count=1
  [ctl 0] whole-space op: va=0xb0d00000 phys=0x160000000 size=4294967296 rwx=0 -> address-space control (flush/perm), no RAM map
[Syscall] L4_MapControl(sid=0x80000100, ctrl=0x80000000) via UTCB@0xdff00000 -> res=0x1
[L4_MapControl] space=0x80000100 control=0x80000000 modify count=1
  [ctl 0] whole-space op: va=0xb0d00000 phys=0x160000000 size=4294967296 rwx=0 -> address-space control (flush/perm), no RAM map
[Syscall] L4_MapControl(sid=0x80000100, ctrl=0x80000000) via UTCB@0xdff00000 -> res=0x1
[L4_MapControl] space=0x80000100 control=0x80000000 modify count=1
  [ctl 0] whole-space op: va=0xb0d00000 phys=0x160000000 size=4294967296 rwx=0 -> address-space control (flush/perm), no RAM map
[Syscall] L4_MapControl(sid=0x80000100, ctrl=0x80000000) via UTCB@0xdff00000 -> res=0x1
[L4_MapControl] space=0x80000100 control=0x80000000 modify count=1
  [ctl 0] whole-space op: va=0xb0d00000 phys=0x160000000 size=4294967296 rwx=0 -> address-space control (flush/perm), no RAM map
[Syscall] L4_MapControl(sid=0x80000100, ctrl=0x80000000) via UTCB@0xdff00000 -> res=0x1
[L4_MapControl] space=0x80000100 control=0x80000000 modify count=1
  [ctl 0] whole-space op: va=0xb0d00000 phys=0x160000000 size=4294967296 rwx=0 -> address-space control (flush/perm), no RAM map
[Syscall] L4_MapControl(sid=0x80000100, ctrl=0x80000000) via UTCB@0xdff00000 -> res=0x1
  [Cycle 470] Core0(ARM11): pc=0xb000d6b8 insns=257127 (ok) | Core1(ARM9): pc=0xf0017890 insns=4710000 (ok)
[L4_MapControl] space=0x80000100 control=0x80000000 modify count=1
  [ctl 0] whole-space op: va=0xb0d00000 phys=0x160000000 size=4294967296 rwx=0 -> address-space control (flush/perm), no RAM map
[Syscall] L4_MapControl(sid=0x80000100, ctrl=0x80000000) via UTCB@0xdff00000 -> res=0x1
[L4_MapControl] space=0x80000100 control=0x80000000 modify count=1
  [ctl 0] whole-space op: va=0xb0d00000 phys=0x160000000 size=4294967296 rwx=0 -> address-space control (flush/perm), no RAM map
[Syscall] L4_MapControl(sid=0x80000100, ctrl=0x80000000) via UTCB@0xdff00000 -> res=0x1
[L4_MapControl] space=0x80000100 control=0x80000000 modify count=1
  [ctl 0] whole-space op: va=0xb0d00000 phys=0x160000000 size=4294967296 rwx=0 -> address-space control (flush/perm), no RAM map
[Syscall] L4_MapControl(sid=0x80000100, ctrl=0x80000000) via UTCB@0xdff00000 -> res=0x1
[L4_MapControl] space=0x80000100 control=0x80000000 modify count=1
  [ctl 0] whole-space op: va=0xb0d00000 phys=0x160000000 size=4294967296 rwx=0 -> address-space control (flush/perm), no RAM map
[Syscall] L4_MapControl(sid=0x80000100, ctrl=0x80000000) via UTCB@0xdff00000 -> res=0x1
[L4_MapControl] space=0x80000100 control=0x80000000 modify count=1
  [ctl 0] whole-space op: va=0xb0d00000 phys=0x160000000 size=4294967296 rwx=0 -> address-space control (flush/perm), no RAM map
[Syscall] L4_MapControl(sid=0x80000100, ctrl=0x80000000) via UTCB@0xdff00000 -> res=0x1
[L4_MapControl] space=0x80000100 control=0x80000000 modify count=1
  [ctl 0] whole-space op: va=0xb0d00000 phys=0x160000000 size=4294967296 rwx=0 -> address-space control (flush/perm), no RAM map
[Syscall] L4_MapControl(sid=0x80000100, ctrl=0x80000000) via UTCB@0xdff00000 -> res=0x1
[L4_MapControl] space=0x80000100 control=0x80000000 modify count=1
  [ctl 0] whole-space op: va=0xb0d00000 phys=0x160000000 size=4294967296 rwx=0 -> address-space control (flush/perm), no RAM map
[Syscall] L4_MapControl(sid=0x80000100, ctrl=0x80000000) via UTCB@0xdff00000 -> res=0x1
[L4_MapControl] space=0x80000100 control=0x80000000 modify count=1
  [ctl 0] whole-space op: va=0xb0d00000 phys=0x160000000 size=4294967296 rwx=0 -> address-space control (flush/perm), no RAM map
[Syscall] L4_MapControl(sid=0x80000100, ctrl=0x80000000) via UTCB@0xdff00000 -> res=0x1
[L4_MapControl] space=0x80000100 control=0x80000000 modify count=1
  [ctl 0] whole-space op: va=0xb0d00000 phys=0x160000000 size=4294967296 rwx=0 -> address-space control (flush/perm), no RAM map
[Syscall] L4_MapControl(sid=0x80000100, ctrl=0x80000000) via UTCB@0xdff00000 -> res=0x1
[L4_MapControl] space=0x80000100 control=0x80000000 modify count=1
  [ctl 0] whole-space op: va=0xb0d00000 phys=0x160000000 size=4294967296 rwx=0 -> address-space control (flush/perm), no RAM map
[Syscall] L4_MapControl(sid=0x80000100, ctrl=0x80000000) via UTCB@0xdff00000 -> res=0x1
  [Cycle 480] Core0(ARM11): pc=0xb000d6b8 insns=259787 (ok) | Core1(ARM9): pc=0xf0017890 insns=4810000 (ok)
[L4_MapControl] space=0x80000100 control=0x80000000 modify count=1
  [ctl 0] whole-space op: va=0xb0d00000 phys=0x160000000 size=4294967296 rwx=0 -> address-space control (flush/perm), no RAM map
[Syscall] L4_MapControl(sid=0x80000100, ctrl=0x80000000) via UTCB@0xdff00000 -> res=0x1
[L4_MapControl] space=0x80000100 control=0x80000000 modify count=1
  [ctl 0] whole-space op: va=0xb0d00000 phys=0x160000000 size=4294967296 rwx=0 -> address-space control (flush/perm), no RAM map
[Syscall] L4_MapControl(sid=0x80000100, ctrl=0x80000000) via UTCB@0xdff00000 -> res=0x1
[L4_MapControl] space=0x80000100 control=0x80000000 modify count=1
  [ctl 0] whole-space op: va=0xb0d00000 phys=0x160000000 size=4294967296 rwx=0 -> address-space control (flush/perm), no RAM map
[Syscall] L4_MapControl(sid=0x80000100, ctrl=0x80000000) via UTCB@0xdff00000 -> res=0x1
[L4_MapControl] space=0x80000100 control=0x80000000 modify count=1
  [ctl 0] whole-space op: va=0xb0d00000 phys=0x160000000 size=4294967296 rwx=0 -> address-space control (flush/perm), no RAM map
[Syscall] L4_MapControl(sid=0x80000100, ctrl=0x80000000) via UTCB@0xdff00000 -> res=0x1
[L4_MapControl] space=0x80000100 control=0x80000000 modify count=1
  [ctl 0] whole-space op: va=0xb0d00000 phys=0x160000000 size=4294967296 rwx=0 -> address-space control (flush/perm), no RAM map
[Syscall] L4_MapControl(sid=0x80000100, ctrl=0x80000000) via UTCB@0xdff00000 -> res=0x1
[L4_MapControl] space=0x80000100 control=0x80000000 modify count=1
  [ctl 0] whole-space op: va=0xb0d00000 phys=0x160000000 size=4294967296 rwx=0 -> address-space control (flush/perm), no RAM map
[Syscall] L4_MapControl(sid=0x80000100, ctrl=0x80000000) via UTCB@0xdff00000 -> res=0x1
[L4_MapControl] space=0x80000100 control=0x80000000 modify count=1
  [ctl 0] whole-space op: va=0xb0d00000 phys=0x160000000 size=4294967296 rwx=0 -> address-space control (flush/perm), no RAM map
[Syscall] L4_MapControl(sid=0x80000100, ctrl=0x80000000) via UTCB@0xdff00000 -> res=0x1
[L4_MapControl] space=0x80000100 control=0x80000000 modify count=1
  [ctl 0] whole-space op: va=0xb0d00000 phys=0x160000000 size=4294967296 rwx=0 -> address-space control (flush/perm), no RAM map
[Syscall] L4_MapControl(sid=0x80000100, ctrl=0x80000000) via UTCB@0xdff00000 -> res=0x1
[L4_MapControl] space=0x80000100 control=0x80000000 modify count=1
  [ctl 0] whole-space op: va=0xb0d00000 phys=0x160000000 size=4294967296 rwx=0 -> address-space control (flush/perm), no RAM map
[Syscall] L4_MapControl(sid=0x80000100, ctrl=0x80000000) via UTCB@0xdff00000 -> res=0x1
[L4_MapControl] space=0x80000100 control=0x80000000 modify count=1
  [ctl 0] whole-space op: va=0xb0d00000 phys=0x160000000 size=4294967296 rwx=0 -> address-space control (flush/perm), no RAM map
[Syscall] L4_MapControl(sid=0x80000100, ctrl=0x80000000) via UTCB@0xdff00000 -> res=0x1
  [Cycle 490] Core0(ARM11): pc=0xb000d6b8 insns=262447 (ok) | Core1(ARM9): pc=0xf0017890 insns=4910000 (ok)
[L4_MapControl] space=0x80000100 control=0x80000000 modify count=1
  [ctl 0] whole-space op: va=0xb0d00000 phys=0x160000000 size=4294967296 rwx=0 -> address-space control (flush/perm), no RAM map
[Syscall] L4_MapControl(sid=0x80000100, ctrl=0x80000000) via UTCB@0xdff00000 -> res=0x1
[L4_MapControl] space=0x80000100 control=0x80000000 modify count=1
  [ctl 0] whole-space op: va=0xb0d00000 phys=0x160000000 size=4294967296 rwx=0 -> address-space control (flush/perm), no RAM map
[Syscall] L4_MapControl(sid=0x80000100, ctrl=0x80000000) via UTCB@0xdff00000 -> res=0x1
[L4_MapControl] space=0x80000100 control=0x80000000 modify count=1
  [ctl 0] whole-space op: va=0xb0d00000 phys=0x160000000 size=4294967296 rwx=0 -> address-space control (flush/perm), no RAM map
[Syscall] L4_MapControl(sid=0x80000100, ctrl=0x80000000) via UTCB@0xdff00000 -> res=0x1
[L4_MapControl] space=0x80000100 control=0x80000000 modify count=1
  [ctl 0] whole-space op: va=0xb0d00000 phys=0x160000000 size=4294967296 rwx=0 -> address-space control (flush/perm), no RAM map
[Syscall] L4_MapControl(sid=0x80000100, ctrl=0x80000000) via UTCB@0xdff00000 -> res=0x1
[L4_MapControl] space=0x80000100 control=0x80000000 modify count=1
  [ctl 0] whole-space op: va=0xb0d00000 phys=0x160000000 size=4294967296 rwx=0 -> address-space control (flush/perm), no RAM map
[Syscall] L4_MapControl(sid=0x80000100, ctrl=0x80000000) via UTCB@0xdff00000 -> res=0x1
[L4_MapControl] space=0x80000100 control=0x80000000 modify count=1
  [ctl 0] whole-space op: va=0xb0d00000 phys=0x160000000 size=4294967296 rwx=0 -> address-space control (flush/perm), no RAM map
[Syscall] L4_MapControl(sid=0x80000100, ctrl=0x80000000) via UTCB@0xdff00000 -> res=0x1
[L4_MapControl] space=0x80000100 control=0x80000000 modify count=1
  [ctl 0] whole-space op: va=0xb0d00000 phys=0x160000000 size=4294967296 rwx=0 -> address-space control (flush/perm), no RAM map
[Syscall] L4_MapControl(sid=0x80000100, ctrl=0x80000000) via UTCB@0xdff00000 -> res=0x1
[L4_MapControl] space=0x80000100 control=0x80000000 modify count=1
  [ctl 0] whole-space op: va=0xb0d00000 phys=0x160000000 size=4294967296 rwx=0 -> address-space control (flush/perm), no RAM map
[Syscall] L4_MapControl(sid=0x80000100, ctrl=0x80000000) via UTCB@0xdff00000 -> res=0x1
[L4_MapControl] space=0x80000100 control=0x80000000 modify count=1
  [ctl 0] whole-space op: va=0xb0d00000 phys=0x160000000 size=4294967296 rwx=0 -> address-space control (flush/perm), no RAM map
[Syscall] L4_MapControl(sid=0x80000100, ctrl=0x80000000) via UTCB@0xdff00000 -> res=0x1
[L4_MapControl] space=0x80000100 control=0x80000000 modify count=1
  [ctl 0] whole-space op: va=0xb0d00000 phys=0x160000000 size=4294967296 rwx=0 -> address-space control (flush/perm), no RAM map
[Syscall] L4_MapControl(sid=0x80000100, ctrl=0x80000000) via UTCB@0xdff00000 -> res=0x1
  [Cycle 500] Core0(ARM11): pc=0xb000d6b8 insns=265107 (ok) | Core1(ARM9): pc=0xf0017890 insns=5010000 (ok)
[L4_MapControl] space=0x80000100 control=0x80000000 modify count=1
  [ctl 0] whole-space op: va=0xb0d00000 phys=0x160000000 size=4294967296 rwx=0 -> address-space control (flush/perm), no RAM map
[Syscall] L4_MapControl(sid=0x80000100, ctrl=0x80000000) via UTCB@0xdff00000 -> res=0x1
[L4_MapControl] space=0x80000100 control=0x80000000 modify count=1
  [ctl 0] whole-space op: va=0xb0d00000 phys=0x160000000 size=4294967296 rwx=0 -> address-space control (flush/perm), no RAM map
[Syscall] L4_MapControl(sid=0x80000100, ctrl=0x80000000) via UTCB@0xdff00000 -> res=0x1
[L4_MapControl] space=0x80000100 control=0x80000000 modify count=1
  [ctl 0] whole-space op: va=0xb0d00000 phys=0x160000000 size=4294967296 rwx=0 -> address-space control (flush/perm), no RAM map
[Syscall] L4_MapControl(sid=0x80000100, ctrl=0x80000000) via UTCB@0xdff00000 -> res=0x1
[L4_MapControl] space=0x80000100 control=0x80000000 modify count=1
  [ctl 0] whole-space op: va=0xb0d00000 phys=0x160000000 size=4294967296 rwx=0 -> address-space control (flush/perm), no RAM map
[Syscall] L4_MapControl(sid=0x80000100, ctrl=0x80000000) via UTCB@0xdff00000 -> res=0x1
[L4_MapControl] space=0x80000100 control=0x80000000 modify count=1
  [ctl 0] whole-space op: va=0xb0d00000 phys=0x160000000 size=4294967296 rwx=0 -> address-space control (flush/perm), no RAM map
[Syscall] L4_MapControl(sid=0x80000100, ctrl=0x80000000) via UTCB@0xdff00000 -> res=0x1
[L4_MapControl] space=0x80000100 control=0x80000000 modify count=1
  [ctl 0] whole-space op: va=0xb0d00000 phys=0x160000000 size=4294967296 rwx=0 -> address-space control (flush/perm), no RAM map
[Syscall] L4_MapControl(sid=0x80000100, ctrl=0x80000000) via UTCB@0xdff00000 -> res=0x1
[L4_MapControl] space=0x80000100 control=0x80000000 modify count=1
  [ctl 0] whole-space op: va=0xb0d00000 phys=0x160000000 size=4294967296 rwx=0 -> address-space control (flush/perm), no RAM map
[Syscall] L4_MapControl(sid=0x80000100, ctrl=0x80000000) via UTCB@0xdff00000 -> res=0x1
[L4_MapControl] space=0x80000100 control=0x80000000 modify count=1
  [ctl 0] whole-space op: va=0xb0d00000 phys=0x160000000 size=4294967296 rwx=0 -> address-space control (flush/perm), no RAM map
[Syscall] L4_MapControl(sid=0x80000100, ctrl=0x80000000) via UTCB@0xdff00000 -> res=0x1
[L4_MapControl] space=0x80000100 control=0x80000000 modify count=1
  [ctl 0] whole-space op: va=0xb0d00000 phys=0x160000000 size=4294967296 rwx=0 -> address-space control (flush/perm), no RAM map
[Syscall] L4_MapControl(sid=0x80000100, ctrl=0x80000000) via UTCB@0xdff00000 -> res=0x1
[L4_MapControl] space=0x80000100 control=0x80000000 modify count=1
  [ctl 0] whole-space op: va=0xb0d00000 phys=0x160000000 size=4294967296 rwx=0 -> address-space control (flush/perm), no RAM map
[Syscall] L4_MapControl(sid=0x80000100, ctrl=0x80000000) via UTCB@0xdff00000 -> res=0x1
  [Cycle 510] Core0(ARM11): pc=0xb000d6b8 insns=267767 (ok) | Core1(ARM9): pc=0xf0017890 insns=5110000 (ok)
[L4_MapControl] space=0x80000100 control=0x80000000 modify count=1
  [ctl 0] whole-space op: va=0xb0d00000 phys=0x160000000 size=4294967296 rwx=0 -> address-space control (flush/perm), no RAM map
[Syscall] L4_MapControl(sid=0x80000100, ctrl=0x80000000) via UTCB@0xdff00000 -> res=0x1
[L4_MapControl] space=0x80000100 control=0x80000000 modify count=1
  [ctl 0] whole-space op: va=0xb0d00000 phys=0x160000000 size=4294967296 rwx=0 -> address-space control (flush/perm), no RAM map
[Syscall] L4_MapControl(sid=0x80000100, ctrl=0x80000000) via UTCB@0xdff00000 -> res=0x1
[L4_MapControl] space=0x80000100 control=0x80000000 modify count=1
  [ctl 0] whole-space op: va=0xb0d00000 phys=0x160000000 size=4294967296 rwx=0 -> address-space control (flush/perm), no RAM map
[Syscall] L4_MapControl(sid=0x80000100, ctrl=0x80000000) via UTCB@0xdff00000 -> res=0x1
[L4_MapControl] space=0x80000100 control=0x80000000 modify count=1
  [ctl 0] whole-space op: va=0xb0d00000 phys=0x160000000 size=4294967296 rwx=0 -> address-space control (flush/perm), no RAM map
[Syscall] L4_MapControl(sid=0x80000100, ctrl=0x80000000) via UTCB@0xdff00000 -> res=0x1
[L4_MapControl] space=0x80000100 control=0x80000000 modify count=1
  [ctl 0] whole-space op: va=0xb0d00000 phys=0x160000000 size=4294967296 rwx=0 -> address-space control (flush/perm), no RAM map
[Syscall] L4_MapControl(sid=0x80000100, ctrl=0x80000000) via UTCB@0xdff00000 -> res=0x1
[L4_MapControl] space=0x80000100 control=0x80000000 modify count=1
  [ctl 0] whole-space op: va=0xb0d00000 phys=0x160000000 size=4294967296 rwx=0 -> address-space control (flush/perm), no RAM map
[Syscall] L4_MapControl(sid=0x80000100, ctrl=0x80000000) via UTCB@0xdff00000 -> res=0x1
[L4_MapControl] space=0x80000100 control=0x80000000 modify count=1
  [ctl 0] whole-space op: va=0xb0d00000 phys=0x160000000 size=4294967296 rwx=0 -> address-space control (flush/perm), no RAM map
[Syscall] L4_MapControl(sid=0x80000100, ctrl=0x80000000) via UTCB@0xdff00000 -> res=0x1
[L4_MapControl] space=0x80000100 control=0x80000000 modify count=1
  [ctl 0] whole-space op: va=0xb0d00000 phys=0x160000000 size=4294967296 rwx=0 -> address-space control (flush/perm), no RAM map
[Syscall] L4_MapControl(sid=0x80000100, ctrl=0x80000000) via UTCB@0xdff00000 -> res=0x1
[L4_MapControl] space=0x80000100 control=0x80000000 modify count=1
  [ctl 0] whole-space op: va=0xb0d00000 phys=0x160000000 size=4294967296 rwx=0 -> address-space control (flush/perm), no RAM map
[Syscall] L4_MapControl(sid=0x80000100, ctrl=0x80000000) via UTCB@0xdff00000 -> res=0x1
[L4_MapControl] space=0x80000100 control=0x80000000 modify count=1
  [ctl 0] whole-space op: va=0xb0d00000 phys=0x160000000 size=4294967296 rwx=0 -> address-space control (flush/perm), no RAM map
[Syscall] L4_MapControl(sid=0x80000100, ctrl=0x80000000) via UTCB@0xdff00000 -> res=0x1
  [Cycle 520] Core0(ARM11): pc=0xb000d6b8 insns=270427 (ok) | Core1(ARM9): pc=0xf0017890 insns=5210000 (ok)
[L4_MapControl] space=0x80000100 control=0x80000000 modify count=1
  [ctl 0] whole-space op: va=0xb0d00000 phys=0x160000000 size=4294967296 rwx=0 -> address-space control (flush/perm), no RAM map
[Syscall] L4_MapControl(sid=0x80000100, ctrl=0x80000000) via UTCB@0xdff00000 -> res=0x1
[L4_MapControl] space=0x80000100 control=0x80000000 modify count=1
  [ctl 0] whole-space op: va=0xb0d00000 phys=0x160000000 size=4294967296 rwx=0 -> address-space control (flush/perm), no RAM map
[Syscall] L4_MapControl(sid=0x80000100, ctrl=0x80000000) via UTCB@0xdff00000 -> res=0x1
[L4_MapControl] space=0x80000100 control=0x80000000 modify count=1
  [ctl 0] whole-space op: va=0xb0d00000 phys=0x160000000 size=4294967296 rwx=0 -> address-space control (flush/perm), no RAM map
[Syscall] L4_MapControl(sid=0x80000100, ctrl=0x80000000) via UTCB@0xdff00000 -> res=0x1
[L4_MapControl] space=0x80000100 control=0x80000000 modify count=1
  [ctl 0] whole-space op: va=0xb0d00000 phys=0x160000000 size=4294967296 rwx=0 -> address-space control (flush/perm), no RAM map
[Syscall] L4_MapControl(sid=0x80000100, ctrl=0x80000000) via UTCB@0xdff00000 -> res=0x1
[L4_MapControl] space=0x80000100 control=0x80000000 modify count=1
  [ctl 0] whole-space op: va=0xb0d00000 phys=0x160000000 size=4294967296 rwx=0 -> address-space control (flush/perm), no RAM map
[Syscall] L4_MapControl(sid=0x80000100, ctrl=0x80000000) via UTCB@0xdff00000 -> res=0x1
[L4_MapControl] space=0x80000100 control=0x80000000 modify count=1
  [ctl 0] whole-space op: va=0xb0d00000 phys=0x160000000 size=4294967296 rwx=0 -> address-space control (flush/perm), no RAM map
[Syscall] L4_MapControl(sid=0x80000100, ctrl=0x80000000) via UTCB@0xdff00000 -> res=0x1
[L4_MapControl] space=0x80000100 control=0x80000000 modify count=1
  [ctl 0] whole-space op: va=0xb0d00000 phys=0x160000000 size=4294967296 rwx=0 -> address-space control (flush/perm), no RAM map
[Syscall] L4_MapControl(sid=0x80000100, ctrl=0x80000000) via UTCB@0xdff00000 -> res=0x1
[L4_MapControl] space=0x80000100 control=0x80000000 modify count=1
  [ctl 0] whole-space op: va=0xb0d00000 phys=0x160000000 size=4294967296 rwx=0 -> address-space control (flush/perm), no RAM map
[Syscall] L4_MapControl(sid=0x80000100, ctrl=0x80000000) via UTCB@0xdff00000 -> res=0x1
[L4_MapControl] space=0x80000100 control=0x80000000 modify count=1
  [ctl 0] whole-space op: va=0xb0d00000 phys=0x160000000 size=4294967296 rwx=0 -> address-space control (flush/perm), no RAM map
[Syscall] L4_MapControl(sid=0x80000100, ctrl=0x80000000) via UTCB@0xdff00000 -> res=0x1
[L4_MapControl] space=0x80000100 control=0x80000000 modify count=1
  [ctl 0] whole-space op: va=0xb0d00000 phys=0x160000000 size=4294967296 rwx=0 -> address-space control (flush/perm), no RAM map
[Syscall] L4_MapControl(sid=0x80000100, ctrl=0x80000000) via UTCB@0xdff00000 -> res=0x1
  [Cycle 530] Core0(ARM11): pc=0xb000d6b8 insns=273087 (ok) | Core1(ARM9): pc=0xf0017890 insns=5310000 (ok)
[L4_MapControl] space=0x80000100 control=0x80000000 modify count=1
  [ctl 0] whole-space op: va=0xb0d00000 phys=0x160000000 size=4294967296 rwx=0 -> address-space control (flush/perm), no RAM map
[Syscall] L4_MapControl(sid=0x80000100, ctrl=0x80000000) via UTCB@0xdff00000 -> res=0x1
[L4_MapControl] space=0x80000100 control=0x80000000 modify count=1
  [ctl 0] whole-space op: va=0xb0d00000 phys=0x160000000 size=4294967296 rwx=0 -> address-space control (flush/perm), no RAM map
[Syscall] L4_MapControl(sid=0x80000100, ctrl=0x80000000) via UTCB@0xdff00000 -> res=0x1
[L4_MapControl] space=0x80000100 control=0x80000000 modify count=1
  [ctl 0] whole-space op: va=0xb0d00000 phys=0x160000000 size=4294967296 rwx=0 -> address-space control (flush/perm), no RAM map
[Syscall] L4_MapControl(sid=0x80000100, ctrl=0x80000000) via UTCB@0xdff00000 -> res=0x1
[L4_MapControl] space=0x80000100 control=0x80000000 modify count=1
  [ctl 0] whole-space op: va=0xb0d00000 phys=0x160000000 size=4294967296 rwx=0 -> address-space control (flush/perm), no RAM map
[Syscall] L4_MapControl(sid=0x80000100, ctrl=0x80000000) via UTCB@0xdff00000 -> res=0x1
[L4_MapControl] space=0x80000100 control=0x80000000 modify count=1
  [ctl 0] whole-space op: va=0xb0d00000 phys=0x160000000 size=4294967296 rwx=0 -> address-space control (flush/perm), no RAM map
[Syscall] L4_MapControl(sid=0x80000100, ctrl=0x80000000) via UTCB@0xdff00000 -> res=0x1
[L4_MapControl] space=0x80000100 control=0x80000000 modify count=1
  [ctl 0] whole-space op: va=0xb0d00000 phys=0x160000000 size=4294967296 rwx=0 -> address-space control (flush/perm), no RAM map
[Syscall] L4_MapControl(sid=0x80000100, ctrl=0x80000000) via UTCB@0xdff00000 -> res=0x1
[L4_MapControl] space=0x80000100 control=0x80000000 modify count=1
  [ctl 0] whole-space op: va=0xb0d00000 phys=0x160000000 size=4294967296 rwx=0 -> address-space control (flush/perm), no RAM map
[Syscall] L4_MapControl(sid=0x80000100, ctrl=0x80000000) via UTCB@0xdff00000 -> res=0x1
[L4_MapControl] space=0x80000100 control=0x80000000 modify count=1
  [ctl 0] whole-space op: va=0xb0d00000 phys=0x160000000 size=4294967296 rwx=0 -> address-space control (flush/perm), no RAM map
[Syscall] L4_MapControl(sid=0x80000100, ctrl=0x80000000) via UTCB@0xdff00000 -> res=0x1
[L4_MapControl] space=0x80000100 control=0x80000000 modify count=1
  [ctl 0] whole-space op: va=0xb0d00000 phys=0x160000000 size=4294967296 rwx=0 -> address-space control (flush/perm), no RAM map
[Syscall] L4_MapControl(sid=0x80000100, ctrl=0x80000000) via UTCB@0xdff00000 -> res=0x1
[L4_MapControl] space=0x80000100 control=0x80000000 modify count=1
  [ctl 0] whole-space op: va=0xb0d00000 phys=0x160000000 size=4294967296 rwx=0 -> address-space control (flush/perm), no RAM map
[Syscall] L4_MapControl(sid=0x80000100, ctrl=0x80000000) via UTCB@0xdff00000 -> res=0x1
  [Cycle 540] Core0(ARM11): pc=0xb000d6b8 insns=275747 (ok) | Core1(ARM9): pc=0xf0017890 insns=5410000 (ok)
[L4_MapControl] space=0x80000100 control=0x80000000 modify count=1
  [ctl 0] whole-space op: va=0xb0d00000 phys=0x160000000 size=4294967296 rwx=0 -> address-space control (flush/perm), no RAM map
[Syscall] L4_MapControl(sid=0x80000100, ctrl=0x80000000) via UTCB@0xdff00000 -> res=0x1
[L4_MapControl] space=0x80000100 control=0x80000000 modify count=1
  [ctl 0] whole-space op: va=0xb0d00000 phys=0x160000000 size=4294967296 rwx=0 -> address-space control (flush/perm), no RAM map
[Syscall] L4_MapControl(sid=0x80000100, ctrl=0x80000000) via UTCB@0xdff00000 -> res=0x1
[L4_MapControl] space=0x80000100 control=0x80000000 modify count=1
  [ctl 0] whole-space op: va=0xb0d00000 phys=0x160000000 size=4294967296 rwx=0 -> address-space control (flush/perm), no RAM map
[Syscall] L4_MapControl(sid=0x80000100, ctrl=0x80000000) via UTCB@0xdff00000 -> res=0x1
[L4_MapControl] space=0x80000100 control=0x80000000 modify count=1
  [ctl 0] whole-space op: va=0xb0d00000 phys=0x160000000 size=4294967296 rwx=0 -> address-space control (flush/perm), no RAM map
[Syscall] L4_MapControl(sid=0x80000100, ctrl=0x80000000) via UTCB@0xdff00000 -> res=0x1
[L4_MapControl] space=0x80000100 control=0x80000000 modify count=1
  [ctl 0] whole-space op: va=0xb0d00000 phys=0x160000000 size=4294967296 rwx=0 -> address-space control (flush/perm), no RAM map
[Syscall] L4_MapControl(sid=0x80000100, ctrl=0x80000000) via UTCB@0xdff00000 -> res=0x1
[L4_MapControl] space=0x80000100 control=0x80000000 modify count=1
  [ctl 0] whole-space op: va=0xb0d00000 phys=0x160000000 size=4294967296 rwx=0 -> address-space control (flush/perm), no RAM map
[Syscall] L4_MapControl(sid=0x80000100, ctrl=0x80000000) via UTCB@0xdff00000 -> res=0x1
[L4_MapControl] space=0x80000100 control=0x80000000 modify count=1
  [ctl 0] whole-space op: va=0xb0d00000 phys=0x160000000 size=4294967296 rwx=0 -> address-space control (flush/perm), no RAM map
[Syscall] L4_MapControl(sid=0x80000100, ctrl=0x80000000) via UTCB@0xdff00000 -> res=0x1
[L4_MapControl] space=0x80000100 control=0x80000000 modify count=1
  [ctl 0] whole-space op: va=0xb0d00000 phys=0x160000000 size=4294967296 rwx=0 -> address-space control (flush/perm), no RAM map
[Syscall] L4_MapControl(sid=0x80000100, ctrl=0x80000000) via UTCB@0xdff00000 -> res=0x1
[L4_MapControl] space=0x80000100 control=0x80000000 modify count=1
  [ctl 0] whole-space op: va=0xb0d00000 phys=0x160000000 size=4294967296 rwx=0 -> address-space control (flush/perm), no RAM map
[Syscall] L4_MapControl(sid=0x80000100, ctrl=0x80000000) via UTCB@0xdff00000 -> res=0x1
[L4_MapControl] space=0x80000100 control=0x80000000 modify count=1
  [ctl 0] whole-space op: va=0xb0d00000 phys=0x160000000 size=4294967296 rwx=0 -> address-space control (flush/perm), no RAM map
[Syscall] L4_MapControl(sid=0x80000100, ctrl=0x80000000) via UTCB@0xdff00000 -> res=0x1
  [Cycle 550] Core0(ARM11): pc=0xb000d6b8 insns=278407 (ok) | Core1(ARM9): pc=0xf0017890 insns=5510000 (ok)
[L4_MapControl] space=0x80000100 control=0x80000000 modify count=1
  [ctl 0] whole-space op: va=0xb0d00000 phys=0x160000000 size=4294967296 rwx=0 -> address-space control (flush/perm), no RAM map
[Syscall] L4_MapControl(sid=0x80000100, ctrl=0x80000000) via UTCB@0xdff00000 -> res=0x1
[L4_MapControl] space=0x80000100 control=0x80000000 modify count=1
  [ctl 0] whole-space op: va=0xb0d00000 phys=0x160000000 size=4294967296 rwx=0 -> address-space control (flush/perm), no RAM map
[Syscall] L4_MapControl(sid=0x80000100, ctrl=0x80000000) via UTCB@0xdff00000 -> res=0x1
[L4_MapControl] space=0x80000100 control=0x80000000 modify count=1
  [ctl 0] whole-space op: va=0xb0d00000 phys=0x160000000 size=4294967296 rwx=0 -> address-space control (flush/perm), no RAM map
[Syscall] L4_MapControl(sid=0x80000100, ctrl=0x80000000) via UTCB@0xdff00000 -> res=0x1
[L4_MapControl] space=0x80000100 control=0x80000000 modify count=1
  [ctl 0] whole-space op: va=0xb0d00000 phys=0x160000000 size=4294967296 rwx=0 -> address-space control (flush/perm), no RAM map
[Syscall] L4_MapControl(sid=0x80000100, ctrl=0x80000000) via UTCB@0xdff00000 -> res=0x1
[L4_MapControl] space=0x80000100 control=0x80000000 modify count=1
  [ctl 0] whole-space op: va=0xb0d00000 phys=0x160000000 size=4294967296 rwx=0 -> address-space control (flush/perm), no RAM map
[Syscall] L4_MapControl(sid=0x80000100, ctrl=0x80000000) via UTCB@0xdff00000 -> res=0x1
[L4_MapControl] space=0x80000100 control=0x80000000 modify count=1
  [ctl 0] whole-space op: va=0xb0d00000 phys=0x160000000 size=4294967296 rwx=0 -> address-space control (flush/perm), no RAM map
[Syscall] L4_MapControl(sid=0x80000100, ctrl=0x80000000) via UTCB@0xdff00000 -> res=0x1
[L4_MapControl] space=0x80000100 control=0x80000000 modify count=1
  [ctl 0] whole-space op: va=0xb0d00000 phys=0x160000000 size=4294967296 rwx=0 -> address-space control (flush/perm), no RAM map
[Syscall] L4_MapControl(sid=0x80000100, ctrl=0x80000000) via UTCB@0xdff00000 -> res=0x1
[L4_MapControl] space=0x80000100 control=0x80000000 modify count=1
  [ctl 0] whole-space op: va=0xb0d00000 phys=0x160000000 size=4294967296 rwx=0 -> address-space control (flush/perm), no RAM map
[Syscall] L4_MapControl(sid=0x80000100, ctrl=0x80000000) via UTCB@0xdff00000 -> res=0x1
[L4_MapControl] space=0x80000100 control=0x80000000 modify count=1
  [ctl 0] whole-space op: va=0xb0d00000 phys=0x160000000 size=4294967296 rwx=0 -> address-space control (flush/perm), no RAM map
[Syscall] L4_MapControl(sid=0x80000100, ctrl=0x80000000) via UTCB@0xdff00000 -> res=0x1
[L4_MapControl] space=0x80000100 control=0x80000000 modify count=1
  [ctl 0] whole-space op: va=0xb0d00000 phys=0x160000000 size=4294967296 rwx=0 -> address-space control (flush/perm), no RAM map
[Syscall] L4_MapControl(sid=0x80000100, ctrl=0x80000000) via UTCB@0xdff00000 -> res=0x1
  [Cycle 560] Core0(ARM11): pc=0xb000d6b8 insns=281067 (ok) | Core1(ARM9): pc=0xf0017890 insns=5610000 (ok)
[L4_MapControl] space=0x80000100 control=0x80000000 modify count=1
  [ctl 0] whole-space op: va=0xb0d00000 phys=0x160000000 size=4294967296 rwx=0 -> address-space control (flush/perm), no RAM map
[Syscall] L4_MapControl(sid=0x80000100, ctrl=0x80000000) via UTCB@0xdff00000 -> res=0x1
[L4_MapControl] space=0x80000100 control=0x80000000 modify count=1
  [ctl 0] whole-space op: va=0xb0d00000 phys=0x160000000 size=4294967296 rwx=0 -> address-space control (flush/perm), no RAM map
[Syscall] L4_MapControl(sid=0x80000100, ctrl=0x80000000) via UTCB@0xdff00000 -> res=0x1
[L4_MapControl] space=0x80000100 control=0x80000000 modify count=1
  [ctl 0] whole-space op: va=0xb0d00000 phys=0x160000000 size=4294967296 rwx=0 -> address-space control (flush/perm), no RAM map
[Syscall] L4_MapControl(sid=0x80000100, ctrl=0x80000000) via UTCB@0xdff00000 -> res=0x1
[L4_MapControl] space=0x80000100 control=0x80000000 modify count=1
  [ctl 0] whole-space op: va=0xb0d00000 phys=0x160000000 size=4294967296 rwx=0 -> address-space control (flush/perm), no RAM map
[Syscall] L4_MapControl(sid=0x80000100, ctrl=0x80000000) via UTCB@0xdff00000 -> res=0x1
[L4_MapControl] space=0x80000100 control=0x80000000 modify count=1
  [ctl 0] whole-space op: va=0xb0d00000 phys=0x160000000 size=4294967296 rwx=0 -> address-space control (flush/perm), no RAM map
[Syscall] L4_MapControl(sid=0x80000100, ctrl=0x80000000) via UTCB@0xdff00000 -> res=0x1
[L4_MapControl] space=0x80000100 control=0x80000000 modify count=1
  [ctl 0] whole-space op: va=0xb0d00000 phys=0x160000000 size=4294967296 rwx=0 -> address-space control (flush/perm), no RAM map
[Syscall] L4_MapControl(sid=0x80000100, ctrl=0x80000000) via UTCB@0xdff00000 -> res=0x1
[L4_MapControl] space=0x80000100 control=0x80000000 modify count=1
  [ctl 0] whole-space op: va=0xb0d00000 phys=0x160000000 size=4294967296 rwx=0 -> address-space control (flush/perm), no RAM map
[Syscall] L4_MapControl(sid=0x80000100, ctrl=0x80000000) via UTCB@0xdff00000 -> res=0x1
[L4_MapControl] space=0x80000100 control=0x80000000 modify count=1
  [ctl 0] whole-space op: va=0xb0d00000 phys=0x160000000 size=4294967296 rwx=0 -> address-space control (flush/perm), no RAM map
[Syscall] L4_MapControl(sid=0x80000100, ctrl=0x80000000) via UTCB@0xdff00000 -> res=0x1
[L4_MapControl] space=0x80000100 control=0x80000000 modify count=1
  [ctl 0] whole-space op: va=0xb0d00000 phys=0x160000000 size=4294967296 rwx=0 -> address-space control (flush/perm), no RAM map
[Syscall] L4_MapControl(sid=0x80000100, ctrl=0x80000000) via UTCB@0xdff00000 -> res=0x1
[L4_MapControl] space=0x80000100 control=0x80000000 modify count=1
  [ctl 0] whole-space op: va=0xb0d00000 phys=0x160000000 size=4294967296 rwx=0 -> address-space control (flush/perm), no RAM map
[Syscall] L4_MapControl(sid=0x80000100, ctrl=0x80000000) via UTCB@0xdff00000 -> res=0x1
  [Cycle 570] Core0(ARM11): pc=0xb000d6b8 insns=283727 (ok) | Core1(ARM9): pc=0xf0017890 insns=5710000 (ok)
[L4_MapControl] space=0x80000100 control=0x80000000 modify count=1
  [ctl 0] whole-space op: va=0xb0d00000 phys=0x160000000 size=4294967296 rwx=0 -> address-space control (flush/perm), no RAM map
[Syscall] L4_MapControl(sid=0x80000100, ctrl=0x80000000) via UTCB@0xdff00000 -> res=0x1
[L4_MapControl] space=0x80000100 control=0x80000000 modify count=1
  [ctl 0] whole-space op: va=0xb0d00000 phys=0x160000000 size=4294967296 rwx=0 -> address-space control (flush/perm), no RAM map
[Syscall] L4_MapControl(sid=0x80000100, ctrl=0x80000000) via UTCB@0xdff00000 -> res=0x1
[L4_MapControl] space=0x80000100 control=0x80000000 modify count=1
  [ctl 0] whole-space op: va=0xb0d00000 phys=0x160000000 size=4294967296 rwx=0 -> address-space control (flush/perm), no RAM map
[Syscall] L4_MapControl(sid=0x80000100, ctrl=0x80000000) via UTCB@0xdff00000 -> res=0x1
[L4_MapControl] space=0x80000100 control=0x80000000 modify count=1
  [ctl 0] whole-space op: va=0xb0d00000 phys=0x160000000 size=4294967296 rwx=0 -> address-space control (flush/perm), no RAM map
[Syscall] L4_MapControl(sid=0x80000100, ctrl=0x80000000) via UTCB@0xdff00000 -> res=0x1
[L4_MapControl] space=0x80000100 control=0x80000000 modify count=1
  [ctl 0] whole-space op: va=0xb0d00000 phys=0x160000000 size=4294967296 rwx=0 -> address-space control (flush/perm), no RAM map
[Syscall] L4_MapControl(sid=0x80000100, ctrl=0x80000000) via UTCB@0xdff00000 -> res=0x1
[L4_MapControl] space=0x80000100 control=0x80000000 modify count=1
  [ctl 0] whole-space op: va=0xb0d00000 phys=0x160000000 size=4294967296 rwx=0 -> address-space control (flush/perm), no RAM map
[Syscall] L4_MapControl(sid=0x80000100, ctrl=0x80000000) via UTCB@0xdff00000 -> res=0x1
[L4_MapControl] space=0x80000100 control=0x80000000 modify count=1
  [ctl 0] whole-space op: va=0xb0d00000 phys=0x160000000 size=4294967296 rwx=0 -> address-space control (flush/perm), no RAM map
[Syscall] L4_MapControl(sid=0x80000100, ctrl=0x80000000) via UTCB@0xdff00000 -> res=0x1
[L4_MapControl] space=0x80000100 control=0x80000000 modify count=1
  [ctl 0] whole-space op: va=0xb0d00000 phys=0x160000000 size=4294967296 rwx=0 -> address-space control (flush/perm), no RAM map
[Syscall] L4_MapControl(sid=0x80000100, ctrl=0x80000000) via UTCB@0xdff00000 -> res=0x1
[L4_MapControl] space=0x80000100 control=0x80000000 modify count=1
  [ctl 0] whole-space op: va=0xb0d00000 phys=0x160000000 size=4294967296 rwx=0 -> address-space control (flush/perm), no RAM map
[Syscall] L4_MapControl(sid=0x80000100, ctrl=0x80000000) via UTCB@0xdff00000 -> res=0x1
[L4_MapControl] space=0x80000100 control=0x80000000 modify count=1
  [ctl 0] whole-space op: va=0xb0d00000 phys=0x160000000 size=4294967296 rwx=0 -> address-space control (flush/perm), no RAM map
[Syscall] L4_MapControl(sid=0x80000100, ctrl=0x80000000) via UTCB@0xdff00000 -> res=0x1
  [Cycle 580] Core0(ARM11): pc=0xb000d6b8 insns=286387 (ok) | Core1(ARM9): pc=0xf0017890 insns=5810000 (ok)
[L4_MapControl] space=0x80000100 control=0x80000000 modify count=1
  [ctl 0] whole-space op: va=0xb0d00000 phys=0x160000000 size=4294967296 rwx=0 -> address-space control (flush/perm), no RAM map
[Syscall] L4_MapControl(sid=0x80000100, ctrl=0x80000000) via UTCB@0xdff00000 -> res=0x1
[L4_MapControl] space=0x80000100 control=0x80000000 modify count=1
  [ctl 0] whole-space op: va=0xb0d00000 phys=0x160000000 size=4294967296 rwx=0 -> address-space control (flush/perm), no RAM map
[Syscall] L4_MapControl(sid=0x80000100, ctrl=0x80000000) via UTCB@0xdff00000 -> res=0x1
[L4_MapControl] space=0x80000100 control=0x80000000 modify count=1
  [ctl 0] whole-space op: va=0xb0d00000 phys=0x160000000 size=4294967296 rwx=0 -> address-space control (flush/perm), no RAM map
[Syscall] L4_MapControl(sid=0x80000100, ctrl=0x80000000) via UTCB@0xdff00000 -> res=0x1
[L4_MapControl] space=0x80000100 control=0x80000000 modify count=1
  [ctl 0] whole-space op: va=0xb0d00000 phys=0x160000000 size=4294967296 rwx=0 -> address-space control (flush/perm), no RAM map
[Syscall] L4_MapControl(sid=0x80000100, ctrl=0x80000000) via UTCB@0xdff00000 -> res=0x1
[L4_MapControl] space=0x80000100 control=0x80000000 modify count=1
  [ctl 0] whole-space op: va=0xb0d00000 phys=0x160000000 size=4294967296 rwx=0 -> address-space control (flush/perm), no RAM map
[Syscall] L4_MapControl(sid=0x80000100, ctrl=0x80000000) via UTCB@0xdff00000 -> res=0x1
[L4_MapControl] space=0x80000100 control=0x80000000 modify count=1
  [ctl 0] whole-space op: va=0xb0d00000 phys=0x160000000 size=4294967296 rwx=0 -> address-space control (flush/perm), no RAM map
[Syscall] L4_MapControl(sid=0x80000100, ctrl=0x80000000) via UTCB@0xdff00000 -> res=0x1
[L4_MapControl] space=0x80000100 control=0x80000000 modify count=1
  [ctl 0] whole-space op: va=0xb0d00000 phys=0x160000000 size=4294967296 rwx=0 -> address-space control (flush/perm), no RAM map
[Syscall] L4_MapControl(sid=0x80000100, ctrl=0x80000000) via UTCB@0xdff00000 -> res=0x1
[L4_MapControl] space=0x80000100 control=0x80000000 modify count=1
  [ctl 0] whole-space op: va=0xb0d00000 phys=0x160000000 size=4294967296 rwx=0 -> address-space control (flush/perm), no RAM map
[Syscall] L4_MapControl(sid=0x80000100, ctrl=0x80000000) via UTCB@0xdff00000 -> res=0x1
[L4_MapControl] space=0x80000100 control=0x80000000 modify count=1
  [ctl 0] whole-space op: va=0xb0d00000 phys=0x160000000 size=4294967296 rwx=0 -> address-space control (flush/perm), no RAM map
[Syscall] L4_MapControl(sid=0x80000100, ctrl=0x80000000) via UTCB@0xdff00000 -> res=0x1
[L4_MapControl] space=0x80000100 control=0x80000000 modify count=1
  [ctl 0] whole-space op: va=0xb0d00000 phys=0x160000000 size=4294967296 rwx=0 -> address-space control (flush/perm), no RAM map
[Syscall] L4_MapControl(sid=0x80000100, ctrl=0x80000000) via UTCB@0xdff00000 -> res=0x1
  [Cycle 590] Core0(ARM11): pc=0xb000d6b8 insns=289047 (ok) | Core1(ARM9): pc=0xf0017890 insns=5910000 (ok)
[L4_MapControl] space=0x80000100 control=0x80000000 modify count=1
  [ctl 0] whole-space op: va=0xb0d00000 phys=0x160000000 size=4294967296 rwx=0 -> address-space control (flush/perm), no RAM map
[Syscall] L4_MapControl(sid=0x80000100, ctrl=0x80000000) via UTCB@0xdff00000 -> res=0x1
[L4_MapControl] space=0x80000100 control=0x80000000 modify count=1
  [ctl 0] whole-space op: va=0xb0d00000 phys=0x160000000 size=4294967296 rwx=0 -> address-space control (flush/perm), no RAM map
[Syscall] L4_MapControl(sid=0x80000100, ctrl=0x80000000) via UTCB@0xdff00000 -> res=0x1
[L4_MapControl] space=0x80000100 control=0x80000000 modify count=1
  [ctl 0] whole-space op: va=0xb0d00000 phys=0x160000000 size=4294967296 rwx=0 -> address-space control (flush/perm), no RAM map
[Syscall] L4_MapControl(sid=0x80000100, ctrl=0x80000000) via UTCB@0xdff00000 -> res=0x1
[L4_MapControl] space=0x80000100 control=0x80000000 modify count=1
  [ctl 0] whole-space op: va=0xb0d00000 phys=0x160000000 size=4294967296 rwx=0 -> address-space control (flush/perm), no RAM map
[Syscall] L4_MapControl(sid=0x80000100, ctrl=0x80000000) via UTCB@0xdff00000 -> res=0x1
[L4_MapControl] space=0x80000100 control=0x80000000 modify count=1
  [ctl 0] whole-space op: va=0xb0d00000 phys=0x160000000 size=4294967296 rwx=0 -> address-space control (flush/perm), no RAM map
[Syscall] L4_MapControl(sid=0x80000100, ctrl=0x80000000) via UTCB@0xdff00000 -> res=0x1
[L4_MapControl] space=0x80000100 control=0x80000000 modify count=1
  [ctl 0] whole-space op: va=0xb0d00000 phys=0x160000000 size=4294967296 rwx=0 -> address-space control (flush/perm), no RAM map
[Syscall] L4_MapControl(sid=0x80000100, ctrl=0x80000000) via UTCB@0xdff00000 -> res=0x1
[L4_MapControl] space=0x80000100 control=0x80000000 modify count=1
  [ctl 0] whole-space op: va=0xb0d00000 phys=0x160000000 size=4294967296 rwx=0 -> address-space control (flush/perm), no RAM map
[Syscall] L4_MapControl(sid=0x80000100, ctrl=0x80000000) via UTCB@0xdff00000 -> res=0x1
[L4_MapControl] space=0x80000100 control=0x80000000 modify count=1
  [ctl 0] whole-space op: va=0xb0d00000 phys=0x160000000 size=4294967296 rwx=0 -> address-space control (flush/perm), no RAM map
[Syscall] L4_MapControl(sid=0x80000100, ctrl=0x80000000) via UTCB@0xdff00000 -> res=0x1
[L4_MapControl] space=0x80000100 control=0x80000000 modify count=1
  [ctl 0] whole-space op: va=0xb0d00000 phys=0x160000000 size=4294967296 rwx=0 -> address-space control (flush/perm), no RAM map
[Syscall] L4_MapControl(sid=0x80000100, ctrl=0x80000000) via UTCB@0xdff00000 -> res=0x1
[L4_MapControl] space=0x80000100 control=0x80000000 modify count=1
  [ctl 0] whole-space op: va=0xb0d00000 phys=0x160000000 size=4294967296 rwx=0 -> address-space control (flush/perm), no RAM map
[Syscall] L4_MapControl(sid=0x80000100, ctrl=0x80000000) via UTCB@0xdff00000 -> res=0x1
  [Cycle 600] Core0(ARM11): pc=0xb000d6b8 insns=291707 (ok) | Core1(ARM9): pc=0xf0017890 insns=6010000 (ok)
[L4_MapControl] space=0x80000100 control=0x80000000 modify count=1
  [ctl 0] whole-space op: va=0xb0d00000 phys=0x160000000 size=4294967296 rwx=0 -> address-space control (flush/perm), no RAM map
[Syscall] L4_MapControl(sid=0x80000100, ctrl=0x80000000) via UTCB@0xdff00000 -> res=0x1
[L4_MapControl] space=0x80000100 control=0x80000000 modify count=1
  [ctl 0] whole-space op: va=0xb0d00000 phys=0x160000000 size=4294967296 rwx=0 -> address-space control (flush/perm), no RAM map
[Syscall] L4_MapControl(sid=0x80000100, ctrl=0x80000000) via UTCB@0xdff00000 -> res=0x1
[L4_MapControl] space=0x80000100 control=0x80000000 modify count=1
  [ctl 0] whole-space op: va=0xb0d00000 phys=0x160000000 size=4294967296 rwx=0 -> address-space control (flush/perm), no RAM map
[Syscall] L4_MapControl(sid=0x80000100, ctrl=0x80000000) via UTCB@0xdff00000 -> res=0x1
[L4_MapControl] space=0x80000100 control=0x80000000 modify count=1
  [ctl 0] whole-space op: va=0xb0d00000 phys=0x160000000 size=4294967296 rwx=0 -> address-space control (flush/perm), no RAM map
[Syscall] L4_MapControl(sid=0x80000100, ctrl=0x80000000) via UTCB@0xdff00000 -> res=0x1
[L4_MapControl] space=0x80000100 control=0x80000000 modify count=1
  [ctl 0] whole-space op: va=0xb0d00000 phys=0x160000000 size=4294967296 rwx=0 -> address-space control (flush/perm), no RAM map
[Syscall] L4_MapControl(sid=0x80000100, ctrl=0x80000000) via UTCB@0xdff00000 -> res=0x1
[L4_MapControl] space=0x80000100 control=0x80000000 modify count=1
  [ctl 0] whole-space op: va=0xb0d00000 phys=0x160000000 size=4294967296 rwx=0 -> address-space control (flush/perm), no RAM map
[Syscall] L4_MapControl(sid=0x80000100, ctrl=0x80000000) via UTCB@0xdff00000 -> res=0x1
[L4_MapControl] space=0x80000100 control=0x80000000 modify count=1
  [ctl 0] whole-space op: va=0xb0d00000 phys=0x160000000 size=4294967296 rwx=0 -> address-space control (flush/perm), no RAM map
[Syscall] L4_MapControl(sid=0x80000100, ctrl=0x80000000) via UTCB@0xdff00000 -> res=0x1
[L4_MapControl] space=0x80000100 control=0x80000000 modify count=1
  [ctl 0] whole-space op: va=0xb0d00000 phys=0x160000000 size=4294967296 rwx=0 -> address-space control (flush/perm), no RAM map
[Syscall] L4_MapControl(sid=0x80000100, ctrl=0x80000000) via UTCB@0xdff00000 -> res=0x1
[L4_MapControl] space=0x80000100 control=0x80000000 modify count=1
  [ctl 0] whole-space op: va=0xb0d00000 phys=0x160000000 size=4294967296 rwx=0 -> address-space control (flush/perm), no RAM map
[Syscall] L4_MapControl(sid=0x80000100, ctrl=0x80000000) via UTCB@0xdff00000 -> res=0x1
[L4_MapControl] space=0x80000100 control=0x80000000 modify count=1
  [ctl 0] whole-space op: va=0xb0d00000 phys=0x160000000 size=4294967296 rwx=0 -> address-space control (flush/perm), no RAM map
[Syscall] L4_MapControl(sid=0x80000100, ctrl=0x80000000) via UTCB@0xdff00000 -> res=0x1
  [Cycle 610] Core0(ARM11): pc=0xb000d6b8 insns=294367 (ok) | Core1(ARM9): pc=0xf0017890 insns=6110000 (ok)
[L4_MapControl] space=0x80000100 control=0x80000000 modify count=1
  [ctl 0] whole-space op: va=0xb0d00000 phys=0x160000000 size=4294967296 rwx=0 -> address-space control (flush/perm), no RAM map
[Syscall] L4_MapControl(sid=0x80000100, ctrl=0x80000000) via UTCB@0xdff00000 -> res=0x1
[L4_MapControl] space=0x80000100 control=0x80000000 modify count=1
  [ctl 0] whole-space op: va=0xb0d00000 phys=0x160000000 size=4294967296 rwx=0 -> address-space control (flush/perm), no RAM map
[Syscall] L4_MapControl(sid=0x80000100, ctrl=0x80000000) via UTCB@0xdff00000 -> res=0x1
[L4_MapControl] space=0x80000100 control=0x80000000 modify count=1
  [ctl 0] whole-space op: va=0xb0d00000 phys=0x160000000 size=4294967296 rwx=0 -> address-space control (flush/perm), no RAM map
[Syscall] L4_MapControl(sid=0x80000100, ctrl=0x80000000) via UTCB@0xdff00000 -> res=0x1
[L4_MapControl] space=0x80000100 control=0x80000000 modify count=1
  [ctl 0] whole-space op: va=0xb0d00000 phys=0x160000000 size=4294967296 rwx=0 -> address-space control (flush/perm), no RAM map
[Syscall] L4_MapControl(sid=0x80000100, ctrl=0x80000000) via UTCB@0xdff00000 -> res=0x1
[L4_MapControl] space=0x80000100 control=0x80000000 modify count=1
  [ctl 0] whole-space op: va=0xb0d00000 phys=0x160000000 size=4294967296 rwx=0 -> address-space control (flush/perm), no RAM map
[Syscall] L4_MapControl(sid=0x80000100, ctrl=0x80000000) via UTCB@0xdff00000 -> res=0x1
[L4_MapControl] space=0x80000100 control=0x80000000 modify count=1
  [ctl 0] whole-space op: va=0xb0d00000 phys=0x160000000 size=4294967296 rwx=0 -> address-space control (flush/perm), no RAM map
[Syscall] L4_MapControl(sid=0x80000100, ctrl=0x80000000) via UTCB@0xdff00000 -> res=0x1
[L4_MapControl] space=0x80000100 control=0x80000000 modify count=1
  [ctl 0] whole-space op: va=0xb0d00000 phys=0x160000000 size=4294967296 rwx=0 -> address-space control (flush/perm), no RAM map
[Syscall] L4_MapControl(sid=0x80000100, ctrl=0x80000000) via UTCB@0xdff00000 -> res=0x1
[L4_MapControl] space=0x80000100 control=0x80000000 modify count=1
  [ctl 0] whole-space op: va=0xb0d00000 phys=0x160000000 size=4294967296 rwx=0 -> address-space control (flush/perm), no RAM map
[Syscall] L4_MapControl(sid=0x80000100, ctrl=0x80000000) via UTCB@0xdff00000 -> res=0x1
[L4_MapControl] space=0x80000100 control=0x80000000 modify count=1
  [ctl 0] whole-space op: va=0xb0d00000 phys=0x160000000 size=4294967296 rwx=0 -> address-space control (flush/perm), no RAM map
[Syscall] L4_MapControl(sid=0x80000100, ctrl=0x80000000) via UTCB@0xdff00000 -> res=0x1
[L4_MapControl] space=0x80000100 control=0x80000000 modify count=1
  [ctl 0] whole-space op: va=0xb0d00000 phys=0x160000000 size=4294967296 rwx=0 -> address-space control (flush/perm), no RAM map
[Syscall] L4_MapControl(sid=0x80000100, ctrl=0x80000000) via UTCB@0xdff00000 -> res=0x1
  [Cycle 620] Core0(ARM11): pc=0xb000d6b8 insns=297027 (ok) | Core1(ARM9): pc=0xf0017890 insns=6210000 (ok)
[L4_MapControl] space=0x80000100 control=0x80000000 modify count=1
  [ctl 0] whole-space op: va=0xb0d00000 phys=0x160000000 size=4294967296 rwx=0 -> address-space control (flush/perm), no RAM map
[Syscall] L4_MapControl(sid=0x80000100, ctrl=0x80000000) via UTCB@0xdff00000 -> res=0x1
[L4_MapControl] space=0x80000100 control=0x80000000 modify count=1
  [ctl 0] whole-space op: va=0xb0d00000 phys=0x160000000 size=4294967296 rwx=0 -> address-space control (flush/perm), no RAM map
[Syscall] L4_MapControl(sid=0x80000100, ctrl=0x80000000) via UTCB@0xdff00000 -> res=0x1
[L4_MapControl] space=0x80000100 control=0x80000000 modify count=1
  [ctl 0] whole-space op: va=0xb0d00000 phys=0x160000000 size=4294967296 rwx=0 -> address-space control (flush/perm), no RAM map
[Syscall] L4_MapControl(sid=0x80000100, ctrl=0x80000000) via UTCB@0xdff00000 -> res=0x1
[L4_MapControl] space=0x80000100 control=0x80000000 modify count=1
  [ctl 0] whole-space op: va=0xb0d00000 phys=0x160000000 size=4294967296 rwx=0 -> address-space control (flush/perm), no RAM map
[Syscall] L4_MapControl(sid=0x80000100, ctrl=0x80000000) via UTCB@0xdff00000 -> res=0x1
[L4_MapControl] space=0x80000100 control=0x80000000 modify count=1
  [ctl 0] whole-space op: va=0xb0d00000 phys=0x160000000 size=4294967296 rwx=0 -> address-space control (flush/perm), no RAM map
[Syscall] L4_MapControl(sid=0x80000100, ctrl=0x80000000) via UTCB@0xdff00000 -> res=0x1
[L4_MapControl] space=0x80000100 control=0x80000000 modify count=1
  [ctl 0] whole-space op: va=0xb0d00000 phys=0x160000000 size=4294967296 rwx=0 -> address-space control (flush/perm), no RAM map
[Syscall] L4_MapControl(sid=0x80000100, ctrl=0x80000000) via UTCB@0xdff00000 -> res=0x1
[L4_MapControl] space=0x80000100 control=0x80000000 modify count=1
  [ctl 0] whole-space op: va=0xb0d00000 phys=0x160000000 size=4294967296 rwx=0 -> address-space control (flush/perm), no RAM map
[Syscall] L4_MapControl(sid=0x80000100, ctrl=0x80000000) via UTCB@0xdff00000 -> res=0x1
[L4_MapControl] space=0x80000100 control=0x80000000 modify count=1
  [ctl 0] whole-space op: va=0xb0d00000 phys=0x160000000 size=4294967296 rwx=0 -> address-space control (flush/perm), no RAM map
[Syscall] L4_MapControl(sid=0x80000100, ctrl=0x80000000) via UTCB@0xdff00000 -> res=0x1
[L4_MapControl] space=0x80000100 control=0x80000000 modify count=1
  [ctl 0] whole-space op: va=0xb0d00000 phys=0x160000000 size=4294967296 rwx=0 -> address-space control (flush/perm), no RAM map
[Syscall] L4_MapControl(sid=0x80000100, ctrl=0x80000000) via UTCB@0xdff00000 -> res=0x1
[L4_MapControl] space=0x80000100 control=0x80000000 modify count=1
  [ctl 0] whole-space op: va=0xb0d00000 phys=0x160000000 size=4294967296 rwx=0 -> address-space control (flush/perm), no RAM map
[Syscall] L4_MapControl(sid=0x80000100, ctrl=0x80000000) via UTCB@0xdff00000 -> res=0x1
  [Cycle 630] Core0(ARM11): pc=0xb000d6b8 insns=299687 (ok) | Core1(ARM9): pc=0xf0017890 insns=6310000 (ok)
[L4_MapControl] space=0x80000100 control=0x80000000 modify count=1
  [ctl 0] whole-space op: va=0xb0d00000 phys=0x160000000 size=4294967296 rwx=0 -> address-space control (flush/perm), no RAM map
[Syscall] L4_MapControl(sid=0x80000100, ctrl=0x80000000) via UTCB@0xdff00000 -> res=0x1
[L4_MapControl] space=0x80000100 control=0x80000000 modify count=1
  [ctl 0] whole-space op: va=0xb0d00000 phys=0x160000000 size=4294967296 rwx=0 -> address-space control (flush/perm), no RAM map
[Syscall] L4_MapControl(sid=0x80000100, ctrl=0x80000000) via UTCB@0xdff00000 -> res=0x1
[L4_MapControl] space=0x80000100 control=0x80000000 modify count=1
  [ctl 0] whole-space op: va=0xb0d00000 phys=0x160000000 size=4294967296 rwx=0 -> address-space control (flush/perm), no RAM map
[Syscall] L4_MapControl(sid=0x80000100, ctrl=0x80000000) via UTCB@0xdff00000 -> res=0x1
[L4_MapControl] space=0x80000100 control=0x80000000 modify count=1
  [ctl 0] whole-space op: va=0xb0d00000 phys=0x160000000 size=4294967296 rwx=0 -> address-space control (flush/perm), no RAM map
[Syscall] L4_MapControl(sid=0x80000100, ctrl=0x80000000) via UTCB@0xdff00000 -> res=0x1
[L4_MapControl] space=0x80000100 control=0x80000000 modify count=1
  [ctl 0] whole-space op: va=0xb0d00000 phys=0x160000000 size=4294967296 rwx=0 -> address-space control (flush/perm), no RAM map
[Syscall] L4_MapControl(sid=0x80000100, ctrl=0x80000000) via UTCB@0xdff00000 -> res=0x1
[L4_MapControl] space=0x80000100 control=0x80000000 modify count=1
  [ctl 0] whole-space op: va=0xb0d00000 phys=0x160000000 size=4294967296 rwx=0 -> address-space control (flush/perm), no RAM map
[Syscall] L4_MapControl(sid=0x80000100, ctrl=0x80000000) via UTCB@0xdff00000 -> res=0x1
[L4_MapControl] space=0x80000100 control=0x80000000 modify count=1
  [ctl 0] whole-space op: va=0xb0d00000 phys=0x160000000 size=4294967296 rwx=0 -> address-space control (flush/perm), no RAM map
[Syscall] L4_MapControl(sid=0x80000100, ctrl=0x80000000) via UTCB@0xdff00000 -> res=0x1
[L4_MapControl] space=0x80000100 control=0x80000000 modify count=1
  [ctl 0] whole-space op: va=0xb0d00000 phys=0x160000000 size=4294967296 rwx=0 -> address-space control (flush/perm), no RAM map
[Syscall] L4_MapControl(sid=0x80000100, ctrl=0x80000000) via UTCB@0xdff00000 -> res=0x1
[L4_MapControl] space=0x80000100 control=0x80000000 modify count=1
  [ctl 0] whole-space op: va=0xb0d00000 phys=0x160000000 size=4294967296 rwx=0 -> address-space control (flush/perm), no RAM map
[Syscall] L4_MapControl(sid=0x80000100, ctrl=0x80000000) via UTCB@0xdff00000 -> res=0x1
[L4_MapControl] space=0x80000100 control=0x80000000 modify count=1
  [ctl 0] whole-space op: va=0xb0d00000 phys=0x160000000 size=4294967296 rwx=0 -> address-space control (flush/perm), no RAM map
[Syscall] L4_MapControl(sid=0x80000100, ctrl=0x80000000) via UTCB@0xdff00000 -> res=0x1
  [Cycle 640] Core0(ARM11): pc=0xb000d6b8 insns=302347 (ok) | Core1(ARM9): pc=0xf0017890 insns=6410000 (ok)
[L4_MapControl] space=0x80000100 control=0x80000000 modify count=1
  [ctl 0] whole-space op: va=0xb0d00000 phys=0x160000000 size=4294967296 rwx=0 -> address-space control (flush/perm), no RAM map
[Syscall] L4_MapControl(sid=0x80000100, ctrl=0x80000000) via UTCB@0xdff00000 -> res=0x1
[L4_MapControl] space=0x80000100 control=0x80000000 modify count=1
  [ctl 0] whole-space op: va=0xb0d00000 phys=0x160000000 size=4294967296 rwx=0 -> address-space control (flush/perm), no RAM map
[Syscall] L4_MapControl(sid=0x80000100, ctrl=0x80000000) via UTCB@0xdff00000 -> res=0x1
[L4_MapControl] space=0x80000100 control=0x80000000 modify count=1
  [ctl 0] whole-space op: va=0xb0d00000 phys=0x160000000 size=4294967296 rwx=0 -> address-space control (flush/perm), no RAM map
[Syscall] L4_MapControl(sid=0x80000100, ctrl=0x80000000) via UTCB@0xdff00000 -> res=0x1
[L4_MapControl] space=0x80000100 control=0x80000000 modify count=1
  [ctl 0] whole-space op: va=0xb0d00000 phys=0x160000000 size=4294967296 rwx=0 -> address-space control (flush/perm), no RAM map
[Syscall] L4_MapControl(sid=0x80000100, ctrl=0x80000000) via UTCB@0xdff00000 -> res=0x1
[L4_MapControl] space=0x80000100 control=0x80000000 modify count=1
  [ctl 0] whole-space op: va=0xb0d00000 phys=0x160000000 size=4294967296 rwx=0 -> address-space control (flush/perm), no RAM map
[Syscall] L4_MapControl(sid=0x80000100, ctrl=0x80000000) via UTCB@0xdff00000 -> res=0x1
[L4_MapControl] space=0x80000100 control=0x80000000 modify count=1
  [ctl 0] whole-space op: va=0xb0d00000 phys=0x160000000 size=4294967296 rwx=0 -> address-space control (flush/perm), no RAM map
[Syscall] L4_MapControl(sid=0x80000100, ctrl=0x80000000) via UTCB@0xdff00000 -> res=0x1
[L4_MapControl] space=0x80000100 control=0x80000000 modify count=1
  [ctl 0] whole-space op: va=0xb0d00000 phys=0x160000000 size=4294967296 rwx=0 -> address-space control (flush/perm), no RAM map
[Syscall] L4_MapControl(sid=0x80000100, ctrl=0x80000000) via UTCB@0xdff00000 -> res=0x1
[L4_MapControl] space=0x80000100 control=0x80000000 modify count=1
  [ctl 0] whole-space op: va=0xb0d00000 phys=0x160000000 size=4294967296 rwx=0 -> address-space control (flush/perm), no RAM map
[Syscall] L4_MapControl(sid=0x80000100, ctrl=0x80000000) via UTCB@0xdff00000 -> res=0x1
[L4_MapControl] space=0x80000100 control=0x80000000 modify count=1
  [ctl 0] whole-space op: va=0xb0d00000 phys=0x160000000 size=4294967296 rwx=0 -> address-space control (flush/perm), no RAM map
[Syscall] L4_MapControl(sid=0x80000100, ctrl=0x80000000) via UTCB@0xdff00000 -> res=0x1
[L4_MapControl] space=0x80000100 control=0x80000000 modify count=1
  [ctl 0] whole-space op: va=0xb0d00000 phys=0x160000000 size=4294967296 rwx=0 -> address-space control (flush/perm), no RAM map
[Syscall] L4_MapControl(sid=0x80000100, ctrl=0x80000000) via UTCB@0xdff00000 -> res=0x1
  [Cycle 650] Core0(ARM11): pc=0xb000d6b8 insns=305007 (ok) | Core1(ARM9): pc=0xf0017890 insns=6510000 (ok)
[L4_MapControl] space=0x80000100 control=0x80000000 modify count=1
  [ctl 0] whole-space op: va=0xb0d00000 phys=0x160000000 size=4294967296 rwx=0 -> address-space control (flush/perm), no RAM map
[Syscall] L4_MapControl(sid=0x80000100, ctrl=0x80000000) via UTCB@0xdff00000 -> res=0x1
[L4_MapControl] space=0x80000100 control=0x80000000 modify count=1
  [ctl 0] whole-space op: va=0xb0d00000 phys=0x160000000 size=4294967296 rwx=0 -> address-space control (flush/perm), no RAM map
[Syscall] L4_MapControl(sid=0x80000100, ctrl=0x80000000) via UTCB@0xdff00000 -> res=0x1
[L4_MapControl] space=0x80000100 control=0x80000000 modify count=1
  [ctl 0] whole-space op: va=0xb0d00000 phys=0x160000000 size=4294967296 rwx=0 -> address-space control (flush/perm), no RAM map
[Syscall] L4_MapControl(sid=0x80000100, ctrl=0x80000000) via UTCB@0xdff00000 -> res=0x1
[L4_MapControl] space=0x80000100 control=0x80000000 modify count=1
  [ctl 0] whole-space op: va=0xb0d00000 phys=0x160000000 size=4294967296 rwx=0 -> address-space control (flush/perm), no RAM map
[Syscall] L4_MapControl(sid=0x80000100, ctrl=0x80000000) via UTCB@0xdff00000 -> res=0x1
[L4_MapControl] space=0x80000100 control=0x80000000 modify count=1
  [ctl 0] whole-space op: va=0xb0d00000 phys=0x160000000 size=4294967296 rwx=0 -> address-space control (flush/perm), no RAM map
[Syscall] L4_MapControl(sid=0x80000100, ctrl=0x80000000) via UTCB@0xdff00000 -> res=0x1
[L4_MapControl] space=0x80000100 control=0x80000000 modify count=1
  [ctl 0] whole-space op: va=0xb0d00000 phys=0x160000000 size=4294967296 rwx=0 -> address-space control (flush/perm), no RAM map
[Syscall] L4_MapControl(sid=0x80000100, ctrl=0x80000000) via UTCB@0xdff00000 -> res=0x1
[L4_MapControl] space=0x80000100 control=0x80000000 modify count=1
  [ctl 0] whole-space op: va=0xb0d00000 phys=0x160000000 size=4294967296 rwx=0 -> address-space control (flush/perm), no RAM map
[Syscall] L4_MapControl(sid=0x80000100, ctrl=0x80000000) via UTCB@0xdff00000 -> res=0x1
[L4_MapControl] space=0x80000100 control=0x80000000 modify count=1
  [ctl 0] whole-space op: va=0xb0d00000 phys=0x160000000 size=4294967296 rwx=0 -> address-space control (flush/perm), no RAM map
[Syscall] L4_MapControl(sid=0x80000100, ctrl=0x80000000) via UTCB@0xdff00000 -> res=0x1
[L4_MapControl] space=0x80000100 control=0x80000000 modify count=1
  [ctl 0] whole-space op: va=0xb0d00000 phys=0x160000000 size=4294967296 rwx=0 -> address-space control (flush/perm), no RAM map
[Syscall] L4_MapControl(sid=0x80000100, ctrl=0x80000000) via UTCB@0xdff00000 -> res=0x1
[L4_MapControl] space=0x80000100 control=0x80000000 modify count=1
  [ctl 0] whole-space op: va=0xb0d00000 phys=0x160000000 size=4294967296 rwx=0 -> address-space control (flush/perm), no RAM map
[Syscall] L4_MapControl(sid=0x80000100, ctrl=0x80000000) via UTCB@0xdff00000 -> res=0x1
  [Cycle 660] Core0(ARM11): pc=0xb000d6b8 insns=307667 (ok) | Core1(ARM9): pc=0xf0017890 insns=6610000 (ok)
[L4_MapControl] space=0x80000100 control=0x80000000 modify count=1
  [ctl 0] whole-space op: va=0xb0d00000 phys=0x160000000 size=4294967296 rwx=0 -> address-space control (flush/perm), no RAM map
[Syscall] L4_MapControl(sid=0x80000100, ctrl=0x80000000) via UTCB@0xdff00000 -> res=0x1
[L4_MapControl] space=0x80000100 control=0x80000000 modify count=1
  [ctl 0] whole-space op: va=0xb0d00000 phys=0x160000000 size=4294967296 rwx=0 -> address-space control (flush/perm), no RAM map
[Syscall] L4_MapControl(sid=0x80000100, ctrl=0x80000000) via UTCB@0xdff00000 -> res=0x1
[L4_MapControl] space=0x80000100 control=0x80000000 modify count=1
  [ctl 0] whole-space op: va=0xb0d00000 phys=0x160000000 size=4294967296 rwx=0 -> address-space control (flush/perm), no RAM map
[Syscall] L4_MapControl(sid=0x80000100, ctrl=0x80000000) via UTCB@0xdff00000 -> res=0x1
[L4_MapControl] space=0x80000100 control=0x80000000 modify count=1
  [ctl 0] whole-space op: va=0xb0d00000 phys=0x160000000 size=4294967296 rwx=0 -> address-space control (flush/perm), no RAM map
[Syscall] L4_MapControl(sid=0x80000100, ctrl=0x80000000) via UTCB@0xdff00000 -> res=0x1
[L4_MapControl] space=0x80000100 control=0x80000000 modify count=1
  [ctl 0] whole-space op: va=0xb0d00000 phys=0x160000000 size=4294967296 rwx=0 -> address-space control (flush/perm), no RAM map
[Syscall] L4_MapControl(sid=0x80000100, ctrl=0x80000000) via UTCB@0xdff00000 -> res=0x1
[L4_MapControl] space=0x80000100 control=0x80000000 modify count=1
  [ctl 0] whole-space op: va=0xb0d00000 phys=0x160000000 size=4294967296 rwx=0 -> address-space control (flush/perm), no RAM map
[Syscall] L4_MapControl(sid=0x80000100, ctrl=0x80000000) via UTCB@0xdff00000 -> res=0x1
[L4_MapControl] space=0x80000100 control=0x80000000 modify count=1
  [ctl 0] whole-space op: va=0xb0d00000 phys=0x160000000 size=4294967296 rwx=0 -> address-space control (flush/perm), no RAM map
[Syscall] L4_MapControl(sid=0x80000100, ctrl=0x80000000) via UTCB@0xdff00000 -> res=0x1
[L4_MapControl] space=0x80000100 control=0x80000000 modify count=1
  [ctl 0] whole-space op: va=0xb0d00000 phys=0x160000000 size=4294967296 rwx=0 -> address-space control (flush/perm), no RAM map
[Syscall] L4_MapControl(sid=0x80000100, ctrl=0x80000000) via UTCB@0xdff00000 -> res=0x1
[L4_MapControl] space=0x80000100 control=0x80000000 modify count=1
  [ctl 0] whole-space op: va=0xb0d00000 phys=0x160000000 size=4294967296 rwx=0 -> address-space control (flush/perm), no RAM map
[Syscall] L4_MapControl(sid=0x80000100, ctrl=0x80000000) via UTCB@0xdff00000 -> res=0x1
[L4_MapControl] space=0x80000100 control=0x80000000 modify count=1
  [ctl 0] whole-space op: va=0xb0d00000 phys=0x160000000 size=4294967296 rwx=0 -> address-space control (flush/perm), no RAM map
[Syscall] L4_MapControl(sid=0x80000100, ctrl=0x80000000) via UTCB@0xdff00000 -> res=0x1
  [Cycle 670] Core0(ARM11): pc=0xb000d6b8 insns=310327 (ok) | Core1(ARM9): pc=0xf0017890 insns=6710000 (ok)
[L4_MapControl] space=0x80000100 control=0x80000000 modify count=1
  [ctl 0] whole-space op: va=0xb0d00000 phys=0x160000000 size=4294967296 rwx=0 -> address-space control (flush/perm), no RAM map
[Syscall] L4_MapControl(sid=0x80000100, ctrl=0x80000000) via UTCB@0xdff00000 -> res=0x1
[L4_MapControl] space=0x80000100 control=0x80000000 modify count=1
  [ctl 0] whole-space op: va=0xb0d00000 phys=0x160000000 size=4294967296 rwx=0 -> address-space control (flush/perm), no RAM map
[Syscall] L4_MapControl(sid=0x80000100, ctrl=0x80000000) via UTCB@0xdff00000 -> res=0x1
[L4_MapControl] space=0x80000100 control=0x80000000 modify count=1
  [ctl 0] whole-space op: va=0xb0d00000 phys=0x160000000 size=4294967296 rwx=0 -> address-space control (flush/perm), no RAM map
[Syscall] L4_MapControl(sid=0x80000100, ctrl=0x80000000) via UTCB@0xdff00000 -> res=0x1
[L4_MapControl] space=0x80000100 control=0x80000000 modify count=1
  [ctl 0] whole-space op: va=0xb0d00000 phys=0x160000000 size=4294967296 rwx=0 -> address-space control (flush/perm), no RAM map
[Syscall] L4_MapControl(sid=0x80000100, ctrl=0x80000000) via UTCB@0xdff00000 -> res=0x1
[L4_MapControl] space=0x80000100 control=0x80000000 modify count=1
  [ctl 0] whole-space op: va=0xb0d00000 phys=0x160000000 size=2 rwx=0 -> address-space control (flush/perm), no RAM map
[Syscall] L4_MapControl(sid=0x80000100, ctrl=0x80000000) via UTCB@0xdff00000 -> res=0x1
[L4_MapControl] space=0x80000100 control=0x80000000 modify count=1
  [ctl 0] whole-space op: va=0xb0d00000 phys=0x160000000 size=4294967296 rwx=0 -> address-space control (flush/perm), no RAM map
[Syscall] L4_MapControl(sid=0x80000100, ctrl=0x80000000) via UTCB@0xdff00000 -> res=0x1
[L4_MapControl] space=0x80000100 control=0x80000000 modify count=1
  [ctl 0] whole-space op: va=0xb0d00000 phys=0x160000000 size=4294967296 rwx=0 -> address-space control (flush/perm), no RAM map
[Syscall] L4_MapControl(sid=0x80000100, ctrl=0x80000000) via UTCB@0xdff00000 -> res=0x1
[L4_MapControl] space=0x80000100 control=0x80000000 modify count=1
  [ctl 0] whole-space op: va=0xb0d00000 phys=0x160000000 size=4294967296 rwx=2 -> address-space control (flush/perm), no RAM map
[Syscall] L4_MapControl(sid=0x80000100, ctrl=0x80000000) via UTCB@0xdff00000 -> res=0x1
[L4_MapControl] space=0x80000100 control=0x80000000 modify count=1
  [ctl 0] whole-space op: va=0xb0d00000 phys=0x160000000 size=4294967296 rwx=2 -> address-space control (flush/perm), no RAM map
[Syscall] L4_MapControl(sid=0x80000100, ctrl=0x80000000) via UTCB@0xdff00000 -> res=0x1
[L4_MapControl] space=0x80000100 control=0x80000000 modify count=1
  [ctl 0] whole-space op: va=0xb0d00000 phys=0x160000000 size=4294967296 rwx=2 -> address-space control (flush/perm), no RAM map
[Syscall] L4_MapControl(sid=0x80000100, ctrl=0x80000000) via UTCB@0xdff00000 -> res=0x1
  [Cycle 680] Core0(ARM11): pc=0xb000d6b8 insns=312234 (ok) | Core1(ARM9): pc=0xf0017890 insns=6810000 (ok)
[L4_MapControl] space=0x80000100 control=0x80000000 modify count=1
  [ctl 0] whole-space op: va=0xb0d00000 phys=0x160000000 size=4294967296 rwx=2 -> address-space control (flush/perm), no RAM map
[Syscall] L4_MapControl(sid=0x80000100, ctrl=0x80000000) via UTCB@0xdff00000 -> res=0x1
[L4_MapControl] space=0x80000100 control=0x80000000 modify count=1
  [ctl 0] whole-space op: va=0xb0d00000 phys=0x160000000 size=4294967296 rwx=2 -> address-space control (flush/perm), no RAM map
[Syscall] L4_MapControl(sid=0x80000100, ctrl=0x80000000) via UTCB@0xdff00000 -> res=0x1
[L4_MapControl] space=0x80000100 control=0x80000000 modify count=1
  [ctl 0] whole-space op: va=0xb0d00000 phys=0x160000000 size=4294967296 rwx=2 -> address-space control (flush/perm), no RAM map
[Syscall] L4_MapControl(sid=0x80000100, ctrl=0x80000000) via UTCB@0xdff00000 -> res=0x1
[L4_MapControl] space=0x80000100 control=0x80000000 modify count=1
  [ctl 0] whole-space op: va=0xb0d00000 phys=0x160000000 size=4294967296 rwx=2 -> address-space control (flush/perm), no RAM map
[Syscall] L4_MapControl(sid=0x80000100, ctrl=0x80000000) via UTCB@0xdff00000 -> res=0x1
[L4_MapControl] space=0x80000100 control=0x80000000 modify count=1
  [ctl 0] whole-space op: va=0xb0d00000 phys=0x160000000 size=4294967296 rwx=2 -> address-space control (flush/perm), no RAM map
[Syscall] L4_MapControl(sid=0x80000100, ctrl=0x80000000) via UTCB@0xdff00000 -> res=0x1
[L4_MapControl] space=0x80000100 control=0x80000000 modify count=1
  [ctl 0] whole-space op: va=0xb0d00000 phys=0x160000000 size=4294967296 rwx=2 -> address-space control (flush/perm), no RAM map
[Syscall] L4_MapControl(sid=0x80000100, ctrl=0x80000000) via UTCB@0xdff00000 -> res=0x1
[L4_MapControl] space=0x80000100 control=0x80000000 modify count=1
  [ctl 0] whole-space op: va=0xb0d00000 phys=0x160000000 size=4294967296 rwx=2 -> address-space control (flush/perm), no RAM map
[Syscall] L4_MapControl(sid=0x80000100, ctrl=0x80000000) via UTCB@0xdff00000 -> res=0x1
[L4_MapControl] space=0x80000100 control=0x80000000 modify count=1
  [ctl 0] whole-space op: va=0xb0d00000 phys=0x160000000 size=4294967296 rwx=2 -> address-space control (flush/perm), no RAM map
[Syscall] L4_MapControl(sid=0x80000100, ctrl=0x80000000) via UTCB@0xdff00000 -> res=0x1
[L4_MapControl] space=0x80000100 control=0x80000000 modify count=1
  [ctl 0] whole-space op: va=0xb0d00000 phys=0x160000000 size=4294967296 rwx=2 -> address-space control (flush/perm), no RAM map
[Syscall] L4_MapControl(sid=0x80000100, ctrl=0x80000000) via UTCB@0xdff00000 -> res=0x1
[L4_MapControl] space=0x80000100 control=0x80000000 modify count=1
  [ctl 0] whole-space op: va=0xb0d00000 phys=0x160000000 size=4294967296 rwx=2 -> address-space control (flush/perm), no RAM map
[Syscall] L4_MapControl(sid=0x80000100, ctrl=0x80000000) via UTCB@0xdff00000 -> res=0x1
  [Cycle 690] Core0(ARM11): pc=0xb000d6b8 insns=313574 (ok) | Core1(ARM9): pc=0xf0017890 insns=6910000 (ok)
[L4_MapControl] space=0x80000100 control=0x80000000 modify count=1
  [ctl 0] whole-space op: va=0xb0d00000 phys=0x160000000 size=4294967296 rwx=2 -> address-space control (flush/perm), no RAM map
[Syscall] L4_MapControl(sid=0x80000100, ctrl=0x80000000) via UTCB@0xdff00000 -> res=0x1
[L4_MapControl] space=0x80000100 control=0x80000000 modify count=1
  [ctl 0] whole-space op: va=0xb0d00000 phys=0x160000000 size=4294967296 rwx=2 -> address-space control (flush/perm), no RAM map
[Syscall] L4_MapControl(sid=0x80000100, ctrl=0x80000000) via UTCB@0xdff00000 -> res=0x1
[L4_MapControl] space=0x80000100 control=0x80000000 modify count=1
  [ctl 0] whole-space op: va=0xb0d00000 phys=0x160000000 size=4294967296 rwx=2 -> address-space control (flush/perm), no RAM map
[Syscall] L4_MapControl(sid=0x80000100, ctrl=0x80000000) via UTCB@0xdff00000 -> res=0x1
[L4_MapControl] space=0x80000100 control=0x80000000 modify count=1
  [ctl 0] whole-space op: va=0xb0d00000 phys=0x160000000 size=4294967296 rwx=2 -> address-space control (flush/perm), no RAM map
[Syscall] L4_MapControl(sid=0x80000100, ctrl=0x80000000) via UTCB@0xdff00000 -> res=0x1
[L4_MapControl] space=0x80000100 control=0x80000000 modify count=1
  [ctl 0] whole-space op: va=0xb0d00000 phys=0x160000000 size=4294967296 rwx=2 -> address-space control (flush/perm), no RAM map
[Syscall] L4_MapControl(sid=0x80000100, ctrl=0x80000000) via UTCB@0xdff00000 -> res=0x1
[L4_MapControl] space=0x80000100 control=0x80000000 modify count=1
  [ctl 0] whole-space op: va=0xb0d00000 phys=0x160000000 size=4294967296 rwx=2 -> address-space control (flush/perm), no RAM map
[Syscall] L4_MapControl(sid=0x80000100, ctrl=0x80000000) via UTCB@0xdff00000 -> res=0x1
[L4_MapControl] space=0x80000100 control=0x80000000 modify count=1
  [ctl 0] whole-space op: va=0xb0d00000 phys=0x160000000 size=4294967296 rwx=2 -> address-space control (flush/perm), no RAM map
[Syscall] L4_MapControl(sid=0x80000100, ctrl=0x80000000) via UTCB@0xdff00000 -> res=0x1
[L4_MapControl] space=0x80000100 control=0x80000000 modify count=1
  [ctl 0] whole-space op: va=0xb0d00000 phys=0x160000000 size=4294967296 rwx=2 -> address-space control (flush/perm), no RAM map
[Syscall] L4_MapControl(sid=0x80000100, ctrl=0x80000000) via UTCB@0xdff00000 -> res=0x1
[L4_MapControl] space=0x80000100 control=0x80000000 modify count=1
  [ctl 0] whole-space op: va=0xb0d00000 phys=0x160000000 size=4294967296 rwx=2 -> address-space control (flush/perm), no RAM map
[Syscall] L4_MapControl(sid=0x80000100, ctrl=0x80000000) via UTCB@0xdff00000 -> res=0x1
[L4_MapControl] space=0x80000100 control=0x80000000 modify count=1
  [ctl 0] whole-space op: va=0xb0d00000 phys=0x160000000 size=4294967296 rwx=2 -> address-space control (flush/perm), no RAM map
[Syscall] L4_MapControl(sid=0x80000100, ctrl=0x80000000) via UTCB@0xdff00000 -> res=0x1
  [Cycle 700] Core0(ARM11): pc=0xb000d6b8 insns=314914 (ok) | Core1(ARM9): pc=0xf0017890 insns=7010000 (ok)
[L4_MapControl] space=0x80000100 control=0x80000000 modify count=1
  [ctl 0] whole-space op: va=0xb0d00000 phys=0x160000000 size=4294967296 rwx=2 -> address-space control (flush/perm), no RAM map
[Syscall] L4_MapControl(sid=0x80000100, ctrl=0x80000000) via UTCB@0xdff00000 -> res=0x1
[L4_MapControl] space=0x80000100 control=0x80000000 modify count=1
  [ctl 0] whole-space op: va=0xb0d00000 phys=0x160000000 size=4294967296 rwx=2 -> address-space control (flush/perm), no RAM map
[Syscall] L4_MapControl(sid=0x80000100, ctrl=0x80000000) via UTCB@0xdff00000 -> res=0x1
[L4_MapControl] space=0x80000100 control=0x80000000 modify count=1
  [ctl 0] whole-space op: va=0xb0d00000 phys=0x160000000 size=4294967296 rwx=2 -> address-space control (flush/perm), no RAM map
[Syscall] L4_MapControl(sid=0x80000100, ctrl=0x80000000) via UTCB@0xdff00000 -> res=0x1
[L4_MapControl] space=0x80000100 control=0x80000000 modify count=1
  [ctl 0] whole-space op: va=0xb0d00000 phys=0x160000000 size=4294967296 rwx=2 -> address-space control (flush/perm), no RAM map
[Syscall] L4_MapControl(sid=0x80000100, ctrl=0x80000000) via UTCB@0xdff00000 -> res=0x1
[L4_MapControl] space=0x80000100 control=0x80000000 modify count=1
  [ctl 0] whole-space op: va=0xb0d00000 phys=0x160000000 size=4294967296 rwx=2 -> address-space control (flush/perm), no RAM map
[Syscall] L4_MapControl(sid=0x80000100, ctrl=0x80000000) via UTCB@0xdff00000 -> res=0x1
[L4_MapControl] space=0x80000100 control=0x80000000 modify count=1
  [ctl 0] whole-space op: va=0xb0d00000 phys=0x160000000 size=4294967296 rwx=2 -> address-space control (flush/perm), no RAM map
[Syscall] L4_MapControl(sid=0x80000100, ctrl=0x80000000) via UTCB@0xdff00000 -> res=0x1
[L4_MapControl] space=0x80000100 control=0x80000000 modify count=1
  [ctl 0] whole-space op: va=0xb0d00000 phys=0x160000000 size=4294967296 rwx=2 -> address-space control (flush/perm), no RAM map
[Syscall] L4_MapControl(sid=0x80000100, ctrl=0x80000000) via UTCB@0xdff00000 -> res=0x1
[L4_MapControl] space=0x80000100 control=0x80000000 modify count=1
  [ctl 0] whole-space op: va=0xb0d00000 phys=0x160000000 size=4294967296 rwx=2 -> address-space control (flush/perm), no RAM map
[Syscall] L4_MapControl(sid=0x80000100, ctrl=0x80000000) via UTCB@0xdff00000 -> res=0x1
[L4_MapControl] space=0x80000100 control=0x80000000 modify count=1
  [ctl 0] whole-space op: va=0xb0d00000 phys=0x160000000 size=4294967296 rwx=2 -> address-space control (flush/perm), no RAM map
[Syscall] L4_MapControl(sid=0x80000100, ctrl=0x80000000) via UTCB@0xdff00000 -> res=0x1
[L4_MapControl] space=0x80000100 control=0x80000000 modify count=1
  [ctl 0] whole-space op: va=0xb0d00000 phys=0x160000000 size=4294967296 rwx=2 -> address-space control (flush/perm), no RAM map
[Syscall] L4_MapControl(sid=0x80000100, ctrl=0x80000000) via UTCB@0xdff00000 -> res=0x1
  [Cycle 710] Core0(ARM11): pc=0xb000d6b8 insns=316254 (ok) | Core1(ARM9): pc=0xf0017890 insns=7110000 (ok)
[L4_MapControl] space=0x80000100 control=0x80000000 modify count=1
  [ctl 0] whole-space op: va=0xb0d00000 phys=0x160000000 size=4294967296 rwx=2 -> address-space control (flush/perm), no RAM map
[Syscall] L4_MapControl(sid=0x80000100, ctrl=0x80000000) via UTCB@0xdff00000 -> res=0x1
[L4_MapControl] space=0x80000100 control=0x80000000 modify count=1
  [ctl 0] whole-space op: va=0xb0d00000 phys=0x160000000 size=4294967296 rwx=2 -> address-space control (flush/perm), no RAM map
[Syscall] L4_MapControl(sid=0x80000100, ctrl=0x80000000) via UTCB@0xdff00000 -> res=0x1
[L4_MapControl] space=0x80000100 control=0x80000000 modify count=1
  [ctl 0] whole-space op: va=0xb0d00000 phys=0x160000000 size=4294967296 rwx=2 -> address-space control (flush/perm), no RAM map
[Syscall] L4_MapControl(sid=0x80000100, ctrl=0x80000000) via UTCB@0xdff00000 -> res=0x1
[L4_MapControl] space=0x80000100 control=0x80000000 modify count=1
  [ctl 0] whole-space op: va=0xb0d00000 phys=0x160000000 size=4294967296 rwx=2 -> address-space control (flush/perm), no RAM map
[Syscall] L4_MapControl(sid=0x80000100, ctrl=0x80000000) via UTCB@0xdff00000 -> res=0x1
[L4_MapControl] space=0x80000100 control=0x80000000 modify count=1
  [ctl 0] whole-space op: va=0xb0d00000 phys=0x160000000 size=4294967296 rwx=2 -> address-space control (flush/perm), no RAM map
[Syscall] L4_MapControl(sid=0x80000100, ctrl=0x80000000) via UTCB@0xdff00000 -> res=0x1
[L4_MapControl] space=0x80000100 control=0x80000000 modify count=1
  [ctl 0] whole-space op: va=0xb0d00000 phys=0x160000000 size=4294967296 rwx=2 -> address-space control (flush/perm), no RAM map
[Syscall] L4_MapControl(sid=0x80000100, ctrl=0x80000000) via UTCB@0xdff00000 -> res=0x1
[L4_MapControl] space=0x80000100 control=0x80000000 modify count=1
  [ctl 0] whole-space op: va=0xb0d00000 phys=0x160000000 size=4294967296 rwx=2 -> address-space control (flush/perm), no RAM map
[Syscall] L4_MapControl(sid=0x80000100, ctrl=0x80000000) via UTCB@0xdff00000 -> res=0x1
[L4_MapControl] space=0x80000100 control=0x80000000 modify count=1
  [ctl 0] whole-space op: va=0xb0d00000 phys=0x160000000 size=4294967296 rwx=2 -> address-space control (flush/perm), no RAM map
[Syscall] L4_MapControl(sid=0x80000100, ctrl=0x80000000) via UTCB@0xdff00000 -> res=0x1
[L4_MapControl] space=0x80000100 control=0x80000000 modify count=1
  [ctl 0] whole-space op: va=0xb0d00000 phys=0x160000000 size=4294967296 rwx=2 -> address-space control (flush/perm), no RAM map
[Syscall] L4_MapControl(sid=0x80000100, ctrl=0x80000000) via UTCB@0xdff00000 -> res=0x1
[L4_MapControl] space=0x80000100 control=0x80000000 modify count=1
  [ctl 0] whole-space op: va=0xb0d00000 phys=0x160000000 size=4294967296 rwx=2 -> address-space control (flush/perm), no RAM map
[Syscall] L4_MapControl(sid=0x80000100, ctrl=0x80000000) via UTCB@0xdff00000 -> res=0x1
  [Cycle 720] Core0(ARM11): pc=0xb000d6b8 insns=317594 (ok) | Core1(ARM9): pc=0xf0017890 insns=7210000 (ok)
[L4_MapControl] space=0x80000100 control=0x80000000 modify count=1
  [ctl 0] whole-space op: va=0xb0d00000 phys=0x160000000 size=4294967296 rwx=2 -> address-space control (flush/perm), no RAM map
[Syscall] L4_MapControl(sid=0x80000100, ctrl=0x80000000) via UTCB@0xdff00000 -> res=0x1
[L4_MapControl] space=0x80000100 control=0x80000000 modify count=1
  [ctl 0] whole-space op: va=0xb0d00000 phys=0x160000000 size=4294967296 rwx=2 -> address-space control (flush/perm), no RAM map
[Syscall] L4_MapControl(sid=0x80000100, ctrl=0x80000000) via UTCB@0xdff00000 -> res=0x1
[L4_MapControl] space=0x80000100 control=0x80000000 modify count=1
  [ctl 0] whole-space op: va=0xb0d00000 phys=0x160000000 size=4294967296 rwx=2 -> address-space control (flush/perm), no RAM map
[Syscall] L4_MapControl(sid=0x80000100, ctrl=0x80000000) via UTCB@0xdff00000 -> res=0x1
[L4_MapControl] space=0x80000100 control=0x80000000 modify count=1
  [ctl 0] whole-space op: va=0xb0d00000 phys=0x160000000 size=4294967296 rwx=2 -> address-space control (flush/perm), no RAM map
[Syscall] L4_MapControl(sid=0x80000100, ctrl=0x80000000) via UTCB@0xdff00000 -> res=0x1
[L4_MapControl] space=0x80000100 control=0x80000000 modify count=1
  [ctl 0] whole-space op: va=0xb0d00000 phys=0x160000000 size=4294967296 rwx=2 -> address-space control (flush/perm), no RAM map
[Syscall] L4_MapControl(sid=0x80000100, ctrl=0x80000000) via UTCB@0xdff00000 -> res=0x1
[L4_MapControl] space=0x80000100 control=0x80000000 modify count=1
  [ctl 0] whole-space op: va=0xb0d00000 phys=0x160000000 size=4294967296 rwx=2 -> address-space control (flush/perm), no RAM map
[Syscall] L4_MapControl(sid=0x80000100, ctrl=0x80000000) via UTCB@0xdff00000 -> res=0x1
[L4_MapControl] space=0x80000100 control=0x80000000 modify count=1
  [ctl 0] whole-space op: va=0xb0d00000 phys=0x160000000 size=4294967296 rwx=2 -> address-space control (flush/perm), no RAM map
[Syscall] L4_MapControl(sid=0x80000100, ctrl=0x80000000) via UTCB@0xdff00000 -> res=0x1
[L4_MapControl] space=0x80000100 control=0x80000000 modify count=1
  [ctl 0] whole-space op: va=0xb0d00000 phys=0x160000000 size=4294967296 rwx=2 -> address-space control (flush/perm), no RAM map
[Syscall] L4_MapControl(sid=0x80000100, ctrl=0x80000000) via UTCB@0xdff00000 -> res=0x1
[L4_MapControl] space=0x80000100 control=0x80000000 modify count=1
  [ctl 0] whole-space op: va=0xb0d00000 phys=0x160000000 size=4294967296 rwx=2 -> address-space control (flush/perm), no RAM map
[Syscall] L4_MapControl(sid=0x80000100, ctrl=0x80000000) via UTCB@0xdff00000 -> res=0x1
[L4_MapControl] space=0x80000100 control=0x80000000 modify count=1
  [ctl 0] whole-space op: va=0xb0d00000 phys=0x160000000 size=4294967296 rwx=2 -> address-space control (flush/perm), no RAM map
[Syscall] L4_MapControl(sid=0x80000100, ctrl=0x80000000) via UTCB@0xdff00000 -> res=0x1
  [Cycle 730] Core0(ARM11): pc=0xb000d6b8 insns=318934 (ok) | Core1(ARM9): pc=0xf0017890 insns=7310000 (ok)
[L4_MapControl] space=0x80000100 control=0x80000000 modify count=1
  [ctl 0] whole-space op: va=0xb0d00000 phys=0x160000000 size=4294967296 rwx=2 -> address-space control (flush/perm), no RAM map
[Syscall] L4_MapControl(sid=0x80000100, ctrl=0x80000000) via UTCB@0xdff00000 -> res=0x1
[L4_MapControl] space=0x80000100 control=0x80000000 modify count=1
  [ctl 0] whole-space op: va=0xb0d00000 phys=0x160000000 size=4294967296 rwx=2 -> address-space control (flush/perm), no RAM map
[Syscall] L4_MapControl(sid=0x80000100, ctrl=0x80000000) via UTCB@0xdff00000 -> res=0x1
[L4_MapControl] space=0x80000100 control=0x80000000 modify count=1
  [ctl 0] whole-space op: va=0xb0d00000 phys=0x160000000 size=4294967296 rwx=2 -> address-space control (flush/perm), no RAM map
[Syscall] L4_MapControl(sid=0x80000100, ctrl=0x80000000) via UTCB@0xdff00000 -> res=0x1
[L4_MapControl] space=0x80000100 control=0x80000000 modify count=1
  [ctl 0] whole-space op: va=0xb0d00000 phys=0x160000000 size=4294967296 rwx=2 -> address-space control (flush/perm), no RAM map
[Syscall] L4_MapControl(sid=0x80000100, ctrl=0x80000000) via UTCB@0xdff00000 -> res=0x1
[L4_MapControl] space=0x80000100 control=0x80000000 modify count=1
  [ctl 0] whole-space op: va=0xb0d00000 phys=0x160000000 size=4294967296 rwx=2 -> address-space control (flush/perm), no RAM map
[Syscall] L4_MapControl(sid=0x80000100, ctrl=0x80000000) via UTCB@0xdff00000 -> res=0x1
[L4_MapControl] space=0x80000100 control=0x80000000 modify count=1
  [ctl 0] whole-space op: va=0xb0d00000 phys=0x160000000 size=4294967296 rwx=2 -> address-space control (flush/perm), no RAM map
[Syscall] L4_MapControl(sid=0x80000100, ctrl=0x80000000) via UTCB@0xdff00000 -> res=0x1
[L4_MapControl] space=0x80000100 control=0x80000000 modify count=1
  [ctl 0] whole-space op: va=0xb0d00000 phys=0x160000000 size=4294967296 rwx=2 -> address-space control (flush/perm), no RAM map
[Syscall] L4_MapControl(sid=0x80000100, ctrl=0x80000000) via UTCB@0xdff00000 -> res=0x1
[L4_MapControl] space=0x80000100 control=0x80000000 modify count=1
  [ctl 0] whole-space op: va=0xb0d00000 phys=0x160000000 size=4294967296 rwx=2 -> address-space control (flush/perm), no RAM map
[Syscall] L4_MapControl(sid=0x80000100, ctrl=0x80000000) via UTCB@0xdff00000 -> res=0x1
[L4_MapControl] space=0x80000100 control=0x80000000 modify count=1
  [ctl 0] whole-space op: va=0xb0d00000 phys=0x160000000 size=4294967296 rwx=2 -> address-space control (flush/perm), no RAM map
[Syscall] L4_MapControl(sid=0x80000100, ctrl=0x80000000) via UTCB@0xdff00000 -> res=0x1
[L4_MapControl] space=0x80000100 control=0x80000000 modify count=1
  [ctl 0] whole-space op: va=0xb0d00000 phys=0x160000000 size=4294967296 rwx=2 -> address-space control (flush/perm), no RAM map
[Syscall] L4_MapControl(sid=0x80000100, ctrl=0x80000000) via UTCB@0xdff00000 -> res=0x1
  [Cycle 740] Core0(ARM11): pc=0xb000d6b8 insns=320274 (ok) | Core1(ARM9): pc=0xf0017890 insns=7410000 (ok)
[L4_MapControl] space=0x80000100 control=0x80000000 modify count=1
  [ctl 0] whole-space op: va=0xb0d00000 phys=0x160000000 size=4294967296 rwx=2 -> address-space control (flush/perm), no RAM map
[Syscall] L4_MapControl(sid=0x80000100, ctrl=0x80000000) via UTCB@0xdff00000 -> res=0x1
[L4_MapControl] space=0x80000100 control=0x80000000 modify count=1
  [ctl 0] whole-space op: va=0xb0d00000 phys=0x160000000 size=4294967296 rwx=2 -> address-space control (flush/perm), no RAM map
[Syscall] L4_MapControl(sid=0x80000100, ctrl=0x80000000) via UTCB@0xdff00000 -> res=0x1
[L4_MapControl] space=0x80000100 control=0x80000000 modify count=1
  [ctl 0] whole-space op: va=0xb0d00000 phys=0x160000000 size=4294967296 rwx=2 -> address-space control (flush/perm), no RAM map
[Syscall] L4_MapControl(sid=0x80000100, ctrl=0x80000000) via UTCB@0xdff00000 -> res=0x1
[L4_MapControl] space=0x80000100 control=0x80000000 modify count=1
  [ctl 0] whole-space op: va=0xb0d00000 phys=0x160000000 size=4294967296 rwx=2 -> address-space control (flush/perm), no RAM map
[Syscall] L4_MapControl(sid=0x80000100, ctrl=0x80000000) via UTCB@0xdff00000 -> res=0x1
[L4_MapControl] space=0x80000100 control=0x80000000 modify count=1
  [ctl 0] whole-space op: va=0xb0d00000 phys=0x160000000 size=4294967296 rwx=2 -> address-space control (flush/perm), no RAM map
[Syscall] L4_MapControl(sid=0x80000100, ctrl=0x80000000) via UTCB@0xdff00000 -> res=0x1
[L4_MapControl] space=0x80000100 control=0x80000000 modify count=1
  [ctl 0] whole-space op: va=0xb0d00000 phys=0x160000000 size=4294967296 rwx=2 -> address-space control (flush/perm), no RAM map
[Syscall] L4_MapControl(sid=0x80000100, ctrl=0x80000000) via UTCB@0xdff00000 -> res=0x1
[L4_MapControl] space=0x80000100 control=0x80000000 modify count=1
  [ctl 0] whole-space op: va=0xb0d00000 phys=0x160000000 size=4294967296 rwx=2 -> address-space control (flush/perm), no RAM map
[Syscall] L4_MapControl(sid=0x80000100, ctrl=0x80000000) via UTCB@0xdff00000 -> res=0x1
[L4_MapControl] space=0x80000100 control=0x80000000 modify count=1
  [ctl 0] whole-space op: va=0xb0d00000 phys=0x160000000 size=4294967296 rwx=2 -> address-space control (flush/perm), no RAM map
[Syscall] L4_MapControl(sid=0x80000100, ctrl=0x80000000) via UTCB@0xdff00000 -> res=0x1
[L4_MapControl] space=0x80000100 control=0x80000000 modify count=1
  [ctl 0] whole-space op: va=0xb0d00000 phys=0x160000000 size=4294967296 rwx=2 -> address-space control (flush/perm), no RAM map
[Syscall] L4_MapControl(sid=0x80000100, ctrl=0x80000000) via UTCB@0xdff00000 -> res=0x1
[L4_MapControl] space=0x80000100 control=0x80000000 modify count=1
  [ctl 0] whole-space op: va=0xb0d00000 phys=0x160000000 size=4294967296 rwx=2 -> address-space control (flush/perm), no RAM map
[Syscall] L4_MapControl(sid=0x80000100, ctrl=0x80000000) via UTCB@0xdff00000 -> res=0x1
  [Cycle 750] Core0(ARM11): pc=0xb000d6b8 insns=321614 (ok) | Core1(ARM9): pc=0xf0017890 insns=7510000 (ok)
[L4_MapControl] space=0x80000100 control=0x80000000 modify count=1
  [ctl 0] whole-space op: va=0xb0d00000 phys=0x160000000 size=4294967296 rwx=2 -> address-space control (flush/perm), no RAM map
[Syscall] L4_MapControl(sid=0x80000100, ctrl=0x80000000) via UTCB@0xdff00000 -> res=0x1
[L4_MapControl] space=0x80000100 control=0x80000000 modify count=1
  [ctl 0] whole-space op: va=0xb0d00000 phys=0x160000000 size=4294967296 rwx=2 -> address-space control (flush/perm), no RAM map
[Syscall] L4_MapControl(sid=0x80000100, ctrl=0x80000000) via UTCB@0xdff00000 -> res=0x1
[L4_MapControl] space=0x80000100 control=0x80000000 modify count=1
  [ctl 0] whole-space op: va=0xb0d00000 phys=0x160000000 size=4294967296 rwx=2 -> address-space control (flush/perm), no RAM map
[Syscall] L4_MapControl(sid=0x80000100, ctrl=0x80000000) via UTCB@0xdff00000 -> res=0x1
[L4_MapControl] space=0x80000100 control=0x80000000 modify count=1
  [ctl 0] whole-space op: va=0xb0d00000 phys=0x160000000 size=4294967296 rwx=2 -> address-space control (flush/perm), no RAM map
[Syscall] L4_MapControl(sid=0x80000100, ctrl=0x80000000) via UTCB@0xdff00000 -> res=0x1
[L4_MapControl] space=0x80000100 control=0x80000000 modify count=1
  [ctl 0] whole-space op: va=0xb0d00000 phys=0x160000000 size=4294967296 rwx=2 -> address-space control (flush/perm), no RAM map
[Syscall] L4_MapControl(sid=0x80000100, ctrl=0x80000000) via UTCB@0xdff00000 -> res=0x1
[L4_MapControl] space=0x80000100 control=0x80000000 modify count=1
  [ctl 0] whole-space op: va=0xb0d00000 phys=0x160000000 size=4294967296 rwx=2 -> address-space control (flush/perm), no RAM map
[Syscall] L4_MapControl(sid=0x80000100, ctrl=0x80000000) via UTCB@0xdff00000 -> res=0x1
[L4_MapControl] space=0x80000100 control=0x80000000 modify count=1
  [ctl 0] whole-space op: va=0xb0d00000 phys=0x160000000 size=4294967296 rwx=2 -> address-space control (flush/perm), no RAM map
[Syscall] L4_MapControl(sid=0x80000100, ctrl=0x80000000) via UTCB@0xdff00000 -> res=0x1
[L4_MapControl] space=0x80000100 control=0x80000000 modify count=1
  [ctl 0] whole-space op: va=0xb0d00000 phys=0x160000000 size=4294967296 rwx=2 -> address-space control (flush/perm), no RAM map
[Syscall] L4_MapControl(sid=0x80000100, ctrl=0x80000000) via UTCB@0xdff00000 -> res=0x1
[L4_MapControl] space=0x80000100 control=0x80000000 modify count=1
  [ctl 0] whole-space op: va=0xb0d00000 phys=0x160000000 size=4294967296 rwx=2 -> address-space control (flush/perm), no RAM map
[Syscall] L4_MapControl(sid=0x80000100, ctrl=0x80000000) via UTCB@0xdff00000 -> res=0x1
[L4_MapControl] space=0x80000100 control=0x80000000 modify count=1
  [ctl 0] whole-space op: va=0xb0d00000 phys=0x160000000 size=4294967296 rwx=2 -> address-space control (flush/perm), no RAM map
[Syscall] L4_MapControl(sid=0x80000100, ctrl=0x80000000) via UTCB@0xdff00000 -> res=0x1
  [Cycle 760] Core0(ARM11): pc=0xb000d6b8 insns=322954 (ok) | Core1(ARM9): pc=0xf0017890 insns=7610000 (ok)
[L4_MapControl] space=0x80000100 control=0x80000000 modify count=1
  [ctl 0] whole-space op: va=0xb0d00000 phys=0x160000000 size=4294967296 rwx=2 -> address-space control (flush/perm), no RAM map
[Syscall] L4_MapControl(sid=0x80000100, ctrl=0x80000000) via UTCB@0xdff00000 -> res=0x1
[L4_MapControl] space=0x80000100 control=0x80000000 modify count=1
  [ctl 0] whole-space op: va=0xb0d00000 phys=0x160000000 size=4294967296 rwx=2 -> address-space control (flush/perm), no RAM map
[Syscall] L4_MapControl(sid=0x80000100, ctrl=0x80000000) via UTCB@0xdff00000 -> res=0x1
[L4_MapControl] space=0x80000100 control=0x80000000 modify count=1
  [ctl 0] whole-space op: va=0xb0d00000 phys=0x160000000 size=4294967296 rwx=2 -> address-space control (flush/perm), no RAM map
[Syscall] L4_MapControl(sid=0x80000100, ctrl=0x80000000) via UTCB@0xdff00000 -> res=0x1
[L4_MapControl] space=0x80000100 control=0x80000000 modify count=1
  [ctl 0] whole-space op: va=0xb0d00000 phys=0x160000000 size=4294967296 rwx=2 -> address-space control (flush/perm), no RAM map
[Syscall] L4_MapControl(sid=0x80000100, ctrl=0x80000000) via UTCB@0xdff00000 -> res=0x1
[L4_MapControl] space=0x80000100 control=0x80000000 modify count=1
  [ctl 0] whole-space op: va=0xb0d00000 phys=0x160000000 size=4294967296 rwx=2 -> address-space control (flush/perm), no RAM map
[Syscall] L4_MapControl(sid=0x80000100, ctrl=0x80000000) via UTCB@0xdff00000 -> res=0x1
[L4_MapControl] space=0x80000100 control=0x80000000 modify count=1
  [ctl 0] whole-space op: va=0xb0d00000 phys=0x160000000 size=4294967296 rwx=2 -> address-space control (flush/perm), no RAM map
[Syscall] L4_MapControl(sid=0x80000100, ctrl=0x80000000) via UTCB@0xdff00000 -> res=0x1
[L4_MapControl] space=0x80000100 control=0x80000000 modify count=1
  [ctl 0] whole-space op: va=0xb0d00000 phys=0x160000000 size=4294967296 rwx=2 -> address-space control (flush/perm), no RAM map
[Syscall] L4_MapControl(sid=0x80000100, ctrl=0x80000000) via UTCB@0xdff00000 -> res=0x1
[L4_MapControl] space=0x80000100 control=0x80000000 modify count=1
  [ctl 0] whole-space op: va=0xb0d00000 phys=0x160000000 size=4294967296 rwx=2 -> address-space control (flush/perm), no RAM map
[Syscall] L4_MapControl(sid=0x80000100, ctrl=0x80000000) via UTCB@0xdff00000 -> res=0x1
[L4_MapControl] space=0x80000100 control=0x80000000 modify count=1
  [ctl 0] whole-space op: va=0xb0d00000 phys=0x160000000 size=4294967296 rwx=2 -> address-space control (flush/perm), no RAM map
[Syscall] L4_MapControl(sid=0x80000100, ctrl=0x80000000) via UTCB@0xdff00000 -> res=0x1
[L4_MapControl] space=0x80000100 control=0x80000000 modify count=1
  [ctl 0] whole-space op: va=0xb0d00000 phys=0x160000000 size=4294967296 rwx=2 -> address-space control (flush/perm), no RAM map
[Syscall] L4_MapControl(sid=0x80000100, ctrl=0x80000000) via UTCB@0xdff00000 -> res=0x1
  [Cycle 770] Core0(ARM11): pc=0xb000d6b8 insns=324294 (ok) | Core1(ARM9): pc=0xf0017890 insns=7710000 (ok)
[L4_MapControl] space=0x80000100 control=0x80000000 modify count=1
  [ctl 0] whole-space op: va=0xb0d00000 phys=0x160000000 size=4294967296 rwx=2 -> address-space control (flush/perm), no RAM map
[Syscall] L4_MapControl(sid=0x80000100, ctrl=0x80000000) via UTCB@0xdff00000 -> res=0x1
[L4_MapControl] space=0x80000100 control=0x80000000 modify count=1
  [ctl 0] whole-space op: va=0xb0d00000 phys=0x160000000 size=4294967296 rwx=2 -> address-space control (flush/perm), no RAM map
[Syscall] L4_MapControl(sid=0x80000100, ctrl=0x80000000) via UTCB@0xdff00000 -> res=0x1
[L4_MapControl] space=0x80000100 control=0x80000000 modify count=1
  [ctl 0] whole-space op: va=0xb0d00000 phys=0x160000000 size=4294967296 rwx=2 -> address-space control (flush/perm), no RAM map
[Syscall] L4_MapControl(sid=0x80000100, ctrl=0x80000000) via UTCB@0xdff00000 -> res=0x1
[L4_MapControl] space=0x80000100 control=0x80000000 modify count=1
  [ctl 0] whole-space op: va=0xb0d00000 phys=0x160000000 size=4294967296 rwx=2 -> address-space control (flush/perm), no RAM map
[Syscall] L4_MapControl(sid=0x80000100, ctrl=0x80000000) via UTCB@0xdff00000 -> res=0x1
[L4_MapControl] space=0x80000100 control=0x80000000 modify count=1
  [ctl 0] whole-space op: va=0xb0d00000 phys=0x160000000 size=4294967296 rwx=2 -> address-space control (flush/perm), no RAM map
[Syscall] L4_MapControl(sid=0x80000100, ctrl=0x80000000) via UTCB@0xdff00000 -> res=0x1
[L4_MapControl] space=0x80000100 control=0x80000000 modify count=1
  [ctl 0] whole-space op: va=0xb0d00000 phys=0x160000000 size=4294967296 rwx=2 -> address-space control (flush/perm), no RAM map
[Syscall] L4_MapControl(sid=0x80000100, ctrl=0x80000000) via UTCB@0xdff00000 -> res=0x1
[L4_MapControl] space=0x80000100 control=0x80000000 modify count=1
  [ctl 0] whole-space op: va=0xb0d00000 phys=0x160000000 size=4294967296 rwx=2 -> address-space control (flush/perm), no RAM map
[Syscall] L4_MapControl(sid=0x80000100, ctrl=0x80000000) via UTCB@0xdff00000 -> res=0x1
[L4_MapControl] space=0x80000100 control=0x80000000 modify count=1
  [ctl 0] whole-space op: va=0xb0d00000 phys=0x160000000 size=4294967296 rwx=2 -> address-space control (flush/perm), no RAM map
[Syscall] L4_MapControl(sid=0x80000100, ctrl=0x80000000) via UTCB@0xdff00000 -> res=0x1
[L4_MapControl] space=0x80000100 control=0x80000000 modify count=1
  [ctl 0] whole-space op: va=0xb0d00000 phys=0x160000000 size=4294967296 rwx=2 -> address-space control (flush/perm), no RAM map
[Syscall] L4_MapControl(sid=0x80000100, ctrl=0x80000000) via UTCB@0xdff00000 -> res=0x1
[L4_MapControl] space=0x80000100 control=0x80000000 modify count=1
  [ctl 0] whole-space op: va=0xb0d00000 phys=0x160000000 size=4294967296 rwx=2 -> address-space control (flush/perm), no RAM map
[Syscall] L4_MapControl(sid=0x80000100, ctrl=0x80000000) via UTCB@0xdff00000 -> res=0x1
  [Cycle 780] Core0(ARM11): pc=0xb000d6b8 insns=325634 (ok) | Core1(ARM9): pc=0xf0017890 insns=7810000 (ok)
[L4_MapControl] space=0x80000100 control=0x80000000 modify count=1
  [ctl 0] whole-space op: va=0xb0d00000 phys=0x160000000 size=4294967296 rwx=2 -> address-space control (flush/perm), no RAM map
[Syscall] L4_MapControl(sid=0x80000100, ctrl=0x80000000) via UTCB@0xdff00000 -> res=0x1
[L4_MapControl] space=0x80000100 control=0x80000000 modify count=1
  [ctl 0] whole-space op: va=0xb0d00000 phys=0x160000000 size=4294967296 rwx=2 -> address-space control (flush/perm), no RAM map
[Syscall] L4_MapControl(sid=0x80000100, ctrl=0x80000000) via UTCB@0xdff00000 -> res=0x1
[L4_MapControl] space=0x80000100 control=0x80000000 modify count=1
  [ctl 0] whole-space op: va=0xb0d00000 phys=0x160000000 size=4294967296 rwx=2 -> address-space control (flush/perm), no RAM map
[Syscall] L4_MapControl(sid=0x80000100, ctrl=0x80000000) via UTCB@0xdff00000 -> res=0x1
[L4_MapControl] space=0x80000100 control=0x80000000 modify count=1
  [ctl 0] whole-space op: va=0xb0d00000 phys=0x160000000 size=4294967296 rwx=2 -> address-space control (flush/perm), no RAM map
[Syscall] L4_MapControl(sid=0x80000100, ctrl=0x80000000) via UTCB@0xdff00000 -> res=0x1
[L4_MapControl] space=0x80000100 control=0x80000000 modify count=1
  [ctl 0] whole-space op: va=0xb0d00000 phys=0x160000000 size=4294967296 rwx=2 -> address-space control (flush/perm), no RAM map
[Syscall] L4_MapControl(sid=0x80000100, ctrl=0x80000000) via UTCB@0xdff00000 -> res=0x1
[L4_MapControl] space=0x80000100 control=0x80000000 modify count=1
  [ctl 0] whole-space op: va=0xb0d00000 phys=0x160000000 size=4294967296 rwx=2 -> address-space control (flush/perm), no RAM map
[Syscall] L4_MapControl(sid=0x80000100, ctrl=0x80000000) via UTCB@0xdff00000 -> res=0x1
[L4_MapControl] space=0x80000100 control=0x80000000 modify count=1
  [ctl 0] whole-space op: va=0xb0d00000 phys=0x160000000 size=4294967296 rwx=2 -> address-space control (flush/perm), no RAM map
[Syscall] L4_MapControl(sid=0x80000100, ctrl=0x80000000) via UTCB@0xdff00000 -> res=0x1
[L4_MapControl] space=0x80000100 control=0x80000000 modify count=1
  [ctl 0] whole-space op: va=0xb0d00000 phys=0x160000000 size=4294967296 rwx=2 -> address-space control (flush/perm), no RAM map
[Syscall] L4_MapControl(sid=0x80000100, ctrl=0x80000000) via UTCB@0xdff00000 -> res=0x1
[L4_MapControl] space=0x80000100 control=0x80000000 modify count=1
  [ctl 0] whole-space op: va=0xb0d00000 phys=0x160000000 size=4294967296 rwx=2 -> address-space control (flush/perm), no RAM map
[Syscall] L4_MapControl(sid=0x80000100, ctrl=0x80000000) via UTCB@0xdff00000 -> res=0x1
[L4_MapControl] space=0x80000100 control=0x80000000 modify count=1
  [ctl 0] whole-space op: va=0xb0d00000 phys=0x160000000 size=4294967296 rwx=2 -> address-space control (flush/perm), no RAM map
[Syscall] L4_MapControl(sid=0x80000100, ctrl=0x80000000) via UTCB@0xdff00000 -> res=0x1
  [Cycle 790] Core0(ARM11): pc=0xb000d6b8 insns=326974 (ok) | Core1(ARM9): pc=0xf0017890 insns=7910000 (ok)
[L4_MapControl] space=0x80000100 control=0x80000000 modify count=1
  [ctl 0] whole-space op: va=0xb0d00000 phys=0x160000000 size=4294967296 rwx=2 -> address-space control (flush/perm), no RAM map
[Syscall] L4_MapControl(sid=0x80000100, ctrl=0x80000000) via UTCB@0xdff00000 -> res=0x1
[L4_MapControl] space=0x80000100 control=0x80000000 modify count=1
  [ctl 0] whole-space op: va=0xb0d00000 phys=0x160000000 size=4294967296 rwx=2 -> address-space control (flush/perm), no RAM map
[Syscall] L4_MapControl(sid=0x80000100, ctrl=0x80000000) via UTCB@0xdff00000 -> res=0x1
[L4_MapControl] space=0x80000100 control=0x80000000 modify count=1
  [ctl 0] whole-space op: va=0xb0d00000 phys=0x160000000 size=4294967296 rwx=2 -> address-space control (flush/perm), no RAM map
[Syscall] L4_MapControl(sid=0x80000100, ctrl=0x80000000) via UTCB@0xdff00000 -> res=0x1
[L4_MapControl] space=0x80000100 control=0x80000000 modify count=1
  [ctl 0] whole-space op: va=0xb0d00000 phys=0x160000000 size=4294967296 rwx=2 -> address-space control (flush/perm), no RAM map
[Syscall] L4_MapControl(sid=0x80000100, ctrl=0x80000000) via UTCB@0xdff00000 -> res=0x1
[L4_MapControl] space=0x80000100 control=0x80000000 modify count=1
  [ctl 0] whole-space op: va=0xb0d00000 phys=0x160000000 size=4294967296 rwx=2 -> address-space control (flush/perm), no RAM map
[Syscall] L4_MapControl(sid=0x80000100, ctrl=0x80000000) via UTCB@0xdff00000 -> res=0x1
[L4_MapControl] space=0x80000100 control=0x80000000 modify count=1
  [ctl 0] whole-space op: va=0xb0d00000 phys=0x160000000 size=4294967296 rwx=2 -> address-space control (flush/perm), no RAM map
[Syscall] L4_MapControl(sid=0x80000100, ctrl=0x80000000) via UTCB@0xdff00000 -> res=0x1
[L4_MapControl] space=0x80000100 control=0x80000000 modify count=1
  [ctl 0] whole-space op: va=0xb0d00000 phys=0x160000000 size=4294967296 rwx=2 -> address-space control (flush/perm), no RAM map
[Syscall] L4_MapControl(sid=0x80000100, ctrl=0x80000000) via UTCB@0xdff00000 -> res=0x1
[L4_MapControl] space=0x80000100 control=0x80000000 modify count=1
  [ctl 0] whole-space op: va=0xb0d00000 phys=0x160000000 size=4294967296 rwx=2 -> address-space control (flush/perm), no RAM map
[Syscall] L4_MapControl(sid=0x80000100, ctrl=0x80000000) via UTCB@0xdff00000 -> res=0x1
[L4_MapControl] space=0x80000100 control=0x80000000 modify count=1
  [ctl 0] whole-space op: va=0xb0d00000 phys=0x160000000 size=4294967296 rwx=2 -> address-space control (flush/perm), no RAM map
[Syscall] L4_MapControl(sid=0x80000100, ctrl=0x80000000) via UTCB@0xdff00000 -> res=0x1
[L4_MapControl] space=0x80000100 control=0x80000000 modify count=1
  [ctl 0] whole-space op: va=0xb0d00000 phys=0x160000000 size=4294967296 rwx=2 -> address-space control (flush/perm), no RAM map
[Syscall] L4_MapControl(sid=0x80000100, ctrl=0x80000000) via UTCB@0xdff00000 -> res=0x1
  [Cycle 800] Core0(ARM11): pc=0xb000d6b8 insns=328314 (ok) | Core1(ARM9): pc=0xf0017890 insns=8010000 (ok)
[L4_MapControl] space=0x80000100 control=0x80000000 modify count=1
  [ctl 0] whole-space op: va=0xb0d00000 phys=0x160000000 size=4294967296 rwx=2 -> address-space control (flush/perm), no RAM map
[Syscall] L4_MapControl(sid=0x80000100, ctrl=0x80000000) via UTCB@0xdff00000 -> res=0x1
[L4_MapControl] space=0x80000100 control=0x80000000 modify count=1
  [ctl 0] whole-space op: va=0xb0d00000 phys=0x160000000 size=4294967296 rwx=2 -> address-space control (flush/perm), no RAM map
[Syscall] L4_MapControl(sid=0x80000100, ctrl=0x80000000) via UTCB@0xdff00000 -> res=0x1
[L4_MapControl] space=0x80000100 control=0x80000000 modify count=1
  [ctl 0] whole-space op: va=0xb0d00000 phys=0x160000000 size=4294967296 rwx=2 -> address-space control (flush/perm), no RAM map
[Syscall] L4_MapControl(sid=0x80000100, ctrl=0x80000000) via UTCB@0xdff00000 -> res=0x1
[L4_MapControl] space=0x80000100 control=0x80000000 modify count=1
  [ctl 0] whole-space op: va=0xb0d00000 phys=0x160000000 size=4294967296 rwx=2 -> address-space control (flush/perm), no RAM map
[Syscall] L4_MapControl(sid=0x80000100, ctrl=0x80000000) via UTCB@0xdff00000 -> res=0x1
[L4_MapControl] space=0x80000100 control=0x80000000 modify count=1
  [ctl 0] whole-space op: va=0xb0d00000 phys=0x160000000 size=4294967296 rwx=2 -> address-space control (flush/perm), no RAM map
[Syscall] L4_MapControl(sid=0x80000100, ctrl=0x80000000) via UTCB@0xdff00000 -> res=0x1
[L4_MapControl] space=0x80000100 control=0x80000000 modify count=1
  [ctl 0] whole-space op: va=0xb0d00000 phys=0x160000000 size=4294967296 rwx=2 -> address-space control (flush/perm), no RAM map
[Syscall] L4_MapControl(sid=0x80000100, ctrl=0x80000000) via UTCB@0xdff00000 -> res=0x1
[L4_MapControl] space=0x80000100 control=0x80000000 modify count=1
  [ctl 0] whole-space op: va=0xb0d00000 phys=0x160000000 size=4294967296 rwx=2 -> address-space control (flush/perm), no RAM map
[Syscall] L4_MapControl(sid=0x80000100, ctrl=0x80000000) via UTCB@0xdff00000 -> res=0x1
[L4_MapControl] space=0x80000100 control=0x80000000 modify count=1
  [ctl 0] whole-space op: va=0xb0d00000 phys=0x160000000 size=4294967296 rwx=2 -> address-space control (flush/perm), no RAM map
[Syscall] L4_MapControl(sid=0x80000100, ctrl=0x80000000) via UTCB@0xdff00000 -> res=0x1
[L4_MapControl] space=0x80000100 control=0x80000000 modify count=1
  [ctl 0] whole-space op: va=0xb0d00000 phys=0x160000000 size=4294967296 rwx=2 -> address-space control (flush/perm), no RAM map
[Syscall] L4_MapControl(sid=0x80000100, ctrl=0x80000000) via UTCB@0xdff00000 -> res=0x1
[L4_MapControl] space=0x80000100 control=0x80000000 modify count=1
  [ctl 0] whole-space op: va=0xb0d00000 phys=0x160000000 size=4294967296 rwx=2 -> address-space control (flush/perm), no RAM map
[Syscall] L4_MapControl(sid=0x80000100, ctrl=0x80000000) via UTCB@0xdff00000 -> res=0x1
  [Cycle 810] Core0(ARM11): pc=0xb000d6b8 insns=329654 (ok) | Core1(ARM9): pc=0xf0017890 insns=8110000 (ok)
[L4_MapControl] space=0x80000100 control=0x80000000 modify count=1
  [ctl 0] whole-space op: va=0xb0d00000 phys=0x160000000 size=4294967296 rwx=2 -> address-space control (flush/perm), no RAM map
[Syscall] L4_MapControl(sid=0x80000100, ctrl=0x80000000) via UTCB@0xdff00000 -> res=0x1
[L4_MapControl] space=0x80000100 control=0x80000000 modify count=1
  [ctl 0] whole-space op: va=0xb0d00000 phys=0x160000000 size=4294967296 rwx=2 -> address-space control (flush/perm), no RAM map
[Syscall] L4_MapControl(sid=0x80000100, ctrl=0x80000000) via UTCB@0xdff00000 -> res=0x1
[L4_MapControl] space=0x80000100 control=0x80000000 modify count=1
  [ctl 0] whole-space op: va=0xb0d00000 phys=0x160000000 size=4294967296 rwx=2 -> address-space control (flush/perm), no RAM map
[Syscall] L4_MapControl(sid=0x80000100, ctrl=0x80000000) via UTCB@0xdff00000 -> res=0x1
[L4_MapControl] space=0x80000100 control=0x80000000 modify count=1
  [ctl 0] whole-space op: va=0xb0d00000 phys=0x160000000 size=4294967296 rwx=2 -> address-space control (flush/perm), no RAM map
[Syscall] L4_MapControl(sid=0x80000100, ctrl=0x80000000) via UTCB@0xdff00000 -> res=0x1
[L4_MapControl] space=0x80000100 control=0x80000000 modify count=1
  [ctl 0] whole-space op: va=0xb0d00000 phys=0x160000000 size=4294967296 rwx=2 -> address-space control (flush/perm), no RAM map
[Syscall] L4_MapControl(sid=0x80000100, ctrl=0x80000000) via UTCB@0xdff00000 -> res=0x1
[L4_MapControl] space=0x80000100 control=0x80000000 modify count=1
  [ctl 0] whole-space op: va=0xb0d00000 phys=0x160000000 size=4294967296 rwx=2 -> address-space control (flush/perm), no RAM map
[Syscall] L4_MapControl(sid=0x80000100, ctrl=0x80000000) via UTCB@0xdff00000 -> res=0x1
[L4_MapControl] space=0x80000100 control=0x80000000 modify count=1
  [ctl 0] whole-space op: va=0xb0d00000 phys=0x160000000 size=4294967296 rwx=2 -> address-space control (flush/perm), no RAM map
[Syscall] L4_MapControl(sid=0x80000100, ctrl=0x80000000) via UTCB@0xdff00000 -> res=0x1
[L4_MapControl] space=0x80000100 control=0x80000000 modify count=1
  [ctl 0] whole-space op: va=0xb0d00000 phys=0x160000000 size=4294967296 rwx=2 -> address-space control (flush/perm), no RAM map
[Syscall] L4_MapControl(sid=0x80000100, ctrl=0x80000000) via UTCB@0xdff00000 -> res=0x1
[L4_MapControl] space=0x80000100 control=0x80000000 modify count=1
  [ctl 0] whole-space op: va=0xb0d00000 phys=0x160000000 size=4294967296 rwx=2 -> address-space control (flush/perm), no RAM map
[Syscall] L4_MapControl(sid=0x80000100, ctrl=0x80000000) via UTCB@0xdff00000 -> res=0x1
[L4_MapControl] space=0x80000100 control=0x80000000 modify count=1
  [ctl 0] whole-space op: va=0xb0d00000 phys=0x160000000 size=4294967296 rwx=2 -> address-space control (flush/perm), no RAM map
[Syscall] L4_MapControl(sid=0x80000100, ctrl=0x80000000) via UTCB@0xdff00000 -> res=0x1
  [Cycle 820] Core0(ARM11): pc=0xb000d6b8 insns=330994 (ok) | Core1(ARM9): pc=0xf0017890 insns=8210000 (ok)
[L4_MapControl] space=0x80000100 control=0x80000000 modify count=1
  [ctl 0] whole-space op: va=0xb0d00000 phys=0x160000000 size=4294967296 rwx=2 -> address-space control (flush/perm), no RAM map
[Syscall] L4_MapControl(sid=0x80000100, ctrl=0x80000000) via UTCB@0xdff00000 -> res=0x1
[L4_MapControl] space=0x80000100 control=0x80000000 modify count=1
  [ctl 0] whole-space op: va=0xb0d00000 phys=0x160000000 size=4294967296 rwx=2 -> address-space control (flush/perm), no RAM map
[Syscall] L4_MapControl(sid=0x80000100, ctrl=0x80000000) via UTCB@0xdff00000 -> res=0x1
[L4_MapControl] space=0x80000100 control=0x80000000 modify count=1
  [ctl 0] whole-space op: va=0xb0d00000 phys=0x160000000 size=4294967296 rwx=2 -> address-space control (flush/perm), no RAM map
[Syscall] L4_MapControl(sid=0x80000100, ctrl=0x80000000) via UTCB@0xdff00000 -> res=0x1
[L4_MapControl] space=0x80000100 control=0x80000000 modify count=1
  [ctl 0] whole-space op: va=0xb0d00000 phys=0x160000000 size=4294967296 rwx=2 -> address-space control (flush/perm), no RAM map
[Syscall] L4_MapControl(sid=0x80000100, ctrl=0x80000000) via UTCB@0xdff00000 -> res=0x1
[L4_MapControl] space=0x80000100 control=0x80000000 modify count=1
  [ctl 0] whole-space op: va=0xb0d00000 phys=0x160000000 size=4294967296 rwx=2 -> address-space control (flush/perm), no RAM map
[Syscall] L4_MapControl(sid=0x80000100, ctrl=0x80000000) via UTCB@0xdff00000 -> res=0x1
[L4_MapControl] space=0x80000100 control=0x80000000 modify count=1
  [ctl 0] whole-space op: va=0xb0d00000 phys=0x160000000 size=4294967296 rwx=2 -> address-space control (flush/perm), no RAM map
[Syscall] L4_MapControl(sid=0x80000100, ctrl=0x80000000) via UTCB@0xdff00000 -> res=0x1
[L4_MapControl] space=0x80000100 control=0x80000000 modify count=1
  [ctl 0] whole-space op: va=0xb0d00000 phys=0x160000000 size=4294967296 rwx=2 -> address-space control (flush/perm), no RAM map
[Syscall] L4_MapControl(sid=0x80000100, ctrl=0x80000000) via UTCB@0xdff00000 -> res=0x1
[L4_MapControl] space=0x80000100 control=0x80000000 modify count=1
  [ctl 0] whole-space op: va=0xb0d00000 phys=0x160000000 size=4294967296 rwx=2 -> address-space control (flush/perm), no RAM map
[Syscall] L4_MapControl(sid=0x80000100, ctrl=0x80000000) via UTCB@0xdff00000 -> res=0x1
[L4_MapControl] space=0x80000100 control=0x80000000 modify count=1
  [ctl 0] whole-space op: va=0xb0d00000 phys=0x160000000 size=4294967296 rwx=2 -> address-space control (flush/perm), no RAM map
[Syscall] L4_MapControl(sid=0x80000100, ctrl=0x80000000) via UTCB@0xdff00000 -> res=0x1
[L4_MapControl] space=0x80000100 control=0x80000000 modify count=1
  [ctl 0] whole-space op: va=0xb0d00000 phys=0x160000000 size=4294967296 rwx=2 -> address-space control (flush/perm), no RAM map
[Syscall] L4_MapControl(sid=0x80000100, ctrl=0x80000000) via UTCB@0xdff00000 -> res=0x1
  [Cycle 830] Core0(ARM11): pc=0xb000d6b8 insns=332334 (ok) | Core1(ARM9): pc=0xf0017890 insns=8310000 (ok)
[L4_MapControl] space=0x80000100 control=0x80000000 modify count=1
  [ctl 0] whole-space op: va=0xb0d00000 phys=0x160000000 size=4294967296 rwx=2 -> address-space control (flush/perm), no RAM map
[Syscall] L4_MapControl(sid=0x80000100, ctrl=0x80000000) via UTCB@0xdff00000 -> res=0x1
[L4_MapControl] space=0x80000100 control=0x80000000 modify count=1
  [ctl 0] whole-space op: va=0xb0d00000 phys=0x160000000 size=4294967296 rwx=2 -> address-space control (flush/perm), no RAM map
[Syscall] L4_MapControl(sid=0x80000100, ctrl=0x80000000) via UTCB@0xdff00000 -> res=0x1
[L4_MapControl] space=0x80000100 control=0x80000000 modify count=1
  [ctl 0] whole-space op: va=0xb0d00000 phys=0x160000000 size=4294967296 rwx=2 -> address-space control (flush/perm), no RAM map
[Syscall] L4_MapControl(sid=0x80000100, ctrl=0x80000000) via UTCB@0xdff00000 -> res=0x1
[L4_MapControl] space=0x80000100 control=0x80000000 modify count=1
  [ctl 0] whole-space op: va=0xb0d00000 phys=0x160000000 size=4294967296 rwx=2 -> address-space control (flush/perm), no RAM map
[Syscall] L4_MapControl(sid=0x80000100, ctrl=0x80000000) via UTCB@0xdff00000 -> res=0x1
[L4_MapControl] space=0x80000100 control=0x80000000 modify count=1
  [ctl 0] whole-space op: va=0xb0d00000 phys=0x160000000 size=4294967296 rwx=2 -> address-space control (flush/perm), no RAM map
[Syscall] L4_MapControl(sid=0x80000100, ctrl=0x80000000) via UTCB@0xdff00000 -> res=0x1
[L4_MapControl] space=0x80000100 control=0x80000000 modify count=1
  [ctl 0] whole-space op: va=0xb0d00000 phys=0x160000000 size=4294967296 rwx=2 -> address-space control (flush/perm), no RAM map
[Syscall] L4_MapControl(sid=0x80000100, ctrl=0x80000000) via UTCB@0xdff00000 -> res=0x1
[L4_MapControl] space=0x80000100 control=0x80000000 modify count=1
  [ctl 0] whole-space op: va=0xb0d00000 phys=0x160000000 size=4294967296 rwx=2 -> address-space control (flush/perm), no RAM map
[Syscall] L4_MapControl(sid=0x80000100, ctrl=0x80000000) via UTCB@0xdff00000 -> res=0x1
[L4_MapControl] space=0x80000100 control=0x80000000 modify count=1
  [ctl 0] whole-space op: va=0xb0d00000 phys=0x160000000 size=4294967296 rwx=2 -> address-space control (flush/perm), no RAM map
[Syscall] L4_MapControl(sid=0x80000100, ctrl=0x80000000) via UTCB@0xdff00000 -> res=0x1
[L4_MapControl] space=0x80000100 control=0x80000000 modify count=1
  [ctl 0] whole-space op: va=0xb0d00000 phys=0x160000000 size=4294967296 rwx=2 -> address-space control (flush/perm), no RAM map
[Syscall] L4_MapControl(sid=0x80000100, ctrl=0x80000000) via UTCB@0xdff00000 -> res=0x1
[L4_MapControl] space=0x80000100 control=0x80000000 modify count=1
  [ctl 0] whole-space op: va=0xb0d00000 phys=0x160000000 size=4294967296 rwx=2 -> address-space control (flush/perm), no RAM map
[Syscall] L4_MapControl(sid=0x80000100, ctrl=0x80000000) via UTCB@0xdff00000 -> res=0x1
  [Cycle 840] Core0(ARM11): pc=0xb000d6b8 insns=333674 (ok) | Core1(ARM9): pc=0xf0017890 insns=8410000 (ok)
[L4_MapControl] space=0x80000100 control=0x80000000 modify count=1
  [ctl 0] whole-space op: va=0xb0d00000 phys=0x160000000 size=4294967296 rwx=2 -> address-space control (flush/perm), no RAM map
[Syscall] L4_MapControl(sid=0x80000100, ctrl=0x80000000) via UTCB@0xdff00000 -> res=0x1
[L4_MapControl] space=0x80000100 control=0x80000000 modify count=1
  [ctl 0] whole-space op: va=0xb0d00000 phys=0x160000000 size=4294967296 rwx=2 -> address-space control (flush/perm), no RAM map
[Syscall] L4_MapControl(sid=0x80000100, ctrl=0x80000000) via UTCB@0xdff00000 -> res=0x1
[L4_MapControl] space=0x80000100 control=0x80000000 modify count=1
  [ctl 0] whole-space op: va=0xb0d00000 phys=0x160000000 size=4294967296 rwx=2 -> address-space control (flush/perm), no RAM map
[Syscall] L4_MapControl(sid=0x80000100, ctrl=0x80000000) via UTCB@0xdff00000 -> res=0x1
[L4_MapControl] space=0x80000100 control=0x80000000 modify count=1
  [ctl 0] whole-space op: va=0xb0d00000 phys=0x160000000 size=4294967296 rwx=2 -> address-space control (flush/perm), no RAM map
[Syscall] L4_MapControl(sid=0x80000100, ctrl=0x80000000) via UTCB@0xdff00000 -> res=0x1
[L4_MapControl] space=0x80000100 control=0x80000000 modify count=1
  [ctl 0] whole-space op: va=0xb0d00000 phys=0x160000000 size=4294967296 rwx=2 -> address-space control (flush/perm), no RAM map
[Syscall] L4_MapControl(sid=0x80000100, ctrl=0x80000000) via UTCB@0xdff00000 -> res=0x1
[L4_MapControl] space=0x80000100 control=0x80000000 modify count=1
  [ctl 0] whole-space op: va=0xb0d00000 phys=0x160000000 size=4294967296 rwx=2 -> address-space control (flush/perm), no RAM map
[Syscall] L4_MapControl(sid=0x80000100, ctrl=0x80000000) via UTCB@0xdff00000 -> res=0x1
[L4_MapControl] space=0x80000100 control=0x80000000 modify count=1
  [ctl 0] whole-space op: va=0xb0d00000 phys=0x160000000 size=4294967296 rwx=2 -> address-space control (flush/perm), no RAM map
[Syscall] L4_MapControl(sid=0x80000100, ctrl=0x80000000) via UTCB@0xdff00000 -> res=0x1
[L4_MapControl] space=0x80000100 control=0x80000000 modify count=1
  [ctl 0] whole-space op: va=0xb0d00000 phys=0x160000000 size=4294967296 rwx=2 -> address-space control (flush/perm), no RAM map
[Syscall] L4_MapControl(sid=0x80000100, ctrl=0x80000000) via UTCB@0xdff00000 -> res=0x1
[L4_MapControl] space=0x80000100 control=0x80000000 modify count=1
  [ctl 0] whole-space op: va=0xb0d00000 phys=0x160000000 size=4294967296 rwx=2 -> address-space control (flush/perm), no RAM map
[Syscall] L4_MapControl(sid=0x80000100, ctrl=0x80000000) via UTCB@0xdff00000 -> res=0x1
[L4_MapControl] space=0x80000100 control=0x80000000 modify count=1
  [ctl 0] whole-space op: va=0xb0d00000 phys=0x160000000 size=4294967296 rwx=2 -> address-space control (flush/perm), no RAM map
[Syscall] L4_MapControl(sid=0x80000100, ctrl=0x80000000) via UTCB@0xdff00000 -> res=0x1
  [Cycle 850] Core0(ARM11): pc=0xb000d6b8 insns=335014 (ok) | Core1(ARM9): pc=0xf0017890 insns=8510000 (ok)
[L4_MapControl] space=0x80000100 control=0x80000000 modify count=1
  [ctl 0] whole-space op: va=0xb0d00000 phys=0x160000000 size=4294967296 rwx=2 -> address-space control (flush/perm), no RAM map
[Syscall] L4_MapControl(sid=0x80000100, ctrl=0x80000000) via UTCB@0xdff00000 -> res=0x1
[L4_MapControl] space=0x80000100 control=0x80000000 modify count=1
  [ctl 0] whole-space op: va=0xb0d00000 phys=0x160000000 size=4294967296 rwx=2 -> address-space control (flush/perm), no RAM map
[Syscall] L4_MapControl(sid=0x80000100, ctrl=0x80000000) via UTCB@0xdff00000 -> res=0x1
[L4_MapControl] space=0x80000100 control=0x80000000 modify count=1
  [ctl 0] whole-space op: va=0xb0d00000 phys=0x160000000 size=4294967296 rwx=2 -> address-space control (flush/perm), no RAM map
[Syscall] L4_MapControl(sid=0x80000100, ctrl=0x80000000) via UTCB@0xdff00000 -> res=0x1
[L4_MapControl] space=0x80000100 control=0x80000000 modify count=1
  [ctl 0] whole-space op: va=0xb0d00000 phys=0x160000000 size=4294967296 rwx=2 -> address-space control (flush/perm), no RAM map
[Syscall] L4_MapControl(sid=0x80000100, ctrl=0x80000000) via UTCB@0xdff00000 -> res=0x1
[L4_MapControl] space=0x80000100 control=0x80000000 modify count=1
  [ctl 0] whole-space op: va=0xb0d00000 phys=0x160000000 size=4294967296 rwx=2 -> address-space control (flush/perm), no RAM map
[Syscall] L4_MapControl(sid=0x80000100, ctrl=0x80000000) via UTCB@0xdff00000 -> res=0x1
[L4_MapControl] space=0x80000100 control=0x80000000 modify count=1
  [ctl 0] whole-space op: va=0xb0d00000 phys=0x160000000 size=4294967296 rwx=2 -> address-space control (flush/perm), no RAM map
[Syscall] L4_MapControl(sid=0x80000100, ctrl=0x80000000) via UTCB@0xdff00000 -> res=0x1
[L4_MapControl] space=0x80000100 control=0x80000000 modify count=1
  [ctl 0] whole-space op: va=0xb0d00000 phys=0x160000000 size=4294967296 rwx=2 -> address-space control (flush/perm), no RAM map
[Syscall] L4_MapControl(sid=0x80000100, ctrl=0x80000000) via UTCB@0xdff00000 -> res=0x1
[L4_MapControl] space=0x80000100 control=0x80000000 modify count=1
  [ctl 0] whole-space op: va=0xb0d00000 phys=0x160000000 size=4294967296 rwx=2 -> address-space control (flush/perm), no RAM map
[Syscall] L4_MapControl(sid=0x80000100, ctrl=0x80000000) via UTCB@0xdff00000 -> res=0x1
[L4_MapControl] space=0x80000100 control=0x80000000 modify count=1
  [ctl 0] whole-space op: va=0xb0d00000 phys=0x160000000 size=4294967296 rwx=2 -> address-space control (flush/perm), no RAM map
[Syscall] L4_MapControl(sid=0x80000100, ctrl=0x80000000) via UTCB@0xdff00000 -> res=0x1
[L4_MapControl] space=0x80000100 control=0x80000000 modify count=1
  [ctl 0] whole-space op: va=0xb0d00000 phys=0x160000000 size=4294967296 rwx=2 -> address-space control (flush/perm), no RAM map
[Syscall] L4_MapControl(sid=0x80000100, ctrl=0x80000000) via UTCB@0xdff00000 -> res=0x1
  [Cycle 860] Core0(ARM11): pc=0xb000d6b8 insns=336354 (ok) | Core1(ARM9): pc=0xf0017890 insns=8610000 (ok)
[L4_MapControl] space=0x80000100 control=0x80000000 modify count=1
  [ctl 0] whole-space op: va=0xb0d00000 phys=0x160000000 size=4294967296 rwx=2 -> address-space control (flush/perm), no RAM map
[Syscall] L4_MapControl(sid=0x80000100, ctrl=0x80000000) via UTCB@0xdff00000 -> res=0x1
[L4_MapControl] space=0x80000100 control=0x80000000 modify count=1
  [ctl 0] whole-space op: va=0xb0d00000 phys=0x160000000 size=4294967296 rwx=2 -> address-space control (flush/perm), no RAM map
[Syscall] L4_MapControl(sid=0x80000100, ctrl=0x80000000) via UTCB@0xdff00000 -> res=0x1
[L4_MapControl] space=0x80000100 control=0x80000000 modify count=1
  [ctl 0] whole-space op: va=0xb0d00000 phys=0x160000000 size=4294967296 rwx=2 -> address-space control (flush/perm), no RAM map
[Syscall] L4_MapControl(sid=0x80000100, ctrl=0x80000000) via UTCB@0xdff00000 -> res=0x1
[L4_MapControl] space=0x80000100 control=0x80000000 modify count=1
  [ctl 0] whole-space op: va=0xb0d00000 phys=0x160000000 size=4294967296 rwx=2 -> address-space control (flush/perm), no RAM map
[Syscall] L4_MapControl(sid=0x80000100, ctrl=0x80000000) via UTCB@0xdff00000 -> res=0x1
[L4_MapControl] space=0x80000100 control=0x80000000 modify count=1
  [ctl 0] whole-space op: va=0xb0d00000 phys=0x160000000 size=4294967296 rwx=2 -> address-space control (flush/perm), no RAM map
[Syscall] L4_MapControl(sid=0x80000100, ctrl=0x80000000) via UTCB@0xdff00000 -> res=0x1
[L4_MapControl] space=0x80000100 control=0x80000000 modify count=1
  [ctl 0] whole-space op: va=0xb0d00000 phys=0x160000000 size=4294967296 rwx=2 -> address-space control (flush/perm), no RAM map
[Syscall] L4_MapControl(sid=0x80000100, ctrl=0x80000000) via UTCB@0xdff00000 -> res=0x1
[L4_MapControl] space=0x80000100 control=0x80000000 modify count=1
  [ctl 0] whole-space op: va=0xb0d00000 phys=0x160000000 size=4294967296 rwx=2 -> address-space control (flush/perm), no RAM map
[Syscall] L4_MapControl(sid=0x80000100, ctrl=0x80000000) via UTCB@0xdff00000 -> res=0x1
[L4_MapControl] space=0x80000100 control=0x80000000 modify count=1
  [ctl 0] whole-space op: va=0xb0d00000 phys=0x160000000 size=4294967296 rwx=2 -> address-space control (flush/perm), no RAM map
[Syscall] L4_MapControl(sid=0x80000100, ctrl=0x80000000) via UTCB@0xdff00000 -> res=0x1
[L4_MapControl] space=0x80000100 control=0x80000000 modify count=1
  [ctl 0] whole-space op: va=0xb0d00000 phys=0x160000000 size=4294967296 rwx=2 -> address-space control (flush/perm), no RAM map
[Syscall] L4_MapControl(sid=0x80000100, ctrl=0x80000000) via UTCB@0xdff00000 -> res=0x1
[L4_MapControl] space=0x80000100 control=0x80000000 modify count=1
  [ctl 0] whole-space op: va=0xb0d00000 phys=0x160000000 size=4294967296 rwx=2 -> address-space control (flush/perm), no RAM map
[Syscall] L4_MapControl(sid=0x80000100, ctrl=0x80000000) via UTCB@0xdff00000 -> res=0x1
  [Cycle 870] Core0(ARM11): pc=0xb000d6b8 insns=337694 (ok) | Core1(ARM9): pc=0xf0017890 insns=8710000 (ok)
[L4_MapControl] space=0x80000100 control=0x80000000 modify count=1
  [ctl 0] whole-space op: va=0xb0d00000 phys=0x160000000 size=4294967296 rwx=2 -> address-space control (flush/perm), no RAM map
[Syscall] L4_MapControl(sid=0x80000100, ctrl=0x80000000) via UTCB@0xdff00000 -> res=0x1
[L4_MapControl] space=0x80000100 control=0x80000000 modify count=1
  [ctl 0] whole-space op: va=0xb0d00000 phys=0x160000000 size=4294967296 rwx=2 -> address-space control (flush/perm), no RAM map
[Syscall] L4_MapControl(sid=0x80000100, ctrl=0x80000000) via UTCB@0xdff00000 -> res=0x1
[L4_MapControl] space=0x80000100 control=0x80000000 modify count=1
  [ctl 0] whole-space op: va=0xb0d00000 phys=0x160000000 size=4294967296 rwx=2 -> address-space control (flush/perm), no RAM map
[Syscall] L4_MapControl(sid=0x80000100, ctrl=0x80000000) via UTCB@0xdff00000 -> res=0x1
[L4_MapControl] space=0x80000100 control=0x80000000 modify count=1
  [ctl 0] whole-space op: va=0xb0d00000 phys=0x160000000 size=4294967296 rwx=2 -> address-space control (flush/perm), no RAM map
[Syscall] L4_MapControl(sid=0x80000100, ctrl=0x80000000) via UTCB@0xdff00000 -> res=0x1
[L4_MapControl] space=0x80000100 control=0x80000000 modify count=1
  [ctl 0] whole-space op: va=0xb0d00000 phys=0x160000000 size=4294967296 rwx=2 -> address-space control (flush/perm), no RAM map
[Syscall] L4_MapControl(sid=0x80000100, ctrl=0x80000000) via UTCB@0xdff00000 -> res=0x1
[L4_MapControl] space=0x80000100 control=0x80000000 modify count=1
  [ctl 0] whole-space op: va=0xb0d00000 phys=0x160000000 size=4294967296 rwx=2 -> address-space control (flush/perm), no RAM map
[Syscall] L4_MapControl(sid=0x80000100, ctrl=0x80000000) via UTCB@0xdff00000 -> res=0x1
[L4_MapControl] space=0x80000100 control=0x80000000 modify count=1
  [ctl 0] whole-space op: va=0xb0d00000 phys=0x160000000 size=4294967296 rwx=2 -> address-space control (flush/perm), no RAM map
[Syscall] L4_MapControl(sid=0x80000100, ctrl=0x80000000) via UTCB@0xdff00000 -> res=0x1
[L4_MapControl] space=0x80000100 control=0x80000000 modify count=1
  [ctl 0] whole-space op: va=0xb0d00000 phys=0x160000000 size=4294967296 rwx=2 -> address-space control (flush/perm), no RAM map
[Syscall] L4_MapControl(sid=0x80000100, ctrl=0x80000000) via UTCB@0xdff00000 -> res=0x1
[L4_MapControl] space=0x80000100 control=0x80000000 modify count=1
  [ctl 0] whole-space op: va=0xb0d00000 phys=0x160000000 size=4294967296 rwx=2 -> address-space control (flush/perm), no RAM map
[Syscall] L4_MapControl(sid=0x80000100, ctrl=0x80000000) via UTCB@0xdff00000 -> res=0x1
[L4_MapControl] space=0x80000100 control=0x80000000 modify count=1
  [ctl 0] whole-space op: va=0xb0d00000 phys=0x160000000 size=4294967296 rwx=2 -> address-space control (flush/perm), no RAM map
[Syscall] L4_MapControl(sid=0x80000100, ctrl=0x80000000) via UTCB@0xdff00000 -> res=0x1
  [Cycle 880] Core0(ARM11): pc=0xb000d6b8 insns=339034 (ok) | Core1(ARM9): pc=0xf0017890 insns=8810000 (ok)
[L4_MapControl] space=0x80000100 control=0x80000000 modify count=1
  [ctl 0] whole-space op: va=0xb0d00000 phys=0x160000000 size=4294967296 rwx=2 -> address-space control (flush/perm), no RAM map
[Syscall] L4_MapControl(sid=0x80000100, ctrl=0x80000000) via UTCB@0xdff00000 -> res=0x1
[L4_MapControl] space=0x80000100 control=0x80000000 modify count=1
  [ctl 0] whole-space op: va=0xb0d00000 phys=0x160000000 size=4294967296 rwx=2 -> address-space control (flush/perm), no RAM map
[Syscall] L4_MapControl(sid=0x80000100, ctrl=0x80000000) via UTCB@0xdff00000 -> res=0x1
[L4_MapControl] space=0x80000100 control=0x80000000 modify count=1
  [ctl 0] whole-space op: va=0xb0d00000 phys=0x160000000 size=4294967296 rwx=2 -> address-space control (flush/perm), no RAM map
[Syscall] L4_MapControl(sid=0x80000100, ctrl=0x80000000) via UTCB@0xdff00000 -> res=0x1
[L4_MapControl] space=0x80000100 control=0x80000000 modify count=1
  [ctl 0] whole-space op: va=0xb0d00000 phys=0x160000000 size=4294967296 rwx=2 -> address-space control (flush/perm), no RAM map
[Syscall] L4_MapControl(sid=0x80000100, ctrl=0x80000000) via UTCB@0xdff00000 -> res=0x1
[L4_MapControl] space=0x80000100 control=0x80000000 modify count=1
  [ctl 0] whole-space op: va=0xb0d00000 phys=0x160000000 size=4294967296 rwx=2 -> address-space control (flush/perm), no RAM map
[Syscall] L4_MapControl(sid=0x80000100, ctrl=0x80000000) via UTCB@0xdff00000 -> res=0x1
[L4_MapControl] space=0x80000100 control=0x80000000 modify count=1
  [ctl 0] whole-space op: va=0xb0d00000 phys=0x160000000 size=4294967296 rwx=2 -> address-space control (flush/perm), no RAM map
[Syscall] L4_MapControl(sid=0x80000100, ctrl=0x80000000) via UTCB@0xdff00000 -> res=0x1
[L4_MapControl] space=0x80000100 control=0x80000000 modify count=1
  [ctl 0] whole-space op: va=0xb0d00000 phys=0x160000000 size=4294967296 rwx=2 -> address-space control (flush/perm), no RAM map
[Syscall] L4_MapControl(sid=0x80000100, ctrl=0x80000000) via UTCB@0xdff00000 -> res=0x1
[L4_MapControl] space=0x80000100 control=0x80000000 modify count=1
  [ctl 0] whole-space op: va=0xb0d00000 phys=0x160000000 size=4294967296 rwx=2 -> address-space control (flush/perm), no RAM map
[Syscall] L4_MapControl(sid=0x80000100, ctrl=0x80000000) via UTCB@0xdff00000 -> res=0x1
[L4_MapControl] space=0x80000100 control=0x80000000 modify count=1
  [ctl 0] whole-space op: va=0xb0d00000 phys=0x160000000 size=4294967296 rwx=2 -> address-space control (flush/perm), no RAM map
[Syscall] L4_MapControl(sid=0x80000100, ctrl=0x80000000) via UTCB@0xdff00000 -> res=0x1
[L4_MapControl] space=0x80000100 control=0x80000000 modify count=1
  [ctl 0] whole-space op: va=0xb0d00000 phys=0x160000000 size=4294967296 rwx=2 -> address-space control (flush/perm), no RAM map
[Syscall] L4_MapControl(sid=0x80000100, ctrl=0x80000000) via UTCB@0xdff00000 -> res=0x1
  [Cycle 890] Core0(ARM11): pc=0xb000d6b8 insns=340374 (ok) | Core1(ARM9): pc=0xf0017890 insns=8910000 (ok)
[L4_MapControl] space=0x80000100 control=0x80000000 modify count=1
  [ctl 0] whole-space op: va=0xb0d00000 phys=0x160000000 size=4294967296 rwx=2 -> address-space control (flush/perm), no RAM map
[Syscall] L4_MapControl(sid=0x80000100, ctrl=0x80000000) via UTCB@0xdff00000 -> res=0x1
[L4_MapControl] space=0x80000100 control=0x80000000 modify count=1
  [ctl 0] whole-space op: va=0xb0d00000 phys=0x160000000 size=4294967296 rwx=2 -> address-space control (flush/perm), no RAM map
[Syscall] L4_MapControl(sid=0x80000100, ctrl=0x80000000) via UTCB@0xdff00000 -> res=0x1
[L4_MapControl] space=0x80000100 control=0x80000000 modify count=1
  [ctl 0] whole-space op: va=0xb0d00000 phys=0x160000000 size=4294967296 rwx=2 -> address-space control (flush/perm), no RAM map
[Syscall] L4_MapControl(sid=0x80000100, ctrl=0x80000000) via UTCB@0xdff00000 -> res=0x1
[L4_MapControl] space=0x80000100 control=0x80000000 modify count=1
  [ctl 0] whole-space op: va=0xb0d00000 phys=0x160000000 size=4294967296 rwx=2 -> address-space control (flush/perm), no RAM map
[Syscall] L4_MapControl(sid=0x80000100, ctrl=0x80000000) via UTCB@0xdff00000 -> res=0x1
[L4_MapControl] space=0x80000100 control=0x80000000 modify count=1
  [ctl 0] whole-space op: va=0xb0d00000 phys=0x160000000 size=4294967296 rwx=2 -> address-space control (flush/perm), no RAM map
[Syscall] L4_MapControl(sid=0x80000100, ctrl=0x80000000) via UTCB@0xdff00000 -> res=0x1
[L4_MapControl] space=0x80000100 control=0x80000000 modify count=1
  [ctl 0] whole-space op: va=0xb0d00000 phys=0x160000000 size=4294967296 rwx=2 -> address-space control (flush/perm), no RAM map
[Syscall] L4_MapControl(sid=0x80000100, ctrl=0x80000000) via UTCB@0xdff00000 -> res=0x1
[L4_MapControl] space=0x80000100 control=0x80000000 modify count=1
  [ctl 0] whole-space op: va=0xb0d00000 phys=0x160000000 size=4294967296 rwx=2 -> address-space control (flush/perm), no RAM map
[Syscall] L4_MapControl(sid=0x80000100, ctrl=0x80000000) via UTCB@0xdff00000 -> res=0x1
[L4_MapControl] space=0x80000100 control=0x80000000 modify count=1
  [ctl 0] whole-space op: va=0xb0d00000 phys=0x160000000 size=4294967296 rwx=2 -> address-space control (flush/perm), no RAM map
[Syscall] L4_MapControl(sid=0x80000100, ctrl=0x80000000) via UTCB@0xdff00000 -> res=0x1
[L4_MapControl] space=0x80000100 control=0x80000000 modify count=1
  [ctl 0] whole-space op: va=0xb0d00000 phys=0x160000000 size=4294967296 rwx=2 -> address-space control (flush/perm), no RAM map
[Syscall] L4_MapControl(sid=0x80000100, ctrl=0x80000000) via UTCB@0xdff00000 -> res=0x1
[L4_MapControl] space=0x80000100 control=0x80000000 modify count=1
  [ctl 0] whole-space op: va=0xb0d00000 phys=0x160000000 size=4294967296 rwx=2 -> address-space control (flush/perm), no RAM map
[Syscall] L4_MapControl(sid=0x80000100, ctrl=0x80000000) via UTCB@0xdff00000 -> res=0x1
  [Cycle 900] Core0(ARM11): pc=0xb000d6b8 insns=341714 (ok) | Core1(ARM9): pc=0xf0017890 insns=9010000 (ok)
[L4_MapControl] space=0x80000100 control=0x80000000 modify count=1
  [ctl 0] whole-space op: va=0xb0d00000 phys=0x160000000 size=4294967296 rwx=2 -> address-space control (flush/perm), no RAM map
[Syscall] L4_MapControl(sid=0x80000100, ctrl=0x80000000) via UTCB@0xdff00000 -> res=0x1
[L4_MapControl] space=0x80000100 control=0x80000000 modify count=1
  [ctl 0] whole-space op: va=0xb0d00000 phys=0x160000000 size=4294967296 rwx=2 -> address-space control (flush/perm), no RAM map
[Syscall] L4_MapControl(sid=0x80000100, ctrl=0x80000000) via UTCB@0xdff00000 -> res=0x1
[L4_MapControl] space=0x80000100 control=0x80000000 modify count=1
  [ctl 0] whole-space op: va=0xb0d00000 phys=0x160000000 size=4294967296 rwx=2 -> address-space control (flush/perm), no RAM map
[Syscall] L4_MapControl(sid=0x80000100, ctrl=0x80000000) via UTCB@0xdff00000 -> res=0x1
[L4_MapControl] space=0x80000100 control=0x80000000 modify count=1
  [ctl 0] whole-space op: va=0xb0d00000 phys=0x160000000 size=4294967296 rwx=2 -> address-space control (flush/perm), no RAM map
[Syscall] L4_MapControl(sid=0x80000100, ctrl=0x80000000) via UTCB@0xdff00000 -> res=0x1
[L4_MapControl] space=0x80000100 control=0x80000000 modify count=1
  [ctl 0] whole-space op: va=0xb0d00000 phys=0x160000000 size=4294967296 rwx=2 -> address-space control (flush/perm), no RAM map
[Syscall] L4_MapControl(sid=0x80000100, ctrl=0x80000000) via UTCB@0xdff00000 -> res=0x1
[L4_MapControl] space=0x80000100 control=0x80000000 modify count=1
  [ctl 0] whole-space op: va=0xb0d00000 phys=0x160000000 size=4294967296 rwx=2 -> address-space control (flush/perm), no RAM map
[Syscall] L4_MapControl(sid=0x80000100, ctrl=0x80000000) via UTCB@0xdff00000 -> res=0x1
[L4_MapControl] space=0x80000100 control=0x80000000 modify count=1
  [ctl 0] whole-space op: va=0xb0d00000 phys=0x160000000 size=4294967296 rwx=2 -> address-space control (flush/perm), no RAM map
[Syscall] L4_MapControl(sid=0x80000100, ctrl=0x80000000) via UTCB@0xdff00000 -> res=0x1
[L4_MapControl] space=0x80000100 control=0x80000000 modify count=1
  [ctl 0] whole-space op: va=0xb0d00000 phys=0x160000000 size=4294967296 rwx=2 -> address-space control (flush/perm), no RAM map
[Syscall] L4_MapControl(sid=0x80000100, ctrl=0x80000000) via UTCB@0xdff00000 -> res=0x1
[L4_MapControl] space=0x80000100 control=0x80000000 modify count=1
  [ctl 0] whole-space op: va=0xb0d00000 phys=0x160000000 size=4294967296 rwx=2 -> address-space control (flush/perm), no RAM map
[Syscall] L4_MapControl(sid=0x80000100, ctrl=0x80000000) via UTCB@0xdff00000 -> res=0x1
[L4_MapControl] space=0x80000100 control=0x80000000 modify count=1
  [ctl 0] whole-space op: va=0xb0d00000 phys=0x160000000 size=4294967296 rwx=2 -> address-space control (flush/perm), no RAM map
[Syscall] L4_MapControl(sid=0x80000100, ctrl=0x80000000) via UTCB@0xdff00000 -> res=0x1
  [Cycle 910] Core0(ARM11): pc=0xb000d6b8 insns=343054 (ok) | Core1(ARM9): pc=0xf0017890 insns=9110000 (ok)
[L4_MapControl] space=0x80000100 control=0x80000000 modify count=1
  [ctl 0] whole-space op: va=0xb0d00000 phys=0x160000000 size=4294967296 rwx=2 -> address-space control (flush/perm), no RAM map
[Syscall] L4_MapControl(sid=0x80000100, ctrl=0x80000000) via UTCB@0xdff00000 -> res=0x1
[L4_MapControl] space=0x80000100 control=0x80000000 modify count=1
  [ctl 0] whole-space op: va=0xb0d00000 phys=0x160000000 size=4294967296 rwx=2 -> address-space control (flush/perm), no RAM map
[Syscall] L4_MapControl(sid=0x80000100, ctrl=0x80000000) via UTCB@0xdff00000 -> res=0x1
[L4_MapControl] space=0x80000100 control=0x80000000 modify count=1
  [ctl 0] whole-space op: va=0xb0d00000 phys=0x160000000 size=4294967296 rwx=2 -> address-space control (flush/perm), no RAM map
[Syscall] L4_MapControl(sid=0x80000100, ctrl=0x80000000) via UTCB@0xdff00000 -> res=0x1
[L4_MapControl] space=0x80000100 control=0x80000000 modify count=1
  [ctl 0] whole-space op: va=0xb0d00000 phys=0x160000000 size=4294967296 rwx=2 -> address-space control (flush/perm), no RAM map
[Syscall] L4_MapControl(sid=0x80000100, ctrl=0x80000000) via UTCB@0xdff00000 -> res=0x1
[L4_MapControl] space=0x80000100 control=0x80000000 modify count=1
  [ctl 0] whole-space op: va=0xb0d00000 phys=0x160000000 size=4294967296 rwx=2 -> address-space control (flush/perm), no RAM map
[Syscall] L4_MapControl(sid=0x80000100, ctrl=0x80000000) via UTCB@0xdff00000 -> res=0x1
[L4_MapControl] space=0x80000100 control=0x80000000 modify count=1
  [ctl 0] whole-space op: va=0xb0d00000 phys=0x160000000 size=4294967296 rwx=2 -> address-space control (flush/perm), no RAM map
[Syscall] L4_MapControl(sid=0x80000100, ctrl=0x80000000) via UTCB@0xdff00000 -> res=0x1
[L4_MapControl] space=0x80000100 control=0x80000000 modify count=1
  [ctl 0] whole-space op: va=0xb0d00000 phys=0x160000000 size=4294967296 rwx=2 -> address-space control (flush/perm), no RAM map
[Syscall] L4_MapControl(sid=0x80000100, ctrl=0x80000000) via UTCB@0xdff00000 -> res=0x1
[L4_MapControl] space=0x80000100 control=0x80000000 modify count=1
  [ctl 0] whole-space op: va=0xb0d00000 phys=0x160000000 size=4294967296 rwx=2 -> address-space control (flush/perm), no RAM map
[Syscall] L4_MapControl(sid=0x80000100, ctrl=0x80000000) via UTCB@0xdff00000 -> res=0x1
[L4_MapControl] space=0x80000100 control=0x80000000 modify count=1
  [ctl 0] whole-space op: va=0xb0d00000 phys=0x160000000 size=4294967296 rwx=2 -> address-space control (flush/perm), no RAM map
[Syscall] L4_MapControl(sid=0x80000100, ctrl=0x80000000) via UTCB@0xdff00000 -> res=0x1
[L4_MapControl] space=0x80000100 control=0x80000000 modify count=1
  [ctl 0] whole-space op: va=0xb0d00000 phys=0x160000000 size=4294967296 rwx=2 -> address-space control (flush/perm), no RAM map
[Syscall] L4_MapControl(sid=0x80000100, ctrl=0x80000000) via UTCB@0xdff00000 -> res=0x1
  [Cycle 920] Core0(ARM11): pc=0xb000d6b8 insns=344394 (ok) | Core1(ARM9): pc=0xf0017890 insns=9210000 (ok)
[L4_MapControl] space=0x80000100 control=0x80000000 modify count=1
  [ctl 0] whole-space op: va=0xb0d00000 phys=0x160000000 size=4294967296 rwx=2 -> address-space control (flush/perm), no RAM map
[Syscall] L4_MapControl(sid=0x80000100, ctrl=0x80000000) via UTCB@0xdff00000 -> res=0x1
[L4_MapControl] space=0x80000100 control=0x80000000 modify count=1
  [ctl 0] whole-space op: va=0xb0d00000 phys=0x160000000 size=4294967296 rwx=2 -> address-space control (flush/perm), no RAM map
[Syscall] L4_MapControl(sid=0x80000100, ctrl=0x80000000) via UTCB@0xdff00000 -> res=0x1
[L4_MapControl] space=0x80000100 control=0x80000000 modify count=1
  [ctl 0] whole-space op: va=0xb0d00000 phys=0x160000000 size=4294967296 rwx=2 -> address-space control (flush/perm), no RAM map
[Syscall] L4_MapControl(sid=0x80000100, ctrl=0x80000000) via UTCB@0xdff00000 -> res=0x1
[L4_MapControl] space=0x80000100 control=0x80000000 modify count=1
  [ctl 0] whole-space op: va=0xb0d00000 phys=0x160000000 size=4294967296 rwx=2 -> address-space control (flush/perm), no RAM map
[Syscall] L4_MapControl(sid=0x80000100, ctrl=0x80000000) via UTCB@0xdff00000 -> res=0x1
[L4_MapControl] space=0x80000100 control=0x80000000 modify count=1
  [ctl 0] whole-space op: va=0xb0d00000 phys=0x160000000 size=4294967296 rwx=2 -> address-space control (flush/perm), no RAM map
[Syscall] L4_MapControl(sid=0x80000100, ctrl=0x80000000) via UTCB@0xdff00000 -> res=0x1
[L4_MapControl] space=0x80000100 control=0x80000000 modify count=1
  [ctl 0] whole-space op: va=0xb0d00000 phys=0x160000000 size=4294967296 rwx=2 -> address-space control (flush/perm), no RAM map
[Syscall] L4_MapControl(sid=0x80000100, ctrl=0x80000000) via UTCB@0xdff00000 -> res=0x1
[L4_MapControl] space=0x80000100 control=0x80000000 modify count=1
  [ctl 0] whole-space op: va=0xb0d00000 phys=0x160000000 size=4294967296 rwx=2 -> address-space control (flush/perm), no RAM map
[Syscall] L4_MapControl(sid=0x80000100, ctrl=0x80000000) via UTCB@0xdff00000 -> res=0x1
[L4_MapControl] space=0x80000100 control=0x80000000 modify count=1
  [ctl 0] whole-space op: va=0xb0d00000 phys=0x160000000 size=4294967296 rwx=2 -> address-space control (flush/perm), no RAM map
[Syscall] L4_MapControl(sid=0x80000100, ctrl=0x80000000) via UTCB@0xdff00000 -> res=0x1
[L4_MapControl] space=0x80000100 control=0x80000000 modify count=1
  [ctl 0] whole-space op: va=0xb0d00000 phys=0x160000000 size=4294967296 rwx=2 -> address-space control (flush/perm), no RAM map
[Syscall] L4_MapControl(sid=0x80000100, ctrl=0x80000000) via UTCB@0xdff00000 -> res=0x1
[L4_MapControl] space=0x80000100 control=0x80000000 modify count=1
  [ctl 0] whole-space op: va=0xb0d00000 phys=0x160000000 size=4294967296 rwx=2 -> address-space control (flush/perm), no RAM map
[Syscall] L4_MapControl(sid=0x80000100, ctrl=0x80000000) via UTCB@0xdff00000 -> res=0x1
  [Cycle 930] Core0(ARM11): pc=0xb000d6b8 insns=345734 (ok) | Core1(ARM9): pc=0xf0017890 insns=9310000 (ok)
[L4_MapControl] space=0x80000100 control=0x80000000 modify count=1
  [ctl 0] whole-space op: va=0xb0d00000 phys=0x160000000 size=4294967296 rwx=2 -> address-space control (flush/perm), no RAM map
[Syscall] L4_MapControl(sid=0x80000100, ctrl=0x80000000) via UTCB@0xdff00000 -> res=0x1
[L4_MapControl] space=0x80000100 control=0x80000000 modify count=1
  [ctl 0] whole-space op: va=0xb0d00000 phys=0x160000000 size=4294967296 rwx=2 -> address-space control (flush/perm), no RAM map
[Syscall] L4_MapControl(sid=0x80000100, ctrl=0x80000000) via UTCB@0xdff00000 -> res=0x1
[L4_MapControl] space=0x80000100 control=0x80000000 modify count=1
  [ctl 0] whole-space op: va=0xb0d00000 phys=0x160000000 size=4294967296 rwx=2 -> address-space control (flush/perm), no RAM map
[Syscall] L4_MapControl(sid=0x80000100, ctrl=0x80000000) via UTCB@0xdff00000 -> res=0x1
[L4_MapControl] space=0x80000100 control=0x80000000 modify count=1
  [ctl 0] whole-space op: va=0xb0d00000 phys=0x160000000 size=4294967296 rwx=2 -> address-space control (flush/perm), no RAM map
[Syscall] L4_MapControl(sid=0x80000100, ctrl=0x80000000) via UTCB@0xdff00000 -> res=0x1
[L4_MapControl] space=0x80000100 control=0x80000000 modify count=1
  [ctl 0] whole-space op: va=0xb0d00000 phys=0x160000000 size=4294967296 rwx=2 -> address-space control (flush/perm), no RAM map
[Syscall] L4_MapControl(sid=0x80000100, ctrl=0x80000000) via UTCB@0xdff00000 -> res=0x1
[L4_MapControl] space=0x80000100 control=0x80000000 modify count=1
  [ctl 0] whole-space op: va=0xb0d00000 phys=0x160000000 size=4294967296 rwx=2 -> address-space control (flush/perm), no RAM map
[Syscall] L4_MapControl(sid=0x80000100, ctrl=0x80000000) via UTCB@0xdff00000 -> res=0x1
[L4_MapControl] space=0x80000100 control=0x80000000 modify count=1
  [ctl 0] whole-space op: va=0xb0d00000 phys=0x160000000 size=4294967296 rwx=2 -> address-space control (flush/perm), no RAM map
[Syscall] L4_MapControl(sid=0x80000100, ctrl=0x80000000) via UTCB@0xdff00000 -> res=0x1
[L4_MapControl] space=0x80000100 control=0x80000000 modify count=1
  [ctl 0] whole-space op: va=0xb0d00000 phys=0x160000000 size=4294967296 rwx=2 -> address-space control (flush/perm), no RAM map
[Syscall] L4_MapControl(sid=0x80000100, ctrl=0x80000000) via UTCB@0xdff00000 -> res=0x1
[L4_MapControl] space=0x80000100 control=0x80000000 modify count=1
  [ctl 0] whole-space op: va=0xb0d00000 phys=0x160000000 size=4294967296 rwx=2 -> address-space control (flush/perm), no RAM map
[Syscall] L4_MapControl(sid=0x80000100, ctrl=0x80000000) via UTCB@0xdff00000 -> res=0x1
[L4_MapControl] space=0x80000100 control=0x80000000 modify count=1
  [ctl 0] whole-space op: va=0xb0d00000 phys=0x160000000 size=4294967296 rwx=2 -> address-space control (flush/perm), no RAM map
[Syscall] L4_MapControl(sid=0x80000100, ctrl=0x80000000) via UTCB@0xdff00000 -> res=0x1
  [Cycle 940] Core0(ARM11): pc=0xb000d6b8 insns=347074 (ok) | Core1(ARM9): pc=0xf0017890 insns=9410000 (ok)
[L4_MapControl] space=0x80000100 control=0x80000000 modify count=1
  [ctl 0] whole-space op: va=0xb0d00000 phys=0x160000000 size=4294967296 rwx=2 -> address-space control (flush/perm), no RAM map
[Syscall] L4_MapControl(sid=0x80000100, ctrl=0x80000000) via UTCB@0xdff00000 -> res=0x1
[L4_MapControl] space=0x80000100 control=0x80000000 modify count=1
  [ctl 0] whole-space op: va=0xb0d00000 phys=0x160000000 size=4294967296 rwx=2 -> address-space control (flush/perm), no RAM map
[Syscall] L4_MapControl(sid=0x80000100, ctrl=0x80000000) via UTCB@0xdff00000 -> res=0x1
[L4_MapControl] space=0x80000100 control=0x80000000 modify count=1
  [ctl 0] whole-space op: va=0xb0d00000 phys=0x160000000 size=4294967296 rwx=2 -> address-space control (flush/perm), no RAM map
[Syscall] L4_MapControl(sid=0x80000100, ctrl=0x80000000) via UTCB@0xdff00000 -> res=0x1
[L4_MapControl] space=0x80000100 control=0x80000000 modify count=1
  [ctl 0] whole-space op: va=0xb0d00000 phys=0x160000000 size=4294967296 rwx=2 -> address-space control (flush/perm), no RAM map
[Syscall] L4_MapControl(sid=0x80000100, ctrl=0x80000000) via UTCB@0xdff00000 -> res=0x1
[L4_MapControl] space=0x80000100 control=0x80000000 modify count=1
  [ctl 0] whole-space op: va=0xb0d00000 phys=0x160000000 size=4294967296 rwx=2 -> address-space control (flush/perm), no RAM map
[Syscall] L4_MapControl(sid=0x80000100, ctrl=0x80000000) via UTCB@0xdff00000 -> res=0x1
[L4_MapControl] space=0x80000100 control=0x80000000 modify count=1
  [ctl 0] whole-space op: va=0xb0d00000 phys=0x160000000 size=4294967296 rwx=2 -> address-space control (flush/perm), no RAM map
[Syscall] L4_MapControl(sid=0x80000100, ctrl=0x80000000) via UTCB@0xdff00000 -> res=0x1
[L4_MapControl] space=0x80000100 control=0x80000000 modify count=1
  [ctl 0] whole-space op: va=0xb0d00000 phys=0x160000000 size=4294967296 rwx=2 -> address-space control (flush/perm), no RAM map
[Syscall] L4_MapControl(sid=0x80000100, ctrl=0x80000000) via UTCB@0xdff00000 -> res=0x1
[L4_MapControl] space=0x80000100 control=0x80000000 modify count=1
  [ctl 0] whole-space op: va=0xb0d00000 phys=0x160000000 size=4294967296 rwx=2 -> address-space control (flush/perm), no RAM map
[Syscall] L4_MapControl(sid=0x80000100, ctrl=0x80000000) via UTCB@0xdff00000 -> res=0x1
[L4_MapControl] space=0x80000100 control=0x80000000 modify count=1
  [ctl 0] whole-space op: va=0xb0d00000 phys=0x160000000 size=4294967296 rwx=2 -> address-space control (flush/perm), no RAM map
[Syscall] L4_MapControl(sid=0x80000100, ctrl=0x80000000) via UTCB@0xdff00000 -> res=0x1
[L4_MapControl] space=0x80000100 control=0x80000000 modify count=1
  [ctl 0] whole-space op: va=0xb0d00000 phys=0x160000000 size=4294967296 rwx=2 -> address-space control (flush/perm), no RAM map
[Syscall] L4_MapControl(sid=0x80000100, ctrl=0x80000000) via UTCB@0xdff00000 -> res=0x1
  [Cycle 950] Core0(ARM11): pc=0xb000d6b8 insns=348414 (ok) | Core1(ARM9): pc=0xf0017890 insns=9510000 (ok)
[L4_MapControl] space=0x80000100 control=0x80000000 modify count=1
  [ctl 0] whole-space op: va=0xb0d00000 phys=0x160000000 size=4294967296 rwx=2 -> address-space control (flush/perm), no RAM map
[Syscall] L4_MapControl(sid=0x80000100, ctrl=0x80000000) via UTCB@0xdff00000 -> res=0x1
[L4_MapControl] space=0x80000100 control=0x80000000 modify count=1
  [ctl 0] whole-space op: va=0xb0d00000 phys=0x160000000 size=4294967296 rwx=2 -> address-space control (flush/perm), no RAM map
[Syscall] L4_MapControl(sid=0x80000100, ctrl=0x80000000) via UTCB@0xdff00000 -> res=0x1
[L4_MapControl] space=0x80000100 control=0x80000000 modify count=1
  [ctl 0] whole-space op: va=0xb0d00000 phys=0x160000000 size=4294967296 rwx=2 -> address-space control (flush/perm), no RAM map
[Syscall] L4_MapControl(sid=0x80000100, ctrl=0x80000000) via UTCB@0xdff00000 -> res=0x1
[L4_MapControl] space=0x80000100 control=0x80000000 modify count=1
  [ctl 0] whole-space op: va=0xb0d00000 phys=0x160000000 size=4294967296 rwx=2 -> address-space control (flush/perm), no RAM map
[Syscall] L4_MapControl(sid=0x80000100, ctrl=0x80000000) via UTCB@0xdff00000 -> res=0x1
[L4_MapControl] space=0x80000100 control=0x80000000 modify count=1
  [ctl 0] whole-space op: va=0xb0d00000 phys=0x160000000 size=4294967296 rwx=2 -> address-space control (flush/perm), no RAM map
[Syscall] L4_MapControl(sid=0x80000100, ctrl=0x80000000) via UTCB@0xdff00000 -> res=0x1
[L4_MapControl] space=0x80000100 control=0x80000000 modify count=1
  [ctl 0] whole-space op: va=0xb0d00000 phys=0x160000000 size=4294967296 rwx=2 -> address-space control (flush/perm), no RAM map
[Syscall] L4_MapControl(sid=0x80000100, ctrl=0x80000000) via UTCB@0xdff00000 -> res=0x1
[L4_MapControl] space=0x80000100 control=0x80000000 modify count=1
  [ctl 0] whole-space op: va=0xb0d00000 phys=0x160000000 size=4294967296 rwx=2 -> address-space control (flush/perm), no RAM map
[Syscall] L4_MapControl(sid=0x80000100, ctrl=0x80000000) via UTCB@0xdff00000 -> res=0x1
[L4_MapControl] space=0x80000100 control=0x80000000 modify count=1
  [ctl 0] whole-space op: va=0xb0d00000 phys=0x160000000 size=4294967296 rwx=2 -> address-space control (flush/perm), no RAM map
[Syscall] L4_MapControl(sid=0x80000100, ctrl=0x80000000) via UTCB@0xdff00000 -> res=0x1
[L4_MapControl] space=0x80000100 control=0x80000000 modify count=1
  [ctl 0] whole-space op: va=0xb0d00000 phys=0x160000000 size=4294967296 rwx=2 -> address-space control (flush/perm), no RAM map
[Syscall] L4_MapControl(sid=0x80000100, ctrl=0x80000000) via UTCB@0xdff00000 -> res=0x1
[L4_MapControl] space=0x80000100 control=0x80000000 modify count=1
  [ctl 0] whole-space op: va=0xb0d00000 phys=0x160000000 size=4294967296 rwx=2 -> address-space control (flush/perm), no RAM map
[Syscall] L4_MapControl(sid=0x80000100, ctrl=0x80000000) via UTCB@0xdff00000 -> res=0x1
  [Cycle 960] Core0(ARM11): pc=0xb000d6b8 insns=349754 (ok) | Core1(ARM9): pc=0xf0017890 insns=9610000 (ok)
[L4_MapControl] space=0x80000100 control=0x80000000 modify count=1
  [ctl 0] whole-space op: va=0xb0d00000 phys=0x160000000 size=4294967296 rwx=2 -> address-space control (flush/perm), no RAM map
[Syscall] L4_MapControl(sid=0x80000100, ctrl=0x80000000) via UTCB@0xdff00000 -> res=0x1
[L4_MapControl] space=0x80000100 control=0x80000000 modify count=1
  [ctl 0] whole-space op: va=0xb0d00000 phys=0x160000000 size=4294967296 rwx=2 -> address-space control (flush/perm), no RAM map
[Syscall] L4_MapControl(sid=0x80000100, ctrl=0x80000000) via UTCB@0xdff00000 -> res=0x1
[L4_MapControl] space=0x80000100 control=0x80000000 modify count=1
  [ctl 0] whole-space op: va=0xb0d00000 phys=0x160000000 size=4294967296 rwx=2 -> address-space control (flush/perm), no RAM map
[Syscall] L4_MapControl(sid=0x80000100, ctrl=0x80000000) via UTCB@0xdff00000 -> res=0x1
[L4_MapControl] space=0x80000100 control=0x80000000 modify count=1
  [ctl 0] whole-space op: va=0xb0d00000 phys=0x160000000 size=4294967296 rwx=2 -> address-space control (flush/perm), no RAM map
[Syscall] L4_MapControl(sid=0x80000100, ctrl=0x80000000) via UTCB@0xdff00000 -> res=0x1
[L4_MapControl] space=0x80000100 control=0x80000000 modify count=1
  [ctl 0] whole-space op: va=0xb0d00000 phys=0x160000000 size=4294967296 rwx=2 -> address-space control (flush/perm), no RAM map
[Syscall] L4_MapControl(sid=0x80000100, ctrl=0x80000000) via UTCB@0xdff00000 -> res=0x1
[L4_MapControl] space=0x80000100 control=0x80000000 modify count=1
  [ctl 0] whole-space op: va=0xb0d00000 phys=0x160000000 size=4294967296 rwx=2 -> address-space control (flush/perm), no RAM map
[Syscall] L4_MapControl(sid=0x80000100, ctrl=0x80000000) via UTCB@0xdff00000 -> res=0x1
[L4_MapControl] space=0x80000100 control=0x80000000 modify count=1
  [ctl 0] whole-space op: va=0xb0d00000 phys=0x160000000 size=4294967296 rwx=2 -> address-space control (flush/perm), no RAM map
[Syscall] L4_MapControl(sid=0x80000100, ctrl=0x80000000) via UTCB@0xdff00000 -> res=0x1
[L4_MapControl] space=0x80000100 control=0x80000000 modify count=1
  [ctl 0] whole-space op: va=0xb0d00000 phys=0x160000000 size=4294967296 rwx=2 -> address-space control (flush/perm), no RAM map
[Syscall] L4_MapControl(sid=0x80000100, ctrl=0x80000000) via UTCB@0xdff00000 -> res=0x1
[L4_MapControl] space=0x80000100 control=0x80000000 modify count=1
  [ctl 0] whole-space op: va=0xb0d00000 phys=0x160000000 size=4294967296 rwx=2 -> address-space control (flush/perm), no RAM map
[Syscall] L4_MapControl(sid=0x80000100, ctrl=0x80000000) via UTCB@0xdff00000 -> res=0x1
[L4_MapControl] space=0x80000100 control=0x80000000 modify count=1
  [ctl 0] whole-space op: va=0xb0d00000 phys=0x160000000 size=4294967296 rwx=2 -> address-space control (flush/perm), no RAM map
[Syscall] L4_MapControl(sid=0x80000100, ctrl=0x80000000) via UTCB@0xdff00000 -> res=0x1
  [Cycle 970] Core0(ARM11): pc=0xb000d6b8 insns=351094 (ok) | Core1(ARM9): pc=0xf0017890 insns=9710000 (ok)
[L4_MapControl] space=0x80000100 control=0x80000000 modify count=1
  [ctl 0] whole-space op: va=0xb0d00000 phys=0x160000000 size=4294967296 rwx=2 -> address-space control (flush/perm), no RAM map
[Syscall] L4_MapControl(sid=0x80000100, ctrl=0x80000000) via UTCB@0xdff00000 -> res=0x1
[L4_MapControl] space=0x80000100 control=0x80000000 modify count=1
  [ctl 0] whole-space op: va=0xb0d00000 phys=0x160000000 size=4294967296 rwx=2 -> address-space control (flush/perm), no RAM map
[Syscall] L4_MapControl(sid=0x80000100, ctrl=0x80000000) via UTCB@0xdff00000 -> res=0x1
[L4_MapControl] space=0x80000100 control=0x80000000 modify count=1
  [ctl 0] whole-space op: va=0xb0d00000 phys=0x160000000 size=4294967296 rwx=2 -> address-space control (flush/perm), no RAM map
[Syscall] L4_MapControl(sid=0x80000100, ctrl=0x80000000) via UTCB@0xdff00000 -> res=0x1
[L4_MapControl] space=0x80000100 control=0x80000000 modify count=1
  [ctl 0] whole-space op: va=0xb0d00000 phys=0x160000000 size=4294967296 rwx=2 -> address-space control (flush/perm), no RAM map
[Syscall] L4_MapControl(sid=0x80000100, ctrl=0x80000000) via UTCB@0xdff00000 -> res=0x1
[L4_MapControl] space=0x80000100 control=0x80000000 modify count=1
  [ctl 0] whole-space op: va=0xb0d00000 phys=0x160000000 size=4294967296 rwx=2 -> address-space control (flush/perm), no RAM map
[Syscall] L4_MapControl(sid=0x80000100, ctrl=0x80000000) via UTCB@0xdff00000 -> res=0x1
[L4_MapControl] space=0x80000100 control=0x80000000 modify count=1
  [ctl 0] whole-space op: va=0xb0d00000 phys=0x160000000 size=4294967296 rwx=2 -> address-space control (flush/perm), no RAM map
[Syscall] L4_MapControl(sid=0x80000100, ctrl=0x80000000) via UTCB@0xdff00000 -> res=0x1
[L4_MapControl] space=0x80000100 control=0x80000000 modify count=1
  [ctl 0] whole-space op: va=0xb0d00000 phys=0x160000000 size=4294967296 rwx=2 -> address-space control (flush/perm), no RAM map
[Syscall] L4_MapControl(sid=0x80000100, ctrl=0x80000000) via UTCB@0xdff00000 -> res=0x1
[L4_MapControl] space=0x80000100 control=0x80000000 modify count=1
  [ctl 0] whole-space op: va=0xb0d00000 phys=0x160000000 size=4294967296 rwx=2 -> address-space control (flush/perm), no RAM map
[Syscall] L4_MapControl(sid=0x80000100, ctrl=0x80000000) via UTCB@0xdff00000 -> res=0x1
[L4_MapControl] space=0x80000100 control=0x80000000 modify count=1
  [ctl 0] whole-space op: va=0xb0d00000 phys=0x160000000 size=4294967296 rwx=2 -> address-space control (flush/perm), no RAM map
[Syscall] L4_MapControl(sid=0x80000100, ctrl=0x80000000) via UTCB@0xdff00000 -> res=0x1
[L4_MapControl] space=0x80000100 control=0x80000000 modify count=1
  [ctl 0] whole-space op: va=0xb0d00000 phys=0x160000000 size=4294967296 rwx=2 -> address-space control (flush/perm), no RAM map
[Syscall] L4_MapControl(sid=0x80000100, ctrl=0x80000000) via UTCB@0xdff00000 -> res=0x1
  [Cycle 980] Core0(ARM11): pc=0xb000d6b8 insns=352434 (ok) | Core1(ARM9): pc=0xf0017890 insns=9810000 (ok)
[L4_MapControl] space=0x80000100 control=0x80000000 modify count=1
  [ctl 0] whole-space op: va=0xb0d00000 phys=0x160000000 size=4294967296 rwx=2 -> address-space control (flush/perm), no RAM map
[Syscall] L4_MapControl(sid=0x80000100, ctrl=0x80000000) via UTCB@0xdff00000 -> res=0x1
[L4_MapControl] space=0x80000100 control=0x80000000 modify count=1
  [ctl 0] whole-space op: va=0xb0d00000 phys=0x160000000 size=4294967296 rwx=2 -> address-space control (flush/perm), no RAM map
[Syscall] L4_MapControl(sid=0x80000100, ctrl=0x80000000) via UTCB@0xdff00000 -> res=0x1
[L4_MapControl] space=0x80000100 control=0x80000000 modify count=1
  [ctl 0] whole-space op: va=0xb0d00000 phys=0x160000000 size=4294967296 rwx=2 -> address-space control (flush/perm), no RAM map
[Syscall] L4_MapControl(sid=0x80000100, ctrl=0x80000000) via UTCB@0xdff00000 -> res=0x1
[L4_MapControl] space=0x80000100 control=0x80000000 modify count=1
  [ctl 0] whole-space op: va=0xb0d00000 phys=0x160000000 size=4294967296 rwx=2 -> address-space control (flush/perm), no RAM map
[Syscall] L4_MapControl(sid=0x80000100, ctrl=0x80000000) via UTCB@0xdff00000 -> res=0x1
[L4_MapControl] space=0x80000100 control=0x80000000 modify count=1
  [ctl 0] whole-space op: va=0xb0d00000 phys=0x160000000 size=4294967296 rwx=2 -> address-space control (flush/perm), no RAM map
[Syscall] L4_MapControl(sid=0x80000100, ctrl=0x80000000) via UTCB@0xdff00000 -> res=0x1
[L4_MapControl] space=0x80000100 control=0x80000000 modify count=1
  [ctl 0] whole-space op: va=0xb0d00000 phys=0x160000000 size=4294967296 rwx=2 -> address-space control (flush/perm), no RAM map
[Syscall] L4_MapControl(sid=0x80000100, ctrl=0x80000000) via UTCB@0xdff00000 -> res=0x1
[L4_MapControl] space=0x80000100 control=0x80000000 modify count=1
  [ctl 0] whole-space op: va=0xb0d00000 phys=0x160000000 size=4294967296 rwx=2 -> address-space control (flush/perm), no RAM map
[Syscall] L4_MapControl(sid=0x80000100, ctrl=0x80000000) via UTCB@0xdff00000 -> res=0x1
[L4_MapControl] space=0x80000100 control=0x80000000 modify count=1
  [ctl 0] whole-space op: va=0xb0d00000 phys=0x160000000 size=4294967296 rwx=2 -> address-space control (flush/perm), no RAM map
[Syscall] L4_MapControl(sid=0x80000100, ctrl=0x80000000) via UTCB@0xdff00000 -> res=0x1
[L4_MapControl] space=0x80000100 control=0x80000000 modify count=1
  [ctl 0] whole-space op: va=0xb0d00000 phys=0x160000000 size=4294967296 rwx=2 -> address-space control (flush/perm), no RAM map
[Syscall] L4_MapControl(sid=0x80000100, ctrl=0x80000000) via UTCB@0xdff00000 -> res=0x1
[L4_MapControl] space=0x80000100 control=0x80000000 modify count=1
  [ctl 0] whole-space op: va=0xb0d00000 phys=0x160000000 size=4294967296 rwx=2 -> address-space control (flush/perm), no RAM map
[Syscall] L4_MapControl(sid=0x80000100, ctrl=0x80000000) via UTCB@0xdff00000 -> res=0x1
  [Cycle 990] Core0(ARM11): pc=0xb000d6b8 insns=353774 (ok) | Core1(ARM9): pc=0xf0017890 insns=9910000 (ok)
[L4_MapControl] space=0x80000100 control=0x80000000 modify count=1
  [ctl 0] whole-space op: va=0xb0d00000 phys=0x160000000 size=4294967296 rwx=2 -> address-space control (flush/perm), no RAM map
[Syscall] L4_MapControl(sid=0x80000100, ctrl=0x80000000) via UTCB@0xdff00000 -> res=0x1
[L4_MapControl] space=0x80000100 control=0x80000000 modify count=1
  [ctl 0] whole-space op: va=0xb0d00000 phys=0x160000000 size=4294967296 rwx=2 -> address-space control (flush/perm), no RAM map
[Syscall] L4_MapControl(sid=0x80000100, ctrl=0x80000000) via UTCB@0xdff00000 -> res=0x1
[L4_MapControl] space=0x80000100 control=0x80000000 modify count=1
  [ctl 0] whole-space op: va=0xb0d00000 phys=0x160000000 size=4294967296 rwx=2 -> address-space control (flush/perm), no RAM map
[Syscall] L4_MapControl(sid=0x80000100, ctrl=0x80000000) via UTCB@0xdff00000 -> res=0x1
[L4_MapControl] space=0x80000100 control=0x80000000 modify count=1
  [ctl 0] whole-space op: va=0xb0d00000 phys=0x160000000 size=4294967296 rwx=2 -> address-space control (flush/perm), no RAM map
[Syscall] L4_MapControl(sid=0x80000100, ctrl=0x80000000) via UTCB@0xdff00000 -> res=0x1
[L4_MapControl] space=0x80000100 control=0x80000000 modify count=1
  [ctl 0] whole-space op: va=0xb0d00000 phys=0x160000000 size=4294967296 rwx=2 -> address-space control (flush/perm), no RAM map
[Syscall] L4_MapControl(sid=0x80000100, ctrl=0x80000000) via UTCB@0xdff00000 -> res=0x1
[L4_MapControl] space=0x80000100 control=0x80000000 modify count=1
  [ctl 0] whole-space op: va=0xb0d00000 phys=0x160000000 size=4294967296 rwx=2 -> address-space control (flush/perm), no RAM map
[Syscall] L4_MapControl(sid=0x80000100, ctrl=0x80000000) via UTCB@0xdff00000 -> res=0x1
[L4_MapControl] space=0x80000100 control=0x80000000 modify count=1
  [ctl 0] whole-space op: va=0xb0d00000 phys=0x160000000 size=4294967296 rwx=2 -> address-space control (flush/perm), no RAM map
[Syscall] L4_MapControl(sid=0x80000100, ctrl=0x80000000) via UTCB@0xdff00000 -> res=0x1
[L4_MapControl] space=0x80000100 control=0x80000000 modify count=1
  [ctl 0] whole-space op: va=0xb0d00000 phys=0x160000000 size=4294967296 rwx=2 -> address-space control (flush/perm), no RAM map
[Syscall] L4_MapControl(sid=0x80000100, ctrl=0x80000000) via UTCB@0xdff00000 -> res=0x1
[L4_MapControl] space=0x80000100 control=0x80000000 modify count=1
  [ctl 0] whole-space op: va=0xb0d00000 phys=0x160000000 size=4294967296 rwx=2 -> address-space control (flush/perm), no RAM map
[Syscall] L4_MapControl(sid=0x80000100, ctrl=0x80000000) via UTCB@0xdff00000 -> res=0x1
[L4_MapControl] space=0x80000100 control=0x80000000 modify count=1
  [ctl 0] whole-space op: va=0xb0d00000 phys=0x160000000 size=4294967296 rwx=2 -> address-space control (flush/perm), no RAM map
[Syscall] L4_MapControl(sid=0x80000100, ctrl=0x80000000) via UTCB@0xdff00000 -> res=0x1
  [Cycle 1000] Core0(ARM11): pc=0xb000d6b8 insns=355114 (ok) | Core1(ARM9): pc=0xf0017890 insns=10010000 (ok)
[L4_MapControl] space=0x80000100 control=0x80000000 modify count=1
  [ctl 0] whole-space op: va=0xb0d00000 phys=0x160000000 size=4294967296 rwx=2 -> address-space control (flush/perm), no RAM map
[Syscall] L4_MapControl(sid=0x80000100, ctrl=0x80000000) via UTCB@0xdff00000 -> res=0x1
[L4_MapControl] space=0x80000100 control=0x80000000 modify count=1
  [ctl 0] whole-space op: va=0xb0d00000 phys=0x160000000 size=4294967296 rwx=2 -> address-space control (flush/perm), no RAM map
[Syscall] L4_MapControl(sid=0x80000100, ctrl=0x80000000) via UTCB@0xdff00000 -> res=0x1
[L4_MapControl] space=0x80000100 control=0x80000000 modify count=1
  [ctl 0] whole-space op: va=0xb0d00000 phys=0x160000000 size=4294967296 rwx=2 -> address-space control (flush/perm), no RAM map
[Syscall] L4_MapControl(sid=0x80000100, ctrl=0x80000000) via UTCB@0xdff00000 -> res=0x1
[L4_MapControl] space=0x80000100 control=0x80000000 modify count=1
  [ctl 0] whole-space op: va=0xb0d00000 phys=0x160000000 size=4294967296 rwx=2 -> address-space control (flush/perm), no RAM map
[Syscall] L4_MapControl(sid=0x80000100, ctrl=0x80000000) via UTCB@0xdff00000 -> res=0x1
[L4_MapControl] space=0x80000100 control=0x80000000 modify count=1
  [ctl 0] whole-space op: va=0xb0d00000 phys=0x160000000 size=4294967296 rwx=2 -> address-space control (flush/perm), no RAM map
[Syscall] L4_MapControl(sid=0x80000100, ctrl=0x80000000) via UTCB@0xdff00000 -> res=0x1
[L4_MapControl] space=0x80000100 control=0x80000000 modify count=1
  [ctl 0] whole-space op: va=0xb0d00000 phys=0x160000000 size=4294967296 rwx=2 -> address-space control (flush/perm), no RAM map
[Syscall] L4_MapControl(sid=0x80000100, ctrl=0x80000000) via UTCB@0xdff00000 -> res=0x1
[L4_MapControl] space=0x80000100 control=0x80000000 modify count=1
  [ctl 0] whole-space op: va=0xb0d00000 phys=0x160000000 size=4294967296 rwx=2 -> address-space control (flush/perm), no RAM map
[Syscall] L4_MapControl(sid=0x80000100, ctrl=0x80000000) via UTCB@0xdff00000 -> res=0x1
[L4_MapControl] space=0x80000100 control=0x80000000 modify count=1
  [ctl 0] whole-space op: va=0xb0d00000 phys=0x160000000 size=4294967296 rwx=2 -> address-space control (flush/perm), no RAM map
[Syscall] L4_MapControl(sid=0x80000100, ctrl=0x80000000) via UTCB@0xdff00000 -> res=0x1
[L4_MapControl] space=0x80000100 control=0x80000000 modify count=1
  [ctl 0] whole-space op: va=0xb0d00000 phys=0x160000000 size=4294967296 rwx=2 -> address-space control (flush/perm), no RAM map
[Syscall] L4_MapControl(sid=0x80000100, ctrl=0x80000000) via UTCB@0xdff00000 -> res=0x1
[L4_MapControl] space=0x80000100 control=0x80000000 modify count=1
  [ctl 0] whole-space op: va=0xb0d00000 phys=0x160000000 size=4294967296 rwx=2 -> address-space control (flush/perm), no RAM map
[Syscall] L4_MapControl(sid=0x80000100, ctrl=0x80000000) via UTCB@0xdff00000 -> res=0x1
  [Cycle 1010] Core0(ARM11): pc=0xb000d6b8 insns=356454 (ok) | Core1(ARM9): pc=0xf0017890 insns=10110000 (ok)
[L4_MapControl] space=0x80000100 control=0x80000000 modify count=1
  [ctl 0] whole-space op: va=0xb0d00000 phys=0x160000000 size=4294967296 rwx=2 -> address-space control (flush/perm), no RAM map
[Syscall] L4_MapControl(sid=0x80000100, ctrl=0x80000000) via UTCB@0xdff00000 -> res=0x1
[L4_MapControl] space=0x80000100 control=0x80000000 modify count=1
  [ctl 0] whole-space op: va=0xb0d00000 phys=0x160000000 size=4294967296 rwx=2 -> address-space control (flush/perm), no RAM map
[Syscall] L4_MapControl(sid=0x80000100, ctrl=0x80000000) via UTCB@0xdff00000 -> res=0x1
[L4_MapControl] space=0x80000100 control=0x80000000 modify count=1
  [ctl 0] whole-space op: va=0xb0d00000 phys=0x160000000 size=4294967296 rwx=2 -> address-space control (flush/perm), no RAM map
[Syscall] L4_MapControl(sid=0x80000100, ctrl=0x80000000) via UTCB@0xdff00000 -> res=0x1
[L4_MapControl] space=0x80000100 control=0x80000000 modify count=1
  [ctl 0] whole-space op: va=0xb0d00000 phys=0x160000000 size=4294967296 rwx=2 -> address-space control (flush/perm), no RAM map
[Syscall] L4_MapControl(sid=0x80000100, ctrl=0x80000000) via UTCB@0xdff00000 -> res=0x1
[L4_MapControl] space=0x80000100 control=0x80000000 modify count=1
  [ctl 0] whole-space op: va=0xb0d00000 phys=0x160000000 size=4294967296 rwx=2 -> address-space control (flush/perm), no RAM map
[Syscall] L4_MapControl(sid=0x80000100, ctrl=0x80000000) via UTCB@0xdff00000 -> res=0x1
[L4_MapControl] space=0x80000100 control=0x80000000 modify count=1
  [ctl 0] whole-space op: va=0xb0d00000 phys=0x160000000 size=4294967296 rwx=2 -> address-space control (flush/perm), no RAM map
[Syscall] L4_MapControl(sid=0x80000100, ctrl=0x80000000) via UTCB@0xdff00000 -> res=0x1
[L4_MapControl] space=0x80000100 control=0x80000000 modify count=1
  [ctl 0] whole-space op: va=0xb0d00000 phys=0x160000000 size=4294967296 rwx=2 -> address-space control (flush/perm), no RAM map
[Syscall] L4_MapControl(sid=0x80000100, ctrl=0x80000000) via UTCB@0xdff00000 -> res=0x1
[L4_MapControl] space=0x80000100 control=0x80000000 modify count=1
  [ctl 0] whole-space op: va=0xb0d00000 phys=0x160000000 size=4294967296 rwx=2 -> address-space control (flush/perm), no RAM map
[Syscall] L4_MapControl(sid=0x80000100, ctrl=0x80000000) via UTCB@0xdff00000 -> res=0x1
[L4_MapControl] space=0x80000100 control=0x80000000 modify count=1
  [ctl 0] whole-space op: va=0xb0d00000 phys=0x160000000 size=4294967296 rwx=2 -> address-space control (flush/perm), no RAM map
[Syscall] L4_MapControl(sid=0x80000100, ctrl=0x80000000) via UTCB@0xdff00000 -> res=0x1
[L4_MapControl] space=0x80000100 control=0x80000000 modify count=1
  [ctl 0] whole-space op: va=0xb0d00000 phys=0x160000000 size=4294967296 rwx=2 -> address-space control (flush/perm), no RAM map
[Syscall] L4_MapControl(sid=0x80000100, ctrl=0x80000000) via UTCB@0xdff00000 -> res=0x1
  [Cycle 1020] Core0(ARM11): pc=0xb000d6b8 insns=357794 (ok) | Core1(ARM9): pc=0xf0017890 insns=10210000 (ok)
[L4_MapControl] space=0x80000100 control=0x80000000 modify count=1
  [ctl 0] whole-space op: va=0xb0d00000 phys=0x160000000 size=4294967296 rwx=2 -> address-space control (flush/perm), no RAM map
[Syscall] L4_MapControl(sid=0x80000100, ctrl=0x80000000) via UTCB@0xdff00000 -> res=0x1
[L4_MapControl] space=0x80000100 control=0x80000000 modify count=1
  [ctl 0] whole-space op: va=0xb0d00000 phys=0x160000000 size=4294967296 rwx=2 -> address-space control (flush/perm), no RAM map
[Syscall] L4_MapControl(sid=0x80000100, ctrl=0x80000000) via UTCB@0xdff00000 -> res=0x1
[L4_MapControl] space=0x80000100 control=0x80000000 modify count=1
  [ctl 0] whole-space op: va=0xb0d00000 phys=0x160000000 size=4294967296 rwx=2 -> address-space control (flush/perm), no RAM map
[Syscall] L4_MapControl(sid=0x80000100, ctrl=0x80000000) via UTCB@0xdff00000 -> res=0x1
[L4_MapControl] space=0x80000100 control=0x80000000 modify count=1
  [ctl 0] whole-space op: va=0xb0d00000 phys=0x160000000 size=4294967296 rwx=2 -> address-space control (flush/perm), no RAM map
[Syscall] L4_MapControl(sid=0x80000100, ctrl=0x80000000) via UTCB@0xdff00000 -> res=0x1
[L4_MapControl] space=0x80000100 control=0x80000000 modify count=1
  [ctl 0] whole-space op: va=0xb0d00000 phys=0x160000000 size=4294967296 rwx=2 -> address-space control (flush/perm), no RAM map
[Syscall] L4_MapControl(sid=0x80000100, ctrl=0x80000000) via UTCB@0xdff00000 -> res=0x1
[L4_MapControl] space=0x80000100 control=0x80000000 modify count=1
  [ctl 0] whole-space op: va=0xb0d00000 phys=0x160000000 size=4294967296 rwx=2 -> address-space control (flush/perm), no RAM map
[Syscall] L4_MapControl(sid=0x80000100, ctrl=0x80000000) via UTCB@0xdff00000 -> res=0x1
[L4_MapControl] space=0x80000100 control=0x80000000 modify count=1
  [ctl 0] whole-space op: va=0xb0d00000 phys=0x160000000 size=4294967296 rwx=2 -> address-space control (flush/perm), no RAM map
[Syscall] L4_MapControl(sid=0x80000100, ctrl=0x80000000) via UTCB@0xdff00000 -> res=0x1
[L4_MapControl] space=0x80000100 control=0x80000000 modify count=1
  [ctl 0] whole-space op: va=0xb0d00000 phys=0x160000000 size=4294967296 rwx=2 -> address-space control (flush/perm), no RAM map
[Syscall] L4_MapControl(sid=0x80000100, ctrl=0x80000000) via UTCB@0xdff00000 -> res=0x1
[L4_MapControl] space=0x80000100 control=0x80000000 modify count=1
  [ctl 0] whole-space op: va=0xb0d00000 phys=0x160000000 size=4294967296 rwx=2 -> address-space control (flush/perm), no RAM map
[Syscall] L4_MapControl(sid=0x80000100, ctrl=0x80000000) via UTCB@0xdff00000 -> res=0x1
[L4_MapControl] space=0x80000100 control=0x80000000 modify count=1
  [ctl 0] whole-space op: va=0xb0d00000 phys=0x160000000 size=4294967296 rwx=2 -> address-space control (flush/perm), no RAM map
[Syscall] L4_MapControl(sid=0x80000100, ctrl=0x80000000) via UTCB@0xdff00000 -> res=0x1
  [Cycle 1030] Core0(ARM11): pc=0xb000d6b8 insns=359134 (ok) | Core1(ARM9): pc=0xf0017890 insns=10310000 (ok)
[L4_MapControl] space=0x80000100 control=0x80000000 modify count=1
  [ctl 0] whole-space op: va=0xb0d00000 phys=0x160000000 size=4294967296 rwx=2 -> address-space control (flush/perm), no RAM map
[Syscall] L4_MapControl(sid=0x80000100, ctrl=0x80000000) via UTCB@0xdff00000 -> res=0x1
[L4_MapControl] space=0x80000100 control=0x80000000 modify count=1
  [ctl 0] whole-space op: va=0xb0d00000 phys=0x160000000 size=4294967296 rwx=2 -> address-space control (flush/perm), no RAM map
[Syscall] L4_MapControl(sid=0x80000100, ctrl=0x80000000) via UTCB@0xdff00000 -> res=0x1
[L4_MapControl] space=0x80000100 control=0x80000000 modify count=1
  [ctl 0] whole-space op: va=0xb0d00000 phys=0x160000000 size=4294967296 rwx=2 -> address-space control (flush/perm), no RAM map
[Syscall] L4_MapControl(sid=0x80000100, ctrl=0x80000000) via UTCB@0xdff00000 -> res=0x1
[L4_MapControl] space=0x80000100 control=0x80000000 modify count=1
  [ctl 0] whole-space op: va=0xb0d00000 phys=0x160000000 size=4294967296 rwx=2 -> address-space control (flush/perm), no RAM map
[Syscall] L4_MapControl(sid=0x80000100, ctrl=0x80000000) via UTCB@0xdff00000 -> res=0x1
[L4_MapControl] space=0x80000100 control=0x80000000 modify count=1
  [ctl 0] whole-space op: va=0xb0d00000 phys=0x160000000 size=4294967296 rwx=2 -> address-space control (flush/perm), no RAM map
[Syscall] L4_MapControl(sid=0x80000100, ctrl=0x80000000) via UTCB@0xdff00000 -> res=0x1
[L4_MapControl] space=0x80000100 control=0x80000000 modify count=1
  [ctl 0] whole-space op: va=0xb0d00000 phys=0x160000000 size=4294967296 rwx=2 -> address-space control (flush/perm), no RAM map
[Syscall] L4_MapControl(sid=0x80000100, ctrl=0x80000000) via UTCB@0xdff00000 -> res=0x1
[L4_MapControl] space=0x80000100 control=0x80000000 modify count=1
  [ctl 0] whole-space op: va=0xb0d00000 phys=0x160000000 size=4294967296 rwx=2 -> address-space control (flush/perm), no RAM map
[Syscall] L4_MapControl(sid=0x80000100, ctrl=0x80000000) via UTCB@0xdff00000 -> res=0x1
[L4_MapControl] space=0x80000100 control=0x80000000 modify count=1
  [ctl 0] whole-space op: va=0xb0d00000 phys=0x160000000 size=4294967296 rwx=2 -> address-space control (flush/perm), no RAM map
[Syscall] L4_MapControl(sid=0x80000100, ctrl=0x80000000) via UTCB@0xdff00000 -> res=0x1
[L4_MapControl] space=0x80000100 control=0x80000000 modify count=1
  [ctl 0] whole-space op: va=0xb0d00000 phys=0x160000000 size=4294967296 rwx=2 -> address-space control (flush/perm), no RAM map
[Syscall] L4_MapControl(sid=0x80000100, ctrl=0x80000000) via UTCB@0xdff00000 -> res=0x1
[L4_MapControl] space=0x80000100 control=0x80000000 modify count=1
  [ctl 0] whole-space op: va=0xb0d00000 phys=0x160000000 size=4294967296 rwx=2 -> address-space control (flush/perm), no RAM map
[Syscall] L4_MapControl(sid=0x80000100, ctrl=0x80000000) via UTCB@0xdff00000 -> res=0x1
  [Cycle 1040] Core0(ARM11): pc=0xb000d6b8 insns=360474 (ok) | Core1(ARM9): pc=0xf0017890 insns=10410000 (ok)
[L4_MapControl] space=0x80000100 control=0x80000000 modify count=1
  [ctl 0] whole-space op: va=0xb0d00000 phys=0x160000000 size=4294967296 rwx=2 -> address-space control (flush/perm), no RAM map
[Syscall] L4_MapControl(sid=0x80000100, ctrl=0x80000000) via UTCB@0xdff00000 -> res=0x1
[L4_MapControl] space=0x80000100 control=0x80000000 modify count=1
  [ctl 0] whole-space op: va=0xb0d00000 phys=0x160000000 size=4294967296 rwx=2 -> address-space control (flush/perm), no RAM map
[Syscall] L4_MapControl(sid=0x80000100, ctrl=0x80000000) via UTCB@0xdff00000 -> res=0x1
[L4_MapControl] space=0x80000100 control=0x80000000 modify count=1
  [ctl 0] whole-space op: va=0xb0d00000 phys=0x160000000 size=4294967296 rwx=2 -> address-space control (flush/perm), no RAM map
[Syscall] L4_MapControl(sid=0x80000100, ctrl=0x80000000) via UTCB@0xdff00000 -> res=0x1
[L4_MapControl] space=0x80000100 control=0x80000000 modify count=1
  [ctl 0] whole-space op: va=0xb0d00000 phys=0x160000000 size=4294967296 rwx=2 -> address-space control (flush/perm), no RAM map
[Syscall] L4_MapControl(sid=0x80000100, ctrl=0x80000000) via UTCB@0xdff00000 -> res=0x1
[L4_MapControl] space=0x80000100 control=0x80000000 modify count=1
  [ctl 0] whole-space op: va=0xb0d00000 phys=0x160000000 size=4294967296 rwx=2 -> address-space control (flush/perm), no RAM map
[Syscall] L4_MapControl(sid=0x80000100, ctrl=0x80000000) via UTCB@0xdff00000 -> res=0x1
[L4_MapControl] space=0x80000100 control=0x80000000 modify count=1
  [ctl 0] whole-space op: va=0xb0d00000 phys=0x160000000 size=4294967296 rwx=2 -> address-space control (flush/perm), no RAM map
[Syscall] L4_MapControl(sid=0x80000100, ctrl=0x80000000) via UTCB@0xdff00000 -> res=0x1
[L4_MapControl] space=0x80000100 control=0x80000000 modify count=1
  [ctl 0] whole-space op: va=0xb0d00000 phys=0x160000000 size=4294967296 rwx=2 -> address-space control (flush/perm), no RAM map
[Syscall] L4_MapControl(sid=0x80000100, ctrl=0x80000000) via UTCB@0xdff00000 -> res=0x1
[L4_MapControl] space=0x80000100 control=0x80000000 modify count=1
  [ctl 0] whole-space op: va=0xb0d00000 phys=0x160000000 size=4294967296 rwx=2 -> address-space control (flush/perm), no RAM map
[Syscall] L4_MapControl(sid=0x80000100, ctrl=0x80000000) via UTCB@0xdff00000 -> res=0x1
[L4_MapControl] space=0x80000100 control=0x80000000 modify count=1
  [ctl 0] whole-space op: va=0xb0d00000 phys=0x160000000 size=4294967296 rwx=2 -> address-space control (flush/perm), no RAM map
[Syscall] L4_MapControl(sid=0x80000100, ctrl=0x80000000) via UTCB@0xdff00000 -> res=0x1
[L4_MapControl] space=0x80000100 control=0x80000000 modify count=1
  [ctl 0] whole-space op: va=0xb0d00000 phys=0x160000000 size=4294967296 rwx=2 -> address-space control (flush/perm), no RAM map
[Syscall] L4_MapControl(sid=0x80000100, ctrl=0x80000000) via UTCB@0xdff00000 -> res=0x1
  [Cycle 1050] Core0(ARM11): pc=0xb000d6b8 insns=361814 (ok) | Core1(ARM9): pc=0xf0017890 insns=10510000 (ok)
[L4_MapControl] space=0x80000100 control=0x80000000 modify count=1
  [ctl 0] whole-space op: va=0xb0d00000 phys=0x160000000 size=4294967296 rwx=2 -> address-space control (flush/perm), no RAM map
[Syscall] L4_MapControl(sid=0x80000100, ctrl=0x80000000) via UTCB@0xdff00000 -> res=0x1
[L4_MapControl] space=0x80000100 control=0x80000000 modify count=1
  [ctl 0] whole-space op: va=0xb0d00000 phys=0x160000000 size=4294967296 rwx=2 -> address-space control (flush/perm), no RAM map
[Syscall] L4_MapControl(sid=0x80000100, ctrl=0x80000000) via UTCB@0xdff00000 -> res=0x1
[L4_MapControl] space=0x80000100 control=0x80000000 modify count=1
  [ctl 0] whole-space op: va=0xb0d00000 phys=0x160000000 size=4294967296 rwx=2 -> address-space control (flush/perm), no RAM map
[Syscall] L4_MapControl(sid=0x80000100, ctrl=0x80000000) via UTCB@0xdff00000 -> res=0x1
[L4_MapControl] space=0x80000100 control=0x80000000 modify count=1
  [ctl 0] whole-space op: va=0xb0d00000 phys=0x160000000 size=4294967296 rwx=2 -> address-space control (flush/perm), no RAM map
[Syscall] L4_MapControl(sid=0x80000100, ctrl=0x80000000) via UTCB@0xdff00000 -> res=0x1
[L4_MapControl] space=0x80000100 control=0x80000000 modify count=1
  [ctl 0] whole-space op: va=0xb0d00000 phys=0x160000000 size=4294967296 rwx=2 -> address-space control (flush/perm), no RAM map
[Syscall] L4_MapControl(sid=0x80000100, ctrl=0x80000000) via UTCB@0xdff00000 -> res=0x1
[L4_MapControl] space=0x80000100 control=0x80000000 modify count=1
  [ctl 0] whole-space op: va=0xb0d00000 phys=0x160000000 size=4294967296 rwx=2 -> address-space control (flush/perm), no RAM map
[Syscall] L4_MapControl(sid=0x80000100, ctrl=0x80000000) via UTCB@0xdff00000 -> res=0x1
[L4_MapControl] space=0x80000100 control=0x80000000 modify count=1
  [ctl 0] whole-space op: va=0xb0d00000 phys=0x160000000 size=4294967296 rwx=2 -> address-space control (flush/perm), no RAM map
[Syscall] L4_MapControl(sid=0x80000100, ctrl=0x80000000) via UTCB@0xdff00000 -> res=0x1
[L4_MapControl] space=0x80000100 control=0x80000000 modify count=1
  [ctl 0] whole-space op: va=0xb0d00000 phys=0x160000000 size=4294967296 rwx=2 -> address-space control (flush/perm), no RAM map
[Syscall] L4_MapControl(sid=0x80000100, ctrl=0x80000000) via UTCB@0xdff00000 -> res=0x1
[L4_MapControl] space=0x80000100 control=0x80000000 modify count=1
  [ctl 0] whole-space op: va=0xb0d00000 phys=0x160000000 size=4294967296 rwx=2 -> address-space control (flush/perm), no RAM map
[Syscall] L4_MapControl(sid=0x80000100, ctrl=0x80000000) via UTCB@0xdff00000 -> res=0x1
[L4_MapControl] space=0x80000100 control=0x80000000 modify count=1
  [ctl 0] whole-space op: va=0xb0d00000 phys=0x160000000 size=4294967296 rwx=2 -> address-space control (flush/perm), no RAM map
[Syscall] L4_MapControl(sid=0x80000100, ctrl=0x80000000) via UTCB@0xdff00000 -> res=0x1
  [Cycle 1060] Core0(ARM11): pc=0xb000d6b8 insns=363154 (ok) | Core1(ARM9): pc=0xf0017890 insns=10610000 (ok)
[L4_MapControl] space=0x80000100 control=0x80000000 modify count=1
  [ctl 0] whole-space op: va=0xb0d00000 phys=0x160000000 size=4294967296 rwx=2 -> address-space control (flush/perm), no RAM map
[Syscall] L4_MapControl(sid=0x80000100, ctrl=0x80000000) via UTCB@0xdff00000 -> res=0x1
[L4_MapControl] space=0x80000100 control=0x80000000 modify count=1
  [ctl 0] whole-space op: va=0xb0d00000 phys=0x160000000 size=4294967296 rwx=2 -> address-space control (flush/perm), no RAM map
[Syscall] L4_MapControl(sid=0x80000100, ctrl=0x80000000) via UTCB@0xdff00000 -> res=0x1
[L4_MapControl] space=0x80000100 control=0x80000000 modify count=1
  [ctl 0] whole-space op: va=0xb0d00000 phys=0x160000000 size=4294967296 rwx=2 -> address-space control (flush/perm), no RAM map
[Syscall] L4_MapControl(sid=0x80000100, ctrl=0x80000000) via UTCB@0xdff00000 -> res=0x1
[L4_MapControl] space=0x80000100 control=0x80000000 modify count=1
  [ctl 0] whole-space op: va=0xb0d00000 phys=0x160000000 size=4294967296 rwx=2 -> address-space control (flush/perm), no RAM map
[Syscall] L4_MapControl(sid=0x80000100, ctrl=0x80000000) via UTCB@0xdff00000 -> res=0x1
[L4_MapControl] space=0x80000100 control=0x80000000 modify count=1
  [ctl 0] whole-space op: va=0xb0d00000 phys=0x160000000 size=4294967296 rwx=2 -> address-space control (flush/perm), no RAM map
[Syscall] L4_MapControl(sid=0x80000100, ctrl=0x80000000) via UTCB@0xdff00000 -> res=0x1
[L4_MapControl] space=0x80000100 control=0x80000000 modify count=1
  [ctl 0] whole-space op: va=0xb0d00000 phys=0x160000000 size=4294967296 rwx=2 -> address-space control (flush/perm), no RAM map
[Syscall] L4_MapControl(sid=0x80000100, ctrl=0x80000000) via UTCB@0xdff00000 -> res=0x1
[L4_MapControl] space=0x80000100 control=0x80000000 modify count=1
  [ctl 0] whole-space op: va=0xb0d00000 phys=0x160000000 size=4294967296 rwx=2 -> address-space control (flush/perm), no RAM map
[Syscall] L4_MapControl(sid=0x80000100, ctrl=0x80000000) via UTCB@0xdff00000 -> res=0x1
[L4_MapControl] space=0x80000100 control=0x80000000 modify count=1
  [ctl 0] whole-space op: va=0xb0d00000 phys=0x160000000 size=4294967296 rwx=2 -> address-space control (flush/perm), no RAM map
[Syscall] L4_MapControl(sid=0x80000100, ctrl=0x80000000) via UTCB@0xdff00000 -> res=0x1
[L4_MapControl] space=0x80000100 control=0x80000000 modify count=1
  [ctl 0] whole-space op: va=0xb0d00000 phys=0x160000000 size=4294967296 rwx=2 -> address-space control (flush/perm), no RAM map
[Syscall] L4_MapControl(sid=0x80000100, ctrl=0x80000000) via UTCB@0xdff00000 -> res=0x1
[L4_MapControl] space=0x80000100 control=0x80000000 modify count=1
  [ctl 0] whole-space op: va=0xb0d00000 phys=0x160000000 size=4294967296 rwx=2 -> address-space control (flush/perm), no RAM map
[Syscall] L4_MapControl(sid=0x80000100, ctrl=0x80000000) via UTCB@0xdff00000 -> res=0x1
  [Cycle 1070] Core0(ARM11): pc=0xb000d6b8 insns=364494 (ok) | Core1(ARM9): pc=0xf0017890 insns=10710000 (ok)
[L4_MapControl] space=0x80000100 control=0x80000000 modify count=1
  [ctl 0] whole-space op: va=0xb0d00000 phys=0x160000000 size=4294967296 rwx=2 -> address-space control (flush/perm), no RAM map
[Syscall] L4_MapControl(sid=0x80000100, ctrl=0x80000000) via UTCB@0xdff00000 -> res=0x1
[L4_MapControl] space=0x80000100 control=0x80000000 modify count=1
  [ctl 0] whole-space op: va=0xb0d00000 phys=0x160000000 size=4294967296 rwx=2 -> address-space control (flush/perm), no RAM map
[Syscall] L4_MapControl(sid=0x80000100, ctrl=0x80000000) via UTCB@0xdff00000 -> res=0x1
[L4_MapControl] space=0x80000100 control=0x80000000 modify count=1
  [ctl 0] whole-space op: va=0xb0d00000 phys=0x160000000 size=4294967296 rwx=2 -> address-space control (flush/perm), no RAM map
[Syscall] L4_MapControl(sid=0x80000100, ctrl=0x80000000) via UTCB@0xdff00000 -> res=0x1
[L4_MapControl] space=0x80000100 control=0x80000000 modify count=1
  [ctl 0] whole-space op: va=0xb0d00000 phys=0x160000000 size=4294967296 rwx=2 -> address-space control (flush/perm), no RAM map
[Syscall] L4_MapControl(sid=0x80000100, ctrl=0x80000000) via UTCB@0xdff00000 -> res=0x1
[L4_MapControl] space=0x80000100 control=0x80000000 modify count=1
  [ctl 0] whole-space op: va=0xb0d00000 phys=0x160000000 size=4294967296 rwx=2 -> address-space control (flush/perm), no RAM map
[Syscall] L4_MapControl(sid=0x80000100, ctrl=0x80000000) via UTCB@0xdff00000 -> res=0x1
[L4_MapControl] space=0x80000100 control=0x80000000 modify count=1
  [ctl 0] whole-space op: va=0xb0d00000 phys=0x160000000 size=4294967296 rwx=2 -> address-space control (flush/perm), no RAM map
[Syscall] L4_MapControl(sid=0x80000100, ctrl=0x80000000) via UTCB@0xdff00000 -> res=0x1
[L4_MapControl] space=0x80000100 control=0x80000000 modify count=1
  [ctl 0] whole-space op: va=0xb0d00000 phys=0x160000000 size=4294967296 rwx=2 -> address-space control (flush/perm), no RAM map
[Syscall] L4_MapControl(sid=0x80000100, ctrl=0x80000000) via UTCB@0xdff00000 -> res=0x1
[L4_MapControl] space=0x80000100 control=0x80000000 modify count=1
  [ctl 0] whole-space op: va=0xb0d00000 phys=0x160000000 size=4294967296 rwx=2 -> address-space control (flush/perm), no RAM map
[Syscall] L4_MapControl(sid=0x80000100, ctrl=0x80000000) via UTCB@0xdff00000 -> res=0x1
[L4_MapControl] space=0x80000100 control=0x80000000 modify count=1
  [ctl 0] whole-space op: va=0xb0d00000 phys=0x160000000 size=4294967296 rwx=2 -> address-space control (flush/perm), no RAM map
[Syscall] L4_MapControl(sid=0x80000100, ctrl=0x80000000) via UTCB@0xdff00000 -> res=0x1
[L4_MapControl] space=0x80000100 control=0x80000000 modify count=1
  [ctl 0] whole-space op: va=0xb0d00000 phys=0x160000000 size=4294967296 rwx=2 -> address-space control (flush/perm), no RAM map
[Syscall] L4_MapControl(sid=0x80000100, ctrl=0x80000000) via UTCB@0xdff00000 -> res=0x1
  [Cycle 1080] Core0(ARM11): pc=0xb000d6b8 insns=365834 (ok) | Core1(ARM9): pc=0xf0017890 insns=10810000 (ok)
[L4_MapControl] space=0x80000100 control=0x80000000 modify count=1
  [ctl 0] whole-space op: va=0xb0d00000 phys=0x160000000 size=4294967296 rwx=2 -> address-space control (flush/perm), no RAM map
[Syscall] L4_MapControl(sid=0x80000100, ctrl=0x80000000) via UTCB@0xdff00000 -> res=0x1
[L4_MapControl] space=0x80000100 control=0x80000000 modify count=1
  [ctl 0] whole-space op: va=0xb0d00000 phys=0x160000000 size=4294967296 rwx=2 -> address-space control (flush/perm), no RAM map
[Syscall] L4_MapControl(sid=0x80000100, ctrl=0x80000000) via UTCB@0xdff00000 -> res=0x1
[L4_MapControl] space=0x80000100 control=0x80000000 modify count=1
  [ctl 0] whole-space op: va=0xb0d00000 phys=0x160000000 size=4294967296 rwx=2 -> address-space control (flush/perm), no RAM map
[Syscall] L4_MapControl(sid=0x80000100, ctrl=0x80000000) via UTCB@0xdff00000 -> res=0x1
[L4_MapControl] space=0x80000100 control=0x80000000 modify count=1
  [ctl 0] whole-space op: va=0xb0d00000 phys=0x160000000 size=4294967296 rwx=2 -> address-space control (flush/perm), no RAM map
[Syscall] L4_MapControl(sid=0x80000100, ctrl=0x80000000) via UTCB@0xdff00000 -> res=0x1
[L4_MapControl] space=0x80000100 control=0x80000000 modify count=1
  [ctl 0] whole-space op: va=0xb0d00000 phys=0x160000000 size=4294967296 rwx=2 -> address-space control (flush/perm), no RAM map
[Syscall] L4_MapControl(sid=0x80000100, ctrl=0x80000000) via UTCB@0xdff00000 -> res=0x1
[L4_MapControl] space=0x80000100 control=0x80000000 modify count=1
  [ctl 0] whole-space op: va=0xb0d00000 phys=0x160000000 size=4294967296 rwx=2 -> address-space control (flush/perm), no RAM map
[Syscall] L4_MapControl(sid=0x80000100, ctrl=0x80000000) via UTCB@0xdff00000 -> res=0x1
[L4_MapControl] space=0x80000100 control=0x80000000 modify count=1
  [ctl 0] whole-space op: va=0xb0d00000 phys=0x160000000 size=4294967296 rwx=2 -> address-space control (flush/perm), no RAM map
[Syscall] L4_MapControl(sid=0x80000100, ctrl=0x80000000) via UTCB@0xdff00000 -> res=0x1
[L4_MapControl] space=0x80000100 control=0x80000000 modify count=1
  [ctl 0] whole-space op: va=0xb0d00000 phys=0x160000000 size=4294967296 rwx=2 -> address-space control (flush/perm), no RAM map
[Syscall] L4_MapControl(sid=0x80000100, ctrl=0x80000000) via UTCB@0xdff00000 -> res=0x1
[L4_MapControl] space=0x80000100 control=0x80000000 modify count=1
  [ctl 0] whole-space op: va=0xb0d00000 phys=0x160000000 size=4294967296 rwx=2 -> address-space control (flush/perm), no RAM map
[Syscall] L4_MapControl(sid=0x80000100, ctrl=0x80000000) via UTCB@0xdff00000 -> res=0x1
[L4_MapControl] space=0x80000100 control=0x80000000 modify count=1
  [ctl 0] whole-space op: va=0xb0d00000 phys=0x160000000 size=4294967296 rwx=2 -> address-space control (flush/perm), no RAM map
[Syscall] L4_MapControl(sid=0x80000100, ctrl=0x80000000) via UTCB@0xdff00000 -> res=0x1
  [Cycle 1090] Core0(ARM11): pc=0xb000d6b8 insns=367174 (ok) | Core1(ARM9): pc=0xf0017890 insns=10910000 (ok)
[L4_MapControl] space=0x80000100 control=0x80000000 modify count=1
  [ctl 0] whole-space op: va=0xb0d00000 phys=0x160000000 size=4294967296 rwx=2 -> address-space control (flush/perm), no RAM map
[Syscall] L4_MapControl(sid=0x80000100, ctrl=0x80000000) via UTCB@0xdff00000 -> res=0x1
[L4_MapControl] space=0x80000100 control=0x80000000 modify count=1
  [ctl 0] whole-space op: va=0xb0d00000 phys=0x160000000 size=4294967296 rwx=2 -> address-space control (flush/perm), no RAM map
[Syscall] L4_MapControl(sid=0x80000100, ctrl=0x80000000) via UTCB@0xdff00000 -> res=0x1
[L4_MapControl] space=0x80000100 control=0x80000000 modify count=1
  [ctl 0] whole-space op: va=0xb0d00000 phys=0x160000000 size=4294967296 rwx=2 -> address-space control (flush/perm), no RAM map
[Syscall] L4_MapControl(sid=0x80000100, ctrl=0x80000000) via UTCB@0xdff00000 -> res=0x1
[L4_MapControl] space=0x80000100 control=0x80000000 modify count=1
  [ctl 0] whole-space op: va=0xb0d00000 phys=0x160000000 size=4294967296 rwx=2 -> address-space control (flush/perm), no RAM map
[Syscall] L4_MapControl(sid=0x80000100, ctrl=0x80000000) via UTCB@0xdff00000 -> res=0x1
[L4_MapControl] space=0x80000100 control=0x80000000 modify count=1
  [ctl 0] whole-space op: va=0xb0d00000 phys=0x160000000 size=4294967296 rwx=2 -> address-space control (flush/perm), no RAM map
[Syscall] L4_MapControl(sid=0x80000100, ctrl=0x80000000) via UTCB@0xdff00000 -> res=0x1
[L4_MapControl] space=0x80000100 control=0x80000000 modify count=1
  [ctl 0] whole-space op: va=0xb0d00000 phys=0x160000000 size=4294967296 rwx=2 -> address-space control (flush/perm), no RAM map
[Syscall] L4_MapControl(sid=0x80000100, ctrl=0x80000000) via UTCB@0xdff00000 -> res=0x1
[L4_MapControl] space=0x80000100 control=0x80000000 modify count=1
  [ctl 0] whole-space op: va=0xb0d00000 phys=0x160000000 size=4294967296 rwx=2 -> address-space control (flush/perm), no RAM map
[Syscall] L4_MapControl(sid=0x80000100, ctrl=0x80000000) via UTCB@0xdff00000 -> res=0x1
[L4_MapControl] space=0x80000100 control=0x80000000 modify count=1
  [ctl 0] whole-space op: va=0xb0d00000 phys=0x160000000 size=4294967296 rwx=2 -> address-space control (flush/perm), no RAM map
[Syscall] L4_MapControl(sid=0x80000100, ctrl=0x80000000) via UTCB@0xdff00000 -> res=0x1
[L4_MapControl] space=0x80000100 control=0x80000000 modify count=1
  [ctl 0] whole-space op: va=0xb0d00000 phys=0x160000000 size=4294967296 rwx=2 -> address-space control (flush/perm), no RAM map
[Syscall] L4_MapControl(sid=0x80000100, ctrl=0x80000000) via UTCB@0xdff00000 -> res=0x1
[L4_MapControl] space=0x80000100 control=0x80000000 modify count=1
  [ctl 0] whole-space op: va=0xb0d00000 phys=0x160000000 size=4294967296 rwx=2 -> address-space control (flush/perm), no RAM map
[Syscall] L4_MapControl(sid=0x80000100, ctrl=0x80000000) via UTCB@0xdff00000 -> res=0x1
  [Cycle 1100] Core0(ARM11): pc=0xb000d6b8 insns=368514 (ok) | Core1(ARM9): pc=0xf0017890 insns=11010000 (ok)
[L4_MapControl] space=0x80000100 control=0x80000000 modify count=1
  [ctl 0] whole-space op: va=0xb0d00000 phys=0x160000000 size=4294967296 rwx=2 -> address-space control (flush/perm), no RAM map
[Syscall] L4_MapControl(sid=0x80000100, ctrl=0x80000000) via UTCB@0xdff00000 -> res=0x1
[L4_MapControl] space=0x80000100 control=0x80000000 modify count=1
  [ctl 0] whole-space op: va=0xb0d00000 phys=0x160000000 size=4294967296 rwx=2 -> address-space control (flush/perm), no RAM map
[Syscall] L4_MapControl(sid=0x80000100, ctrl=0x80000000) via UTCB@0xdff00000 -> res=0x1
[L4_MapControl] space=0x80000100 control=0x80000000 modify count=1
  [ctl 0] whole-space op: va=0xb0d00000 phys=0x160000000 size=4294967296 rwx=2 -> address-space control (flush/perm), no RAM map
[Syscall] L4_MapControl(sid=0x80000100, ctrl=0x80000000) via UTCB@0xdff00000 -> res=0x1
[L4_MapControl] space=0x80000100 control=0x80000000 modify count=1
  [ctl 0] whole-space op: va=0xb0d00000 phys=0x160000000 size=4294967296 rwx=2 -> address-space control (flush/perm), no RAM map
[Syscall] L4_MapControl(sid=0x80000100, ctrl=0x80000000) via UTCB@0xdff00000 -> res=0x1
[L4_MapControl] space=0x80000100 control=0x80000000 modify count=1
  [ctl 0] whole-space op: va=0xb0d00000 phys=0x160000000 size=4294967296 rwx=2 -> address-space control (flush/perm), no RAM map
[Syscall] L4_MapControl(sid=0x80000100, ctrl=0x80000000) via UTCB@0xdff00000 -> res=0x1
[L4_MapControl] space=0x80000100 control=0x80000000 modify count=1
  [ctl 0] whole-space op: va=0xb0d00000 phys=0x160000000 size=4294967296 rwx=2 -> address-space control (flush/perm), no RAM map
[Syscall] L4_MapControl(sid=0x80000100, ctrl=0x80000000) via UTCB@0xdff00000 -> res=0x1
[L4_MapControl] space=0x80000100 control=0x80000000 modify count=1
  [ctl 0] whole-space op: va=0xb0d00000 phys=0x160000000 size=4294967296 rwx=2 -> address-space control (flush/perm), no RAM map
[Syscall] L4_MapControl(sid=0x80000100, ctrl=0x80000000) via UTCB@0xdff00000 -> res=0x1
[L4_MapControl] space=0x80000100 control=0x80000000 modify count=1
  [ctl 0] whole-space op: va=0xb0d00000 phys=0x160000000 size=4294967296 rwx=2 -> address-space control (flush/perm), no RAM map
[Syscall] L4_MapControl(sid=0x80000100, ctrl=0x80000000) via UTCB@0xdff00000 -> res=0x1
[L4_MapControl] space=0x80000100 control=0x80000000 modify count=1
  [ctl 0] whole-space op: va=0xb0d00000 phys=0x160000000 size=4294967296 rwx=2 -> address-space control (flush/perm), no RAM map
[Syscall] L4_MapControl(sid=0x80000100, ctrl=0x80000000) via UTCB@0xdff00000 -> res=0x1
[L4_MapControl] space=0x80000100 control=0x80000000 modify count=1
  [ctl 0] whole-space op: va=0xb0d00000 phys=0x160000000 size=4294967296 rwx=2 -> address-space control (flush/perm), no RAM map
[Syscall] L4_MapControl(sid=0x80000100, ctrl=0x80000000) via UTCB@0xdff00000 -> res=0x1
  [Cycle 1110] Core0(ARM11): pc=0xb000d6b8 insns=369854 (ok) | Core1(ARM9): pc=0xf0017890 insns=11110000 (ok)
[L4_MapControl] space=0x80000100 control=0x80000000 modify count=1
  [ctl 0] whole-space op: va=0xb0d00000 phys=0x160000000 size=4294967296 rwx=2 -> address-space control (flush/perm), no RAM map
[Syscall] L4_MapControl(sid=0x80000100, ctrl=0x80000000) via UTCB@0xdff00000 -> res=0x1
[L4_MapControl] space=0x80000100 control=0x80000000 modify count=1
  [ctl 0] whole-space op: va=0xb0d00000 phys=0x160000000 size=4294967296 rwx=2 -> address-space control (flush/perm), no RAM map
[Syscall] L4_MapControl(sid=0x80000100, ctrl=0x80000000) via UTCB@0xdff00000 -> res=0x1
[L4_MapControl] space=0x80000100 control=0x80000000 modify count=1
  [ctl 0] whole-space op: va=0xb0d00000 phys=0x160000000 size=4294967296 rwx=2 -> address-space control (flush/perm), no RAM map
[Syscall] L4_MapControl(sid=0x80000100, ctrl=0x80000000) via UTCB@0xdff00000 -> res=0x1
[L4_MapControl] space=0x80000100 control=0x80000000 modify count=1
  [ctl 0] whole-space op: va=0xb0d00000 phys=0x160000000 size=4294967296 rwx=2 -> address-space control (flush/perm), no RAM map
[Syscall] L4_MapControl(sid=0x80000100, ctrl=0x80000000) via UTCB@0xdff00000 -> res=0x1
[L4_MapControl] space=0x80000100 control=0x80000000 modify count=1
  [ctl 0] whole-space op: va=0xb0d00000 phys=0x160000000 size=4294967296 rwx=2 -> address-space control (flush/perm), no RAM map
[Syscall] L4_MapControl(sid=0x80000100, ctrl=0x80000000) via UTCB@0xdff00000 -> res=0x1
[L4_MapControl] space=0x80000100 control=0x80000000 modify count=1
  [ctl 0] whole-space op: va=0xb0d00000 phys=0x160000000 size=4294967296 rwx=2 -> address-space control (flush/perm), no RAM map
[Syscall] L4_MapControl(sid=0x80000100, ctrl=0x80000000) via UTCB@0xdff00000 -> res=0x1
[L4_MapControl] space=0x80000100 control=0x80000000 modify count=1
  [ctl 0] whole-space op: va=0xb0d00000 phys=0x160000000 size=4294967296 rwx=2 -> address-space control (flush/perm), no RAM map
[Syscall] L4_MapControl(sid=0x80000100, ctrl=0x80000000) via UTCB@0xdff00000 -> res=0x1
[L4_MapControl] space=0x80000100 control=0x80000000 modify count=1
  [ctl 0] whole-space op: va=0xb0d00000 phys=0x160000000 size=4294967296 rwx=2 -> address-space control (flush/perm), no RAM map
[Syscall] L4_MapControl(sid=0x80000100, ctrl=0x80000000) via UTCB@0xdff00000 -> res=0x1
[L4_MapControl] space=0x80000100 control=0x80000000 modify count=1
  [ctl 0] whole-space op: va=0xb0d00000 phys=0x160000000 size=4294967296 rwx=2 -> address-space control (flush/perm), no RAM map
[Syscall] L4_MapControl(sid=0x80000100, ctrl=0x80000000) via UTCB@0xdff00000 -> res=0x1
[L4_MapControl] space=0x80000100 control=0x80000000 modify count=1
  [ctl 0] whole-space op: va=0xb0d00000 phys=0x160000000 size=4294967296 rwx=2 -> address-space control (flush/perm), no RAM map
[Syscall] L4_MapControl(sid=0x80000100, ctrl=0x80000000) via UTCB@0xdff00000 -> res=0x1
  [Cycle 1120] Core0(ARM11): pc=0xb000d6b8 insns=371194 (ok) | Core1(ARM9): pc=0xf0017890 insns=11210000 (ok)
[L4_MapControl] space=0x80000100 control=0x80000000 modify count=1
  [ctl 0] whole-space op: va=0xb0d00000 phys=0x160000000 size=4294967296 rwx=2 -> address-space control (flush/perm), no RAM map
[Syscall] L4_MapControl(sid=0x80000100, ctrl=0x80000000) via UTCB@0xdff00000 -> res=0x1
[L4_MapControl] space=0x80000100 control=0x80000000 modify count=1
  [ctl 0] whole-space op: va=0xb0d00000 phys=0x160000000 size=4294967296 rwx=2 -> address-space control (flush/perm), no RAM map
[Syscall] L4_MapControl(sid=0x80000100, ctrl=0x80000000) via UTCB@0xdff00000 -> res=0x1
[L4_MapControl] space=0x80000100 control=0x80000000 modify count=1
  [ctl 0] whole-space op: va=0xb0d00000 phys=0x160000000 size=4294967296 rwx=2 -> address-space control (flush/perm), no RAM map
[Syscall] L4_MapControl(sid=0x80000100, ctrl=0x80000000) via UTCB@0xdff00000 -> res=0x1
[L4_MapControl] space=0x80000100 control=0x80000000 modify count=1
  [ctl 0] whole-space op: va=0xb0d00000 phys=0x160000000 size=4294967296 rwx=2 -> address-space control (flush/perm), no RAM map
[Syscall] L4_MapControl(sid=0x80000100, ctrl=0x80000000) via UTCB@0xdff00000 -> res=0x1
[L4_MapControl] space=0x80000100 control=0x80000000 modify count=1
  [ctl 0] whole-space op: va=0xb0d00000 phys=0x160000000 size=4294967296 rwx=2 -> address-space control (flush/perm), no RAM map
[Syscall] L4_MapControl(sid=0x80000100, ctrl=0x80000000) via UTCB@0xdff00000 -> res=0x1
[L4_MapControl] space=0x80000100 control=0x80000000 modify count=1
  [ctl 0] whole-space op: va=0xb0d00000 phys=0x160000000 size=4294967296 rwx=2 -> address-space control (flush/perm), no RAM map
[Syscall] L4_MapControl(sid=0x80000100, ctrl=0x80000000) via UTCB@0xdff00000 -> res=0x1
[L4_MapControl] space=0x80000100 control=0x80000000 modify count=1
  [ctl 0] whole-space op: va=0xb0d00000 phys=0x160000000 size=4294967296 rwx=2 -> address-space control (flush/perm), no RAM map
[Syscall] L4_MapControl(sid=0x80000100, ctrl=0x80000000) via UTCB@0xdff00000 -> res=0x1
[L4_MapControl] space=0x80000100 control=0x80000000 modify count=1
  [ctl 0] whole-space op: va=0xb0d00000 phys=0x160000000 size=4294967296 rwx=2 -> address-space control (flush/perm), no RAM map
[Syscall] L4_MapControl(sid=0x80000100, ctrl=0x80000000) via UTCB@0xdff00000 -> res=0x1
[L4_MapControl] space=0x80000100 control=0x80000000 modify count=1
  [ctl 0] whole-space op: va=0xb0d00000 phys=0x160000000 size=4294967296 rwx=2 -> address-space control (flush/perm), no RAM map
[Syscall] L4_MapControl(sid=0x80000100, ctrl=0x80000000) via UTCB@0xdff00000 -> res=0x1
[L4_MapControl] space=0x80000100 control=0x80000000 modify count=1
  [ctl 0] whole-space op: va=0xb0d00000 phys=0x160000000 size=4294967296 rwx=2 -> address-space control (flush/perm), no RAM map
[Syscall] L4_MapControl(sid=0x80000100, ctrl=0x80000000) via UTCB@0xdff00000 -> res=0x1
  [Cycle 1130] Core0(ARM11): pc=0xb000d6b8 insns=372534 (ok) | Core1(ARM9): pc=0xf0017890 insns=11310000 (ok)
[L4_MapControl] space=0x80000100 control=0x80000000 modify count=1
  [ctl 0] whole-space op: va=0xb0d00000 phys=0x160000000 size=4294967296 rwx=2 -> address-space control (flush/perm), no RAM map
[Syscall] L4_MapControl(sid=0x80000100, ctrl=0x80000000) via UTCB@0xdff00000 -> res=0x1
[L4_MapControl] space=0x80000100 control=0x80000000 modify count=1
  [ctl 0] whole-space op: va=0xb0d00000 phys=0x160000000 size=4294967296 rwx=2 -> address-space control (flush/perm), no RAM map
[Syscall] L4_MapControl(sid=0x80000100, ctrl=0x80000000) via UTCB@0xdff00000 -> res=0x1
[L4_MapControl] space=0x80000100 control=0x80000000 modify count=1
  [ctl 0] whole-space op: va=0xb0d00000 phys=0x160000000 size=4294967296 rwx=2 -> address-space control (flush/perm), no RAM map
[Syscall] L4_MapControl(sid=0x80000100, ctrl=0x80000000) via UTCB@0xdff00000 -> res=0x1
[L4_MapControl] space=0x80000100 control=0x80000000 modify count=1
  [ctl 0] whole-space op: va=0xb0d00000 phys=0x160000000 size=4294967296 rwx=2 -> address-space control (flush/perm), no RAM map
[Syscall] L4_MapControl(sid=0x80000100, ctrl=0x80000000) via UTCB@0xdff00000 -> res=0x1
[L4_MapControl] space=0x80000100 control=0x80000000 modify count=1
  [ctl 0] whole-space op: va=0xb0d00000 phys=0x160000000 size=4294967296 rwx=2 -> address-space control (flush/perm), no RAM map
[Syscall] L4_MapControl(sid=0x80000100, ctrl=0x80000000) via UTCB@0xdff00000 -> res=0x1
[L4_MapControl] space=0x80000100 control=0x80000000 modify count=1
  [ctl 0] whole-space op: va=0xb0d00000 phys=0x160000000 size=4294967296 rwx=2 -> address-space control (flush/perm), no RAM map
[Syscall] L4_MapControl(sid=0x80000100, ctrl=0x80000000) via UTCB@0xdff00000 -> res=0x1
[L4_MapControl] space=0x80000100 control=0x80000000 modify count=1
  [ctl 0] whole-space op: va=0xb0d00000 phys=0x160000000 size=4294967296 rwx=2 -> address-space control (flush/perm), no RAM map
[Syscall] L4_MapControl(sid=0x80000100, ctrl=0x80000000) via UTCB@0xdff00000 -> res=0x1
[L4_MapControl] space=0x80000100 control=0x80000000 modify count=1
  [ctl 0] whole-space op: va=0xb0d00000 phys=0x160000000 size=4294967296 rwx=2 -> address-space control (flush/perm), no RAM map
[Syscall] L4_MapControl(sid=0x80000100, ctrl=0x80000000) via UTCB@0xdff00000 -> res=0x1
[L4_MapControl] space=0x80000100 control=0x80000000 modify count=1
  [ctl 0] whole-space op: va=0xb0d00000 phys=0x160000000 size=4294967296 rwx=2 -> address-space control (flush/perm), no RAM map
[Syscall] L4_MapControl(sid=0x80000100, ctrl=0x80000000) via UTCB@0xdff00000 -> res=0x1
[L4_MapControl] space=0x80000100 control=0x80000000 modify count=1
  [ctl 0] whole-space op: va=0xb0d00000 phys=0x160000000 size=4294967296 rwx=2 -> address-space control (flush/perm), no RAM map
[Syscall] L4_MapControl(sid=0x80000100, ctrl=0x80000000) via UTCB@0xdff00000 -> res=0x1
  [Cycle 1140] Core0(ARM11): pc=0xb000d6b8 insns=373874 (ok) | Core1(ARM9): pc=0xf0017890 insns=11410000 (ok)
[L4_MapControl] space=0x80000100 control=0x80000000 modify count=1
  [ctl 0] whole-space op: va=0xb0d00000 phys=0x160000000 size=4294967296 rwx=2 -> address-space control (flush/perm), no RAM map
[Syscall] L4_MapControl(sid=0x80000100, ctrl=0x80000000) via UTCB@0xdff00000 -> res=0x1
[L4_MapControl] space=0x80000100 control=0x80000000 modify count=1
  [ctl 0] whole-space op: va=0xb0d00000 phys=0x160000000 size=4294967296 rwx=2 -> address-space control (flush/perm), no RAM map
[Syscall] L4_MapControl(sid=0x80000100, ctrl=0x80000000) via UTCB@0xdff00000 -> res=0x1
[L4_MapControl] space=0x80000100 control=0x80000000 modify count=1
  [ctl 0] whole-space op: va=0xb0d00000 phys=0x160000000 size=4294967296 rwx=2 -> address-space control (flush/perm), no RAM map
[Syscall] L4_MapControl(sid=0x80000100, ctrl=0x80000000) via UTCB@0xdff00000 -> res=0x1
[L4_MapControl] space=0x80000100 control=0x80000000 modify count=1
  [ctl 0] whole-space op: va=0xb0d00000 phys=0x160000000 size=4294967296 rwx=2 -> address-space control (flush/perm), no RAM map
[Syscall] L4_MapControl(sid=0x80000100, ctrl=0x80000000) via UTCB@0xdff00000 -> res=0x1
[L4_MapControl] space=0x80000100 control=0x80000000 modify count=1
  [ctl 0] whole-space op: va=0xb0d00000 phys=0x160000000 size=4294967296 rwx=2 -> address-space control (flush/perm), no RAM map
[Syscall] L4_MapControl(sid=0x80000100, ctrl=0x80000000) via UTCB@0xdff00000 -> res=0x1
[L4_MapControl] space=0x80000100 control=0x80000000 modify count=1
  [ctl 0] whole-space op: va=0xb0d00000 phys=0x160000000 size=4294967296 rwx=2 -> address-space control (flush/perm), no RAM map
[Syscall] L4_MapControl(sid=0x80000100, ctrl=0x80000000) via UTCB@0xdff00000 -> res=0x1
[L4_MapControl] space=0x80000100 control=0x80000000 modify count=1
  [ctl 0] whole-space op: va=0xb0d00000 phys=0x160000000 size=4294967296 rwx=2 -> address-space control (flush/perm), no RAM map
[Syscall] L4_MapControl(sid=0x80000100, ctrl=0x80000000) via UTCB@0xdff00000 -> res=0x1
[L4_MapControl] space=0x80000100 control=0x80000000 modify count=1
  [ctl 0] whole-space op: va=0xb0d00000 phys=0x160000000 size=4294967296 rwx=2 -> address-space control (flush/perm), no RAM map
[Syscall] L4_MapControl(sid=0x80000100, ctrl=0x80000000) via UTCB@0xdff00000 -> res=0x1
[L4_MapControl] space=0x80000100 control=0x80000000 modify count=1
  [ctl 0] whole-space op: va=0xb0d00000 phys=0x160000000 size=4294967296 rwx=2 -> address-space control (flush/perm), no RAM map
[Syscall] L4_MapControl(sid=0x80000100, ctrl=0x80000000) via UTCB@0xdff00000 -> res=0x1
[L4_MapControl] space=0x80000100 control=0x80000000 modify count=1
  [ctl 0] whole-space op: va=0xb0d00000 phys=0x160000000 size=4294967296 rwx=2 -> address-space control (flush/perm), no RAM map
[Syscall] L4_MapControl(sid=0x80000100, ctrl=0x80000000) via UTCB@0xdff00000 -> res=0x1
  [Cycle 1150] Core0(ARM11): pc=0xb000d6b8 insns=375214 (ok) | Core1(ARM9): pc=0xf0017890 insns=11510000 (ok)
[L4_MapControl] space=0x80000100 control=0x80000000 modify count=1
  [ctl 0] whole-space op: va=0xb0d00000 phys=0x160000000 size=4294967296 rwx=2 -> address-space control (flush/perm), no RAM map
[Syscall] L4_MapControl(sid=0x80000100, ctrl=0x80000000) via UTCB@0xdff00000 -> res=0x1
[L4_MapControl] space=0x80000100 control=0x80000000 modify count=1
  [ctl 0] whole-space op: va=0xb0d00000 phys=0x160000000 size=4294967296 rwx=2 -> address-space control (flush/perm), no RAM map
[Syscall] L4_MapControl(sid=0x80000100, ctrl=0x80000000) via UTCB@0xdff00000 -> res=0x1
[L4_MapControl] space=0x80000100 control=0x80000000 modify count=1
  [ctl 0] whole-space op: va=0xb0d00000 phys=0x160000000 size=4294967296 rwx=2 -> address-space control (flush/perm), no RAM map
[Syscall] L4_MapControl(sid=0x80000100, ctrl=0x80000000) via UTCB@0xdff00000 -> res=0x1
[L4_MapControl] space=0x80000100 control=0x80000000 modify count=1
  [ctl 0] whole-space op: va=0xb0d00000 phys=0x160000000 size=4294967296 rwx=2 -> address-space control (flush/perm), no RAM map
[Syscall] L4_MapControl(sid=0x80000100, ctrl=0x80000000) via UTCB@0xdff00000 -> res=0x1
[L4_MapControl] space=0x80000100 control=0x80000000 modify count=1
  [ctl 0] whole-space op: va=0xb0d00000 phys=0x160000000 size=4294967296 rwx=2 -> address-space control (flush/perm), no RAM map
[Syscall] L4_MapControl(sid=0x80000100, ctrl=0x80000000) via UTCB@0xdff00000 -> res=0x1
[L4_MapControl] space=0x80000100 control=0x80000000 modify count=1
  [ctl 0] whole-space op: va=0xb0d00000 phys=0x160000000 size=4294967296 rwx=2 -> address-space control (flush/perm), no RAM map
[Syscall] L4_MapControl(sid=0x80000100, ctrl=0x80000000) via UTCB@0xdff00000 -> res=0x1
[L4_MapControl] space=0x80000100 control=0x80000000 modify count=1
  [ctl 0] whole-space op: va=0xb0d00000 phys=0x160000000 size=4294967296 rwx=2 -> address-space control (flush/perm), no RAM map
[Syscall] L4_MapControl(sid=0x80000100, ctrl=0x80000000) via UTCB@0xdff00000 -> res=0x1
[L4_MapControl] space=0x80000100 control=0x80000000 modify count=1
  [ctl 0] whole-space op: va=0xb0d00000 phys=0x160000000 size=4294967296 rwx=2 -> address-space control (flush/perm), no RAM map
[Syscall] L4_MapControl(sid=0x80000100, ctrl=0x80000000) via UTCB@0xdff00000 -> res=0x1
[L4_MapControl] space=0x80000100 control=0x80000000 modify count=1
  [ctl 0] whole-space op: va=0xb0d00000 phys=0x160000000 size=4294967296 rwx=2 -> address-space control (flush/perm), no RAM map
[Syscall] L4_MapControl(sid=0x80000100, ctrl=0x80000000) via UTCB@0xdff00000 -> res=0x1
[L4_MapControl] space=0x80000100 control=0x80000000 modify count=1
  [ctl 0] whole-space op: va=0xb0d00000 phys=0x160000000 size=4294967296 rwx=2 -> address-space control (flush/perm), no RAM map
[Syscall] L4_MapControl(sid=0x80000100, ctrl=0x80000000) via UTCB@0xdff00000 -> res=0x1
  [Cycle 1160] Core0(ARM11): pc=0xb000d6b8 insns=376554 (ok) | Core1(ARM9): pc=0xf0017890 insns=11610000 (ok)
[L4_MapControl] space=0x80000100 control=0x80000000 modify count=1
  [ctl 0] whole-space op: va=0xb0d00000 phys=0x160000000 size=4294967296 rwx=2 -> address-space control (flush/perm), no RAM map
[Syscall] L4_MapControl(sid=0x80000100, ctrl=0x80000000) via UTCB@0xdff00000 -> res=0x1
[L4_MapControl] space=0x80000100 control=0x80000000 modify count=1
  [ctl 0] whole-space op: va=0xb0d00000 phys=0x160000000 size=4294967296 rwx=2 -> address-space control (flush/perm), no RAM map
[Syscall] L4_MapControl(sid=0x80000100, ctrl=0x80000000) via UTCB@0xdff00000 -> res=0x1
[L4_MapControl] space=0x80000100 control=0x80000000 modify count=1
  [ctl 0] whole-space op: va=0xb0d00000 phys=0x160000000 size=4294967296 rwx=2 -> address-space control (flush/perm), no RAM map
[Syscall] L4_MapControl(sid=0x80000100, ctrl=0x80000000) via UTCB@0xdff00000 -> res=0x1
[L4_MapControl] space=0x80000100 control=0x80000000 modify count=1
  [ctl 0] whole-space op: va=0xb0d00000 phys=0x160000000 size=4294967296 rwx=2 -> address-space control (flush/perm), no RAM map
[Syscall] L4_MapControl(sid=0x80000100, ctrl=0x80000000) via UTCB@0xdff00000 -> res=0x1
[L4_MapControl] space=0x80000100 control=0x80000000 modify count=1
  [ctl 0] whole-space op: va=0xb0d00000 phys=0x160000000 size=4294967296 rwx=2 -> address-space control (flush/perm), no RAM map
[Syscall] L4_MapControl(sid=0x80000100, ctrl=0x80000000) via UTCB@0xdff00000 -> res=0x1
[L4_MapControl] space=0x80000100 control=0x80000000 modify count=1
  [ctl 0] whole-space op: va=0xb0d00000 phys=0x160000000 size=4294967296 rwx=2 -> address-space control (flush/perm), no RAM map
[Syscall] L4_MapControl(sid=0x80000100, ctrl=0x80000000) via UTCB@0xdff00000 -> res=0x1
[L4_MapControl] space=0x80000100 control=0x80000000 modify count=1
  [ctl 0] whole-space op: va=0xb0d00000 phys=0x160000000 size=4294967296 rwx=2 -> address-space control (flush/perm), no RAM map
[Syscall] L4_MapControl(sid=0x80000100, ctrl=0x80000000) via UTCB@0xdff00000 -> res=0x1
[L4_MapControl] space=0x80000100 control=0x80000000 modify count=1
  [ctl 0] whole-space op: va=0xb0d00000 phys=0x160000000 size=4294967296 rwx=2 -> address-space control (flush/perm), no RAM map
[Syscall] L4_MapControl(sid=0x80000100, ctrl=0x80000000) via UTCB@0xdff00000 -> res=0x1
[L4_MapControl] space=0x80000100 control=0x80000000 modify count=1
  [ctl 0] whole-space op: va=0xb0d00000 phys=0x160000000 size=4294967296 rwx=2 -> address-space control (flush/perm), no RAM map
[Syscall] L4_MapControl(sid=0x80000100, ctrl=0x80000000) via UTCB@0xdff00000 -> res=0x1
[L4_MapControl] space=0x80000100 control=0x80000000 modify count=1
  [ctl 0] whole-space op: va=0xb0d00000 phys=0x160000000 size=4294967296 rwx=2 -> address-space control (flush/perm), no RAM map
[Syscall] L4_MapControl(sid=0x80000100, ctrl=0x80000000) via UTCB@0xdff00000 -> res=0x1
  [Cycle 1170] Core0(ARM11): pc=0xb000d6b8 insns=377894 (ok) | Core1(ARM9): pc=0xf0017890 insns=11710000 (ok)
[L4_MapControl] space=0x80000100 control=0x80000000 modify count=1
  [ctl 0] whole-space op: va=0xb0d00000 phys=0x160000000 size=4294967296 rwx=2 -> address-space control (flush/perm), no RAM map
[Syscall] L4_MapControl(sid=0x80000100, ctrl=0x80000000) via UTCB@0xdff00000 -> res=0x1
[L4_MapControl] space=0x80000100 control=0x80000000 modify count=1
  [ctl 0] whole-space op: va=0xb0d00000 phys=0x160000000 size=4294967296 rwx=2 -> address-space control (flush/perm), no RAM map
[Syscall] L4_MapControl(sid=0x80000100, ctrl=0x80000000) via UTCB@0xdff00000 -> res=0x1
[L4_MapControl] space=0x80000100 control=0x80000000 modify count=1
  [ctl 0] whole-space op: va=0xb0d00000 phys=0x160000000 size=4294967296 rwx=2 -> address-space control (flush/perm), no RAM map
[Syscall] L4_MapControl(sid=0x80000100, ctrl=0x80000000) via UTCB@0xdff00000 -> res=0x1
[L4_MapControl] space=0x80000100 control=0x80000000 modify count=1
  [ctl 0] whole-space op: va=0xb0d00000 phys=0x160000000 size=4294967296 rwx=2 -> address-space control (flush/perm), no RAM map
[Syscall] L4_MapControl(sid=0x80000100, ctrl=0x80000000) via UTCB@0xdff00000 -> res=0x1
[L4_MapControl] space=0x80000100 control=0x80000000 modify count=1
  [ctl 0] whole-space op: va=0xb0d00000 phys=0x160000000 size=4294967296 rwx=2 -> address-space control (flush/perm), no RAM map
[Syscall] L4_MapControl(sid=0x80000100, ctrl=0x80000000) via UTCB@0xdff00000 -> res=0x1
[L4_MapControl] space=0x80000100 control=0x80000000 modify count=1
  [ctl 0] whole-space op: va=0xb0d00000 phys=0x160000000 size=4294967296 rwx=2 -> address-space control (flush/perm), no RAM map
[Syscall] L4_MapControl(sid=0x80000100, ctrl=0x80000000) via UTCB@0xdff00000 -> res=0x1
[L4_MapControl] space=0x80000100 control=0x80000000 modify count=1
  [ctl 0] whole-space op: va=0xb0d00000 phys=0x160000000 size=4294967296 rwx=2 -> address-space control (flush/perm), no RAM map
[Syscall] L4_MapControl(sid=0x80000100, ctrl=0x80000000) via UTCB@0xdff00000 -> res=0x1
[L4_MapControl] space=0x80000100 control=0x80000000 modify count=1
  [ctl 0] whole-space op: va=0xb0d00000 phys=0x160000000 size=4294967296 rwx=2 -> address-space control (flush/perm), no RAM map
[Syscall] L4_MapControl(sid=0x80000100, ctrl=0x80000000) via UTCB@0xdff00000 -> res=0x1
[L4_MapControl] space=0x80000100 control=0x80000000 modify count=1
  [ctl 0] whole-space op: va=0xb0d00000 phys=0x160000000 size=4294967296 rwx=2 -> address-space control (flush/perm), no RAM map
[Syscall] L4_MapControl(sid=0x80000100, ctrl=0x80000000) via UTCB@0xdff00000 -> res=0x1
[L4_MapControl] space=0x80000100 control=0x80000000 modify count=1
  [ctl 0] whole-space op: va=0xb0d00000 phys=0x160000000 size=4294967296 rwx=2 -> address-space control (flush/perm), no RAM map
[Syscall] L4_MapControl(sid=0x80000100, ctrl=0x80000000) via UTCB@0xdff00000 -> res=0x1
  [Cycle 1180] Core0(ARM11): pc=0xb000d6b8 insns=379234 (ok) | Core1(ARM9): pc=0xf0017890 insns=11810000 (ok)
[L4_MapControl] space=0x80000100 control=0x80000000 modify count=1
  [ctl 0] whole-space op: va=0xb0d00000 phys=0x160000000 size=4294967296 rwx=2 -> address-space control (flush/perm), no RAM map
[Syscall] L4_MapControl(sid=0x80000100, ctrl=0x80000000) via UTCB@0xdff00000 -> res=0x1
[L4_MapControl] space=0x80000100 control=0x80000000 modify count=1
  [ctl 0] whole-space op: va=0xb0d00000 phys=0x160000000 size=4294967296 rwx=2 -> address-space control (flush/perm), no RAM map
[Syscall] L4_MapControl(sid=0x80000100, ctrl=0x80000000) via UTCB@0xdff00000 -> res=0x1
[L4_MapControl] space=0x80000100 control=0x80000000 modify count=1
  [ctl 0] whole-space op: va=0xb0d00000 phys=0x160000000 size=4294967296 rwx=2 -> address-space control (flush/perm), no RAM map
[Syscall] L4_MapControl(sid=0x80000100, ctrl=0x80000000) via UTCB@0xdff00000 -> res=0x1
[L4_MapControl] space=0x80000100 control=0x80000000 modify count=1
  [ctl 0] whole-space op: va=0xb0d00000 phys=0x160000000 size=4294967296 rwx=2 -> address-space control (flush/perm), no RAM map
[Syscall] L4_MapControl(sid=0x80000100, ctrl=0x80000000) via UTCB@0xdff00000 -> res=0x1
[L4_MapControl] space=0x80000100 control=0x80000000 modify count=1
  [ctl 0] whole-space op: va=0xb0d00000 phys=0x160000000 size=4294967296 rwx=2 -> address-space control (flush/perm), no RAM map
[Syscall] L4_MapControl(sid=0x80000100, ctrl=0x80000000) via UTCB@0xdff00000 -> res=0x1
[L4_MapControl] space=0x80000100 control=0x80000000 modify count=1
  [ctl 0] whole-space op: va=0xb0d00000 phys=0x160000000 size=4294967296 rwx=2 -> address-space control (flush/perm), no RAM map
[Syscall] L4_MapControl(sid=0x80000100, ctrl=0x80000000) via UTCB@0xdff00000 -> res=0x1
[L4_MapControl] space=0x80000100 control=0x80000000 modify count=1
  [ctl 0] whole-space op: va=0xb0d00000 phys=0x160000000 size=4294967296 rwx=2 -> address-space control (flush/perm), no RAM map
[Syscall] L4_MapControl(sid=0x80000100, ctrl=0x80000000) via UTCB@0xdff00000 -> res=0x1
[L4_MapControl] space=0x80000100 control=0x80000000 modify count=1
  [ctl 0] whole-space op: va=0xb0d00000 phys=0x160000000 size=4294967296 rwx=2 -> address-space control (flush/perm), no RAM map
[Syscall] L4_MapControl(sid=0x80000100, ctrl=0x80000000) via UTCB@0xdff00000 -> res=0x1
[L4_MapControl] space=0x80000100 control=0x80000000 modify count=1
  [ctl 0] whole-space op: va=0xb0d00000 phys=0x160000000 size=4294967296 rwx=2 -> address-space control (flush/perm), no RAM map
[Syscall] L4_MapControl(sid=0x80000100, ctrl=0x80000000) via UTCB@0xdff00000 -> res=0x1
[L4_MapControl] space=0x80000100 control=0x80000000 modify count=1
  [ctl 0] whole-space op: va=0xb0d00000 phys=0x160000000 size=4294967296 rwx=2 -> address-space control (flush/perm), no RAM map
[Syscall] L4_MapControl(sid=0x80000100, ctrl=0x80000000) via UTCB@0xdff00000 -> res=0x1
  [Cycle 1190] Core0(ARM11): pc=0xb000d6b8 insns=380574 (ok) | Core1(ARM9): pc=0xf0017890 insns=11910000 (ok)
[L4_MapControl] space=0x80000100 control=0x80000000 modify count=1
  [ctl 0] whole-space op: va=0xb0d00000 phys=0x160000000 size=4294967296 rwx=2 -> address-space control (flush/perm), no RAM map
[Syscall] L4_MapControl(sid=0x80000100, ctrl=0x80000000) via UTCB@0xdff00000 -> res=0x1
[L4_MapControl] space=0x80000100 control=0x80000000 modify count=1
  [ctl 0] whole-space op: va=0xb0d00000 phys=0x160000000 size=4294967296 rwx=2 -> address-space control (flush/perm), no RAM map
[Syscall] L4_MapControl(sid=0x80000100, ctrl=0x80000000) via UTCB@0xdff00000 -> res=0x1
[L4_MapControl] space=0x80000100 control=0x80000000 modify count=1
  [ctl 0] whole-space op: va=0xb0d00000 phys=0x160000000 size=4294967296 rwx=2 -> address-space control (flush/perm), no RAM map
[Syscall] L4_MapControl(sid=0x80000100, ctrl=0x80000000) via UTCB@0xdff00000 -> res=0x1
[L4_MapControl] space=0x80000100 control=0x80000000 modify count=1
  [ctl 0] whole-space op: va=0xb0d00000 phys=0x160000000 size=4294967296 rwx=2 -> address-space control (flush/perm), no RAM map
[Syscall] L4_MapControl(sid=0x80000100, ctrl=0x80000000) via UTCB@0xdff00000 -> res=0x1
[L4_MapControl] space=0x80000100 control=0x80000000 modify count=1
  [ctl 0] whole-space op: va=0xb0d00000 phys=0x160000000 size=4294967296 rwx=2 -> address-space control (flush/perm), no RAM map
[Syscall] L4_MapControl(sid=0x80000100, ctrl=0x80000000) via UTCB@0xdff00000 -> res=0x1
[L4_MapControl] space=0x80000100 control=0x80000000 modify count=1
  [ctl 0] whole-space op: va=0xb0d00000 phys=0x160000000 size=4294967296 rwx=2 -> address-space control (flush/perm), no RAM map
[Syscall] L4_MapControl(sid=0x80000100, ctrl=0x80000000) via UTCB@0xdff00000 -> res=0x1
[L4_MapControl] space=0x80000100 control=0x80000000 modify count=1
  [ctl 0] whole-space op: va=0xb0d00000 phys=0x160000000 size=4294967296 rwx=2 -> address-space control (flush/perm), no RAM map
[Syscall] L4_MapControl(sid=0x80000100, ctrl=0x80000000) via UTCB@0xdff00000 -> res=0x1
[L4_MapControl] space=0x80000100 control=0x80000000 modify count=1
  [ctl 0] whole-space op: va=0xb0d00000 phys=0x160000000 size=4294967296 rwx=2 -> address-space control (flush/perm), no RAM map
[Syscall] L4_MapControl(sid=0x80000100, ctrl=0x80000000) via UTCB@0xdff00000 -> res=0x1
[L4_MapControl] space=0x80000100 control=0x80000000 modify count=1
  [ctl 0] whole-space op: va=0xb0d00000 phys=0x160000000 size=4294967296 rwx=2 -> address-space control (flush/perm), no RAM map
[Syscall] L4_MapControl(sid=0x80000100, ctrl=0x80000000) via UTCB@0xdff00000 -> res=0x1
[L4_MapControl] space=0x80000100 control=0x80000000 modify count=1
  [ctl 0] whole-space op: va=0xb0d00000 phys=0x160000000 size=4294967296 rwx=2 -> address-space control (flush/perm), no RAM map
[Syscall] L4_MapControl(sid=0x80000100, ctrl=0x80000000) via UTCB@0xdff00000 -> res=0x1
  [Cycle 1200] Core0(ARM11): pc=0xb000d6b8 insns=381914 (ok) | Core1(ARM9): pc=0xf0017890 insns=12010000 (ok)
[L4_MapControl] space=0x80000100 control=0x80000000 modify count=1
  [ctl 0] whole-space op: va=0xb0d00000 phys=0x160000000 size=4294967296 rwx=2 -> address-space control (flush/perm), no RAM map
[Syscall] L4_MapControl(sid=0x80000100, ctrl=0x80000000) via UTCB@0xdff00000 -> res=0x1
[L4_MapControl] space=0x80000100 control=0x80000000 modify count=1
  [ctl 0] whole-space op: va=0xb0d00000 phys=0x160000000 size=4294967296 rwx=2 -> address-space control (flush/perm), no RAM map
[Syscall] L4_MapControl(sid=0x80000100, ctrl=0x80000000) via UTCB@0xdff00000 -> res=0x1
[L4_MapControl] space=0x80000100 control=0x80000000 modify count=1
  [ctl 0] whole-space op: va=0xb0d00000 phys=0x160000000 size=4294967296 rwx=2 -> address-space control (flush/perm), no RAM map
[Syscall] L4_MapControl(sid=0x80000100, ctrl=0x80000000) via UTCB@0xdff00000 -> res=0x1
[L4_MapControl] space=0x80000100 control=0x80000000 modify count=1
  [ctl 0] whole-space op: va=0xb0d00000 phys=0x160000000 size=4294967296 rwx=2 -> address-space control (flush/perm), no RAM map
[Syscall] L4_MapControl(sid=0x80000100, ctrl=0x80000000) via UTCB@0xdff00000 -> res=0x1
[L4_MapControl] space=0x80000100 control=0x80000000 modify count=1
  [ctl 0] whole-space op: va=0xb0d00000 phys=0x160000000 size=4294967296 rwx=2 -> address-space control (flush/perm), no RAM map
[Syscall] L4_MapControl(sid=0x80000100, ctrl=0x80000000) via UTCB@0xdff00000 -> res=0x1
[L4_MapControl] space=0x80000100 control=0x80000000 modify count=1
  [ctl 0] whole-space op: va=0xb0d00000 phys=0x160000000 size=4294967296 rwx=2 -> address-space control (flush/perm), no RAM map
[Syscall] L4_MapControl(sid=0x80000100, ctrl=0x80000000) via UTCB@0xdff00000 -> res=0x1
[L4_MapControl] space=0x80000100 control=0x80000000 modify count=1
  [ctl 0] whole-space op: va=0xb0d00000 phys=0x160000000 size=4294967296 rwx=2 -> address-space control (flush/perm), no RAM map
[Syscall] L4_MapControl(sid=0x80000100, ctrl=0x80000000) via UTCB@0xdff00000 -> res=0x1
[L4_MapControl] space=0x80000100 control=0x80000000 modify count=1
  [ctl 0] whole-space op: va=0xb0d00000 phys=0x160000000 size=4294967296 rwx=2 -> address-space control (flush/perm), no RAM map
[Syscall] L4_MapControl(sid=0x80000100, ctrl=0x80000000) via UTCB@0xdff00000 -> res=0x1
[L4_MapControl] space=0x80000100 control=0x80000000 modify count=1
  [ctl 0] whole-space op: va=0xb0d00000 phys=0x160000000 size=4294967296 rwx=2 -> address-space control (flush/perm), no RAM map
[Syscall] L4_MapControl(sid=0x80000100, ctrl=0x80000000) via UTCB@0xdff00000 -> res=0x1
[L4_MapControl] space=0x80000100 control=0x80000000 modify count=1
  [ctl 0] whole-space op: va=0xb0d00000 phys=0x160000000 size=4294967296 rwx=2 -> address-space control (flush/perm), no RAM map
[Syscall] L4_MapControl(sid=0x80000100, ctrl=0x80000000) via UTCB@0xdff00000 -> res=0x1
  [Cycle 1210] Core0(ARM11): pc=0xb000d6b8 insns=383254 (ok) | Core1(ARM9): pc=0xf0017890 insns=12110000 (ok)
[L4_MapControl] space=0x80000100 control=0x80000000 modify count=1
  [ctl 0] whole-space op: va=0xb0d00000 phys=0x160000000 size=4294967296 rwx=2 -> address-space control (flush/perm), no RAM map
[Syscall] L4_MapControl(sid=0x80000100, ctrl=0x80000000) via UTCB@0xdff00000 -> res=0x1
[L4_MapControl] space=0x80000100 control=0x80000000 modify count=1
  [ctl 0] whole-space op: va=0xb0d00000 phys=0x160000000 size=4294967296 rwx=2 -> address-space control (flush/perm), no RAM map
[Syscall] L4_MapControl(sid=0x80000100, ctrl=0x80000000) via UTCB@0xdff00000 -> res=0x1
[L4_MapControl] space=0x80000100 control=0x80000000 modify count=1
  [ctl 0] whole-space op: va=0xb0d00000 phys=0x160000000 size=4294967296 rwx=2 -> address-space control (flush/perm), no RAM map
[Syscall] L4_MapControl(sid=0x80000100, ctrl=0x80000000) via UTCB@0xdff00000 -> res=0x1
[L4_MapControl] space=0x80000100 control=0x80000000 modify count=1
  [ctl 0] whole-space op: va=0xb0d00000 phys=0x160000000 size=4294967296 rwx=2 -> address-space control (flush/perm), no RAM map
[Syscall] L4_MapControl(sid=0x80000100, ctrl=0x80000000) via UTCB@0xdff00000 -> res=0x1
[L4_MapControl] space=0x80000100 control=0x80000000 modify count=1
  [ctl 0] whole-space op: va=0xb0d00000 phys=0x160000000 size=4294967296 rwx=2 -> address-space control (flush/perm), no RAM map
[Syscall] L4_MapControl(sid=0x80000100, ctrl=0x80000000) via UTCB@0xdff00000 -> res=0x1
[L4_MapControl] space=0x80000100 control=0x80000000 modify count=1
  [ctl 0] whole-space op: va=0xb0d00000 phys=0x160000000 size=4294967296 rwx=2 -> address-space control (flush/perm), no RAM map
[Syscall] L4_MapControl(sid=0x80000100, ctrl=0x80000000) via UTCB@0xdff00000 -> res=0x1
[L4_MapControl] space=0x80000100 control=0x80000000 modify count=1
  [ctl 0] whole-space op: va=0xb0d00000 phys=0x160000000 size=4294967296 rwx=2 -> address-space control (flush/perm), no RAM map
[Syscall] L4_MapControl(sid=0x80000100, ctrl=0x80000000) via UTCB@0xdff00000 -> res=0x1
[L4_MapControl] space=0x80000100 control=0x80000000 modify count=1
  [ctl 0] whole-space op: va=0xb0d00000 phys=0x160000000 size=4294967296 rwx=2 -> address-space control (flush/perm), no RAM map
[Syscall] L4_MapControl(sid=0x80000100, ctrl=0x80000000) via UTCB@0xdff00000 -> res=0x1
[L4_MapControl] space=0x80000100 control=0x80000000 modify count=1
  [ctl 0] whole-space op: va=0xb0d00000 phys=0x160000000 size=4294967296 rwx=2 -> address-space control (flush/perm), no RAM map
[Syscall] L4_MapControl(sid=0x80000100, ctrl=0x80000000) via UTCB@0xdff00000 -> res=0x1
[L4_MapControl] space=0x80000100 control=0x80000000 modify count=1
  [ctl 0] whole-space op: va=0xb0d00000 phys=0x160000000 size=4294967296 rwx=2 -> address-space control (flush/perm), no RAM map
[Syscall] L4_MapControl(sid=0x80000100, ctrl=0x80000000) via UTCB@0xdff00000 -> res=0x1
  [Cycle 1220] Core0(ARM11): pc=0xb000d6b8 insns=384594 (ok) | Core1(ARM9): pc=0xf0017890 insns=12210000 (ok)
[L4_MapControl] space=0x80000100 control=0x80000000 modify count=1
  [ctl 0] whole-space op: va=0xb0d00000 phys=0x160000000 size=4294967296 rwx=2 -> address-space control (flush/perm), no RAM map
[Syscall] L4_MapControl(sid=0x80000100, ctrl=0x80000000) via UTCB@0xdff00000 -> res=0x1
[L4_MapControl] space=0x80000100 control=0x80000000 modify count=1
  [ctl 0] whole-space op: va=0xb0d00000 phys=0x160000000 size=4294967296 rwx=2 -> address-space control (flush/perm), no RAM map
[Syscall] L4_MapControl(sid=0x80000100, ctrl=0x80000000) via UTCB@0xdff00000 -> res=0x1
[L4_MapControl] space=0x80000100 control=0x80000000 modify count=1
  [ctl 0] whole-space op: va=0xb0d00000 phys=0x160000000 size=4294967296 rwx=2 -> address-space control (flush/perm), no RAM map
[Syscall] L4_MapControl(sid=0x80000100, ctrl=0x80000000) via UTCB@0xdff00000 -> res=0x1
[L4_MapControl] space=0x80000100 control=0x80000000 modify count=1
  [ctl 0] whole-space op: va=0xb0d00000 phys=0x160000000 size=4294967296 rwx=2 -> address-space control (flush/perm), no RAM map
[Syscall] L4_MapControl(sid=0x80000100, ctrl=0x80000000) via UTCB@0xdff00000 -> res=0x1
[L4_MapControl] space=0x80000100 control=0x80000000 modify count=1
  [ctl 0] whole-space op: va=0xb0d00000 phys=0x160000000 size=4294967296 rwx=2 -> address-space control (flush/perm), no RAM map
[Syscall] L4_MapControl(sid=0x80000100, ctrl=0x80000000) via UTCB@0xdff00000 -> res=0x1
[L4_MapControl] space=0x80000100 control=0x80000000 modify count=1
  [ctl 0] whole-space op: va=0xb0d00000 phys=0x160000000 size=4294967296 rwx=2 -> address-space control (flush/perm), no RAM map
[Syscall] L4_MapControl(sid=0x80000100, ctrl=0x80000000) via UTCB@0xdff00000 -> res=0x1
[L4_MapControl] space=0x80000100 control=0x80000000 modify count=1
  [ctl 0] whole-space op: va=0xb0d00000 phys=0x160000000 size=4294967296 rwx=2 -> address-space control (flush/perm), no RAM map
[Syscall] L4_MapControl(sid=0x80000100, ctrl=0x80000000) via UTCB@0xdff00000 -> res=0x1
[L4_MapControl] space=0x80000100 control=0x80000000 modify count=1
  [ctl 0] whole-space op: va=0xb0d00000 phys=0x160000000 size=4294967296 rwx=2 -> address-space control (flush/perm), no RAM map
[Syscall] L4_MapControl(sid=0x80000100, ctrl=0x80000000) via UTCB@0xdff00000 -> res=0x1
[L4_MapControl] space=0x80000100 control=0x80000000 modify count=1
  [ctl 0] whole-space op: va=0xb0d00000 phys=0x160000000 size=4294967296 rwx=2 -> address-space control (flush/perm), no RAM map
[Syscall] L4_MapControl(sid=0x80000100, ctrl=0x80000000) via UTCB@0xdff00000 -> res=0x1
[L4_MapControl] space=0x80000100 control=0x80000000 modify count=1
  [ctl 0] whole-space op: va=0xb0d00000 phys=0x160000000 size=4294967296 rwx=2 -> address-space control (flush/perm), no RAM map
[Syscall] L4_MapControl(sid=0x80000100, ctrl=0x80000000) via UTCB@0xdff00000 -> res=0x1
  [Cycle 1230] Core0(ARM11): pc=0xb000d6b8 insns=385934 (ok) | Core1(ARM9): pc=0xf0017890 insns=12310000 (ok)
[L4_MapControl] space=0x80000100 control=0x80000000 modify count=1
  [ctl 0] whole-space op: va=0xb0d00000 phys=0x160000000 size=4294967296 rwx=2 -> address-space control (flush/perm), no RAM map
[Syscall] L4_MapControl(sid=0x80000100, ctrl=0x80000000) via UTCB@0xdff00000 -> res=0x1
[L4_MapControl] space=0x80000100 control=0x80000000 modify count=1
  [ctl 0] whole-space op: va=0xb0d00000 phys=0x160000000 size=4294967296 rwx=2 -> address-space control (flush/perm), no RAM map
[Syscall] L4_MapControl(sid=0x80000100, ctrl=0x80000000) via UTCB@0xdff00000 -> res=0x1
[L4_MapControl] space=0x80000100 control=0x80000000 modify count=1
  [ctl 0] whole-space op: va=0xb0d00000 phys=0x160000000 size=4294967296 rwx=2 -> address-space control (flush/perm), no RAM map
[Syscall] L4_MapControl(sid=0x80000100, ctrl=0x80000000) via UTCB@0xdff00000 -> res=0x1
[L4_MapControl] space=0x80000100 control=0x80000000 modify count=1
  [ctl 0] whole-space op: va=0xb0d00000 phys=0x160000000 size=4294967296 rwx=2 -> address-space control (flush/perm), no RAM map
[Syscall] L4_MapControl(sid=0x80000100, ctrl=0x80000000) via UTCB@0xdff00000 -> res=0x1
[L4_MapControl] space=0x80000100 control=0x80000000 modify count=1
  [ctl 0] whole-space op: va=0xb0d00000 phys=0x160000000 size=4294967296 rwx=2 -> address-space control (flush/perm), no RAM map
[Syscall] L4_MapControl(sid=0x80000100, ctrl=0x80000000) via UTCB@0xdff00000 -> res=0x1
[L4_MapControl] space=0x80000100 control=0x80000000 modify count=1
  [ctl 0] whole-space op: va=0xb0d00000 phys=0x160000000 size=4294967296 rwx=2 -> address-space control (flush/perm), no RAM map
[Syscall] L4_MapControl(sid=0x80000100, ctrl=0x80000000) via UTCB@0xdff00000 -> res=0x1
[L4_MapControl] space=0x80000100 control=0x80000000 modify count=1
  [ctl 0] whole-space op: va=0xb0d00000 phys=0x160000000 size=4294967296 rwx=2 -> address-space control (flush/perm), no RAM map
[Syscall] L4_MapControl(sid=0x80000100, ctrl=0x80000000) via UTCB@0xdff00000 -> res=0x1
[L4_MapControl] space=0x80000100 control=0x80000000 modify count=1
  [ctl 0] whole-space op: va=0xb0d00000 phys=0x160000000 size=4294967296 rwx=2 -> address-space control (flush/perm), no RAM map
[Syscall] L4_MapControl(sid=0x80000100, ctrl=0x80000000) via UTCB@0xdff00000 -> res=0x1
[L4_MapControl] space=0x80000100 control=0x80000000 modify count=1
  [ctl 0] whole-space op: va=0xb0d00000 phys=0x160000000 size=4294967296 rwx=2 -> address-space control (flush/perm), no RAM map
[Syscall] L4_MapControl(sid=0x80000100, ctrl=0x80000000) via UTCB@0xdff00000 -> res=0x1
[L4_MapControl] space=0x80000100 control=0x80000000 modify count=1
  [ctl 0] whole-space op: va=0xb0d00000 phys=0x160000000 size=4294967296 rwx=2 -> address-space control (flush/perm), no RAM map
[Syscall] L4_MapControl(sid=0x80000100, ctrl=0x80000000) via UTCB@0xdff00000 -> res=0x1
  [Cycle 1240] Core0(ARM11): pc=0xb000d6b8 insns=387274 (ok) | Core1(ARM9): pc=0xf0017890 insns=12410000 (ok)
[L4_MapControl] space=0x80000100 control=0x80000000 modify count=1
  [ctl 0] whole-space op: va=0xb0d00000 phys=0x160000000 size=4294967296 rwx=2 -> address-space control (flush/perm), no RAM map
[Syscall] L4_MapControl(sid=0x80000100, ctrl=0x80000000) via UTCB@0xdff00000 -> res=0x1
[L4_MapControl] space=0x80000100 control=0x80000000 modify count=1
  [ctl 0] whole-space op: va=0xb0d00000 phys=0x160000000 size=4294967296 rwx=2 -> address-space control (flush/perm), no RAM map
[Syscall] L4_MapControl(sid=0x80000100, ctrl=0x80000000) via UTCB@0xdff00000 -> res=0x1
[L4_MapControl] space=0x80000100 control=0x80000000 modify count=1
  [ctl 0] whole-space op: va=0xb0d00000 phys=0x160000000 size=4294967296 rwx=2 -> address-space control (flush/perm), no RAM map
[Syscall] L4_MapControl(sid=0x80000100, ctrl=0x80000000) via UTCB@0xdff00000 -> res=0x1
[L4_MapControl] space=0x80000100 control=0x80000000 modify count=1
  [ctl 0] whole-space op: va=0xb0d00000 phys=0x160000000 size=4294967296 rwx=2 -> address-space control (flush/perm), no RAM map
[Syscall] L4_MapControl(sid=0x80000100, ctrl=0x80000000) via UTCB@0xdff00000 -> res=0x1
[L4_MapControl] space=0x80000100 control=0x80000000 modify count=1
  [ctl 0] whole-space op: va=0xb0d00000 phys=0x160000000 size=4294967296 rwx=2 -> address-space control (flush/perm), no RAM map
[Syscall] L4_MapControl(sid=0x80000100, ctrl=0x80000000) via UTCB@0xdff00000 -> res=0x1
[L4_MapControl] space=0x80000100 control=0x80000000 modify count=1
  [ctl 0] whole-space op: va=0xb0d00000 phys=0x160000000 size=4294967296 rwx=2 -> address-space control (flush/perm), no RAM map
[Syscall] L4_MapControl(sid=0x80000100, ctrl=0x80000000) via UTCB@0xdff00000 -> res=0x1
[L4_MapControl] space=0x80000100 control=0x80000000 modify count=1
  [ctl 0] whole-space op: va=0xb0d00000 phys=0x160000000 size=4294967296 rwx=2 -> address-space control (flush/perm), no RAM map
[Syscall] L4_MapControl(sid=0x80000100, ctrl=0x80000000) via UTCB@0xdff00000 -> res=0x1
[L4_MapControl] space=0x80000100 control=0x80000000 modify count=1
  [ctl 0] whole-space op: va=0xb0d00000 phys=0x160000000 size=4294967296 rwx=2 -> address-space control (flush/perm), no RAM map
[Syscall] L4_MapControl(sid=0x80000100, ctrl=0x80000000) via UTCB@0xdff00000 -> res=0x1
[L4_MapControl] space=0x80000100 control=0x80000000 modify count=1
  [ctl 0] whole-space op: va=0xb0d00000 phys=0x160000000 size=4294967296 rwx=2 -> address-space control (flush/perm), no RAM map
[Syscall] L4_MapControl(sid=0x80000100, ctrl=0x80000000) via UTCB@0xdff00000 -> res=0x1
[L4_MapControl] space=0x80000100 control=0x80000000 modify count=1
  [ctl 0] whole-space op: va=0xb0d00000 phys=0x160000000 size=4294967296 rwx=2 -> address-space control (flush/perm), no RAM map
[Syscall] L4_MapControl(sid=0x80000100, ctrl=0x80000000) via UTCB@0xdff00000 -> res=0x1
  [Cycle 1250] Core0(ARM11): pc=0xb000d6b8 insns=388614 (ok) | Core1(ARM9): pc=0xf0017890 insns=12510000 (ok)
[L4_MapControl] space=0x80000100 control=0x80000000 modify count=1
  [ctl 0] whole-space op: va=0xb0d00000 phys=0x160000000 size=4294967296 rwx=2 -> address-space control (flush/perm), no RAM map
[Syscall] L4_MapControl(sid=0x80000100, ctrl=0x80000000) via UTCB@0xdff00000 -> res=0x1
[L4_MapControl] space=0x80000100 control=0x80000000 modify count=1
  [ctl 0] whole-space op: va=0xb0d00000 phys=0x160000000 size=4294967296 rwx=2 -> address-space control (flush/perm), no RAM map
[Syscall] L4_MapControl(sid=0x80000100, ctrl=0x80000000) via UTCB@0xdff00000 -> res=0x1
[L4_MapControl] space=0x80000100 control=0x80000000 modify count=1
  [ctl 0] whole-space op: va=0xb0d00000 phys=0x160000000 size=4294967296 rwx=2 -> address-space control (flush/perm), no RAM map
[Syscall] L4_MapControl(sid=0x80000100, ctrl=0x80000000) via UTCB@0xdff00000 -> res=0x1
[L4_MapControl] space=0x80000100 control=0x80000000 modify count=1
  [ctl 0] whole-space op: va=0xb0d00000 phys=0x160000000 size=4294967296 rwx=2 -> address-space control (flush/perm), no RAM map
[Syscall] L4_MapControl(sid=0x80000100, ctrl=0x80000000) via UTCB@0xdff00000 -> res=0x1
[L4_MapControl] space=0x80000100 control=0x80000000 modify count=1
  [ctl 0] whole-space op: va=0xb0d00000 phys=0x160000000 size=4294967296 rwx=2 -> address-space control (flush/perm), no RAM map
[Syscall] L4_MapControl(sid=0x80000100, ctrl=0x80000000) via UTCB@0xdff00000 -> res=0x1
[L4_MapControl] space=0x80000100 control=0x80000000 modify count=1
  [ctl 0] whole-space op: va=0xb0d00000 phys=0x160000000 size=4294967296 rwx=2 -> address-space control (flush/perm), no RAM map
[Syscall] L4_MapControl(sid=0x80000100, ctrl=0x80000000) via UTCB@0xdff00000 -> res=0x1
[L4_MapControl] space=0x80000100 control=0x80000000 modify count=1
  [ctl 0] whole-space op: va=0xb0d00000 phys=0x160000000 size=4294967296 rwx=2 -> address-space control (flush/perm), no RAM map
[Syscall] L4_MapControl(sid=0x80000100, ctrl=0x80000000) via UTCB@0xdff00000 -> res=0x1
[L4_MapControl] space=0x80000100 control=0x80000000 modify count=1
  [ctl 0] whole-space op: va=0xb0d00000 phys=0x160000000 size=4294967296 rwx=2 -> address-space control (flush/perm), no RAM map
[Syscall] L4_MapControl(sid=0x80000100, ctrl=0x80000000) via UTCB@0xdff00000 -> res=0x1
[L4_MapControl] space=0x80000100 control=0x80000000 modify count=1
  [ctl 0] whole-space op: va=0xb0d00000 phys=0x160000000 size=4294967296 rwx=2 -> address-space control (flush/perm), no RAM map
[Syscall] L4_MapControl(sid=0x80000100, ctrl=0x80000000) via UTCB@0xdff00000 -> res=0x1
[L4_MapControl] space=0x80000100 control=0x80000000 modify count=1
  [ctl 0] whole-space op: va=0xb0d00000 phys=0x160000000 size=4294967296 rwx=2 -> address-space control (flush/perm), no RAM map
[Syscall] L4_MapControl(sid=0x80000100, ctrl=0x80000000) via UTCB@0xdff00000 -> res=0x1
  [Cycle 1260] Core0(ARM11): pc=0xb000d6b8 insns=389954 (ok) | Core1(ARM9): pc=0xf0017890 insns=12610000 (ok)
[L4_MapControl] space=0x80000100 control=0x80000000 modify count=1
  [ctl 0] whole-space op: va=0xb0d00000 phys=0x160000000 size=4294967296 rwx=2 -> address-space control (flush/perm), no RAM map
[Syscall] L4_MapControl(sid=0x80000100, ctrl=0x80000000) via UTCB@0xdff00000 -> res=0x1
[L4_MapControl] space=0x80000100 control=0x80000000 modify count=1
  [ctl 0] whole-space op: va=0xb0d00000 phys=0x160000000 size=4294967296 rwx=2 -> address-space control (flush/perm), no RAM map
[Syscall] L4_MapControl(sid=0x80000100, ctrl=0x80000000) via UTCB@0xdff00000 -> res=0x1
[L4_MapControl] space=0x80000100 control=0x80000000 modify count=1
  [ctl 0] whole-space op: va=0xb0d00000 phys=0x160000000 size=4294967296 rwx=2 -> address-space control (flush/perm), no RAM map
[Syscall] L4_MapControl(sid=0x80000100, ctrl=0x80000000) via UTCB@0xdff00000 -> res=0x1
[L4_MapControl] space=0x80000100 control=0x80000000 modify count=1
  [ctl 0] whole-space op: va=0xb0d00000 phys=0x160000000 size=4294967296 rwx=2 -> address-space control (flush/perm), no RAM map
[Syscall] L4_MapControl(sid=0x80000100, ctrl=0x80000000) via UTCB@0xdff00000 -> res=0x1
[L4_MapControl] space=0x80000100 control=0x80000000 modify count=1
  [ctl 0] whole-space op: va=0xb0d00000 phys=0x160000000 size=4294967296 rwx=2 -> address-space control (flush/perm), no RAM map
[Syscall] L4_MapControl(sid=0x80000100, ctrl=0x80000000) via UTCB@0xdff00000 -> res=0x1
[L4_MapControl] space=0x80000100 control=0x80000000 modify count=1
  [ctl 0] whole-space op: va=0xb0d00000 phys=0x160000000 size=4294967296 rwx=2 -> address-space control (flush/perm), no RAM map
[Syscall] L4_MapControl(sid=0x80000100, ctrl=0x80000000) via UTCB@0xdff00000 -> res=0x1
[L4_MapControl] space=0x80000100 control=0x80000000 modify count=1
  [ctl 0] whole-space op: va=0xb0d00000 phys=0x160000000 size=4294967296 rwx=2 -> address-space control (flush/perm), no RAM map
[Syscall] L4_MapControl(sid=0x80000100, ctrl=0x80000000) via UTCB@0xdff00000 -> res=0x1
[L4_MapControl] space=0x80000100 control=0x80000000 modify count=1
  [ctl 0] whole-space op: va=0xb0d00000 phys=0x160000000 size=4294967296 rwx=2 -> address-space control (flush/perm), no RAM map
[Syscall] L4_MapControl(sid=0x80000100, ctrl=0x80000000) via UTCB@0xdff00000 -> res=0x1
[L4_MapControl] space=0x80000100 control=0x80000000 modify count=1
  [ctl 0] whole-space op: va=0xb0d00000 phys=0x160000000 size=4294967296 rwx=2 -> address-space control (flush/perm), no RAM map
[Syscall] L4_MapControl(sid=0x80000100, ctrl=0x80000000) via UTCB@0xdff00000 -> res=0x1
[L4_MapControl] space=0x80000100 control=0x80000000 modify count=1
  [ctl 0] whole-space op: va=0xb0d00000 phys=0x160000000 size=4294967296 rwx=2 -> address-space control (flush/perm), no RAM map
[Syscall] L4_MapControl(sid=0x80000100, ctrl=0x80000000) via UTCB@0xdff00000 -> res=0x1
  [Cycle 1270] Core0(ARM11): pc=0xb000d6b8 insns=391294 (ok) | Core1(ARM9): pc=0xf0017890 insns=12710000 (ok)
[L4_MapControl] space=0x80000100 control=0x80000000 modify count=1
  [ctl 0] whole-space op: va=0xb0d00000 phys=0x160000000 size=4294967296 rwx=2 -> address-space control (flush/perm), no RAM map
[Syscall] L4_MapControl(sid=0x80000100, ctrl=0x80000000) via UTCB@0xdff00000 -> res=0x1
[L4_MapControl] space=0x80000100 control=0x80000000 modify count=1
  [ctl 0] whole-space op: va=0xb0d00000 phys=0x160000000 size=4294967296 rwx=2 -> address-space control (flush/perm), no RAM map
[Syscall] L4_MapControl(sid=0x80000100, ctrl=0x80000000) via UTCB@0xdff00000 -> res=0x1
[L4_MapControl] space=0x80000100 control=0x80000000 modify count=1
  [ctl 0] whole-space op: va=0xb0d00000 phys=0x160000000 size=4294967296 rwx=2 -> address-space control (flush/perm), no RAM map
[Syscall] L4_MapControl(sid=0x80000100, ctrl=0x80000000) via UTCB@0xdff00000 -> res=0x1
[L4_MapControl] space=0x80000100 control=0x80000000 modify count=1
  [ctl 0] whole-space op: va=0xb0d00000 phys=0x160000000 size=4294967296 rwx=2 -> address-space control (flush/perm), no RAM map
[Syscall] L4_MapControl(sid=0x80000100, ctrl=0x80000000) via UTCB@0xdff00000 -> res=0x1
[L4_MapControl] space=0x80000100 control=0x80000000 modify count=1
  [ctl 0] whole-space op: va=0xb0d00000 phys=0x160000000 size=4294967296 rwx=2 -> address-space control (flush/perm), no RAM map
[Syscall] L4_MapControl(sid=0x80000100, ctrl=0x80000000) via UTCB@0xdff00000 -> res=0x1
[L4_MapControl] space=0x80000100 control=0x80000000 modify count=1
  [ctl 0] whole-space op: va=0xb0d00000 phys=0x160000000 size=4294967296 rwx=2 -> address-space control (flush/perm), no RAM map
[Syscall] L4_MapControl(sid=0x80000100, ctrl=0x80000000) via UTCB@0xdff00000 -> res=0x1
[L4_MapControl] space=0x80000100 control=0x80000000 modify count=1
  [ctl 0] whole-space op: va=0xb0d00000 phys=0x160000000 size=4294967296 rwx=2 -> address-space control (flush/perm), no RAM map
[Syscall] L4_MapControl(sid=0x80000100, ctrl=0x80000000) via UTCB@0xdff00000 -> res=0x1
[L4_MapControl] space=0x80000100 control=0x80000000 modify count=1
  [ctl 0] whole-space op: va=0xb0d00000 phys=0x160000000 size=4294967296 rwx=2 -> address-space control (flush/perm), no RAM map
[Syscall] L4_MapControl(sid=0x80000100, ctrl=0x80000000) via UTCB@0xdff00000 -> res=0x1
[L4_MapControl] space=0x80000100 control=0x80000000 modify count=1
  [ctl 0] whole-space op: va=0xb0d00000 phys=0x160000000 size=4294967296 rwx=2 -> address-space control (flush/perm), no RAM map
[Syscall] L4_MapControl(sid=0x80000100, ctrl=0x80000000) via UTCB@0xdff00000 -> res=0x1
[L4_MapControl] space=0x80000100 control=0x80000000 modify count=1
  [ctl 0] whole-space op: va=0xb0d00000 phys=0x160000000 size=4294967296 rwx=2 -> address-space control (flush/perm), no RAM map
[Syscall] L4_MapControl(sid=0x80000100, ctrl=0x80000000) via UTCB@0xdff00000 -> res=0x1
  [Cycle 1280] Core0(ARM11): pc=0xb000d6b8 insns=392634 (ok) | Core1(ARM9): pc=0xf0017890 insns=12810000 (ok)
[L4_MapControl] space=0x80000100 control=0x80000000 modify count=1
  [ctl 0] whole-space op: va=0xb0d00000 phys=0x160000000 size=4294967296 rwx=2 -> address-space control (flush/perm), no RAM map
[Syscall] L4_MapControl(sid=0x80000100, ctrl=0x80000000) via UTCB@0xdff00000 -> res=0x1
[L4_MapControl] space=0x80000100 control=0x80000000 modify count=1
  [ctl 0] whole-space op: va=0xb0d00000 phys=0x160000000 size=4294967296 rwx=2 -> address-space control (flush/perm), no RAM map
[Syscall] L4_MapControl(sid=0x80000100, ctrl=0x80000000) via UTCB@0xdff00000 -> res=0x1
[L4_MapControl] space=0x80000100 control=0x80000000 modify count=1
  [ctl 0] whole-space op: va=0xb0d00000 phys=0x160000000 size=4294967296 rwx=2 -> address-space control (flush/perm), no RAM map
[Syscall] L4_MapControl(sid=0x80000100, ctrl=0x80000000) via UTCB@0xdff00000 -> res=0x1
[L4_MapControl] space=0x80000100 control=0x80000000 modify count=1
  [ctl 0] whole-space op: va=0xb0d00000 phys=0x160000000 size=4294967296 rwx=2 -> address-space control (flush/perm), no RAM map
[Syscall] L4_MapControl(sid=0x80000100, ctrl=0x80000000) via UTCB@0xdff00000 -> res=0x1
[L4_MapControl] space=0x80000100 control=0x80000000 modify count=1
  [ctl 0] whole-space op: va=0xb0d00000 phys=0x160000000 size=4294967296 rwx=2 -> address-space control (flush/perm), no RAM map
[Syscall] L4_MapControl(sid=0x80000100, ctrl=0x80000000) via UTCB@0xdff00000 -> res=0x1
[L4_MapControl] space=0x80000100 control=0x80000000 modify count=1
  [ctl 0] whole-space op: va=0xb0d00000 phys=0x160000000 size=4294967296 rwx=2 -> address-space control (flush/perm), no RAM map
[Syscall] L4_MapControl(sid=0x80000100, ctrl=0x80000000) via UTCB@0xdff00000 -> res=0x1
[L4_MapControl] space=0x80000100 control=0x80000000 modify count=1
  [ctl 0] whole-space op: va=0xb0d00000 phys=0x160000000 size=4294967296 rwx=2 -> address-space control (flush/perm), no RAM map
[Syscall] L4_MapControl(sid=0x80000100, ctrl=0x80000000) via UTCB@0xdff00000 -> res=0x1
[L4_MapControl] space=0x80000100 control=0x80000000 modify count=1
  [ctl 0] whole-space op: va=0xb0d00000 phys=0x160000000 size=4294967296 rwx=2 -> address-space control (flush/perm), no RAM map
[Syscall] L4_MapControl(sid=0x80000100, ctrl=0x80000000) via UTCB@0xdff00000 -> res=0x1
[L4_MapControl] space=0x80000100 control=0x80000000 modify count=1
  [ctl 0] whole-space op: va=0xb0d00000 phys=0x160000000 size=4294967296 rwx=2 -> address-space control (flush/perm), no RAM map
[Syscall] L4_MapControl(sid=0x80000100, ctrl=0x80000000) via UTCB@0xdff00000 -> res=0x1
[L4_MapControl] space=0x80000100 control=0x80000000 modify count=1
  [ctl 0] whole-space op: va=0xb0d00000 phys=0x160000000 size=4294967296 rwx=2 -> address-space control (flush/perm), no RAM map
[Syscall] L4_MapControl(sid=0x80000100, ctrl=0x80000000) via UTCB@0xdff00000 -> res=0x1
  [Cycle 1290] Core0(ARM11): pc=0xb000d6b8 insns=393974 (ok) | Core1(ARM9): pc=0xf0017890 insns=12910000 (ok)
[L4_MapControl] space=0x80000100 control=0x80000000 modify count=1
  [ctl 0] whole-space op: va=0xb0d00000 phys=0x160000000 size=4294967296 rwx=2 -> address-space control (flush/perm), no RAM map
[Syscall] L4_MapControl(sid=0x80000100, ctrl=0x80000000) via UTCB@0xdff00000 -> res=0x1
[L4_MapControl] space=0x80000100 control=0x80000000 modify count=1
  [ctl 0] whole-space op: va=0xb0d00000 phys=0x160000000 size=4294967296 rwx=2 -> address-space control (flush/perm), no RAM map
[Syscall] L4_MapControl(sid=0x80000100, ctrl=0x80000000) via UTCB@0xdff00000 -> res=0x1
[L4_MapControl] space=0x80000100 control=0x80000000 modify count=1
  [ctl 0] whole-space op: va=0xb0d00000 phys=0x160000000 size=4294967296 rwx=2 -> address-space control (flush/perm), no RAM map
[Syscall] L4_MapControl(sid=0x80000100, ctrl=0x80000000) via UTCB@0xdff00000 -> res=0x1
[L4_MapControl] space=0x80000100 control=0x80000000 modify count=1
  [ctl 0] whole-space op: va=0xb0d00000 phys=0x160000000 size=4294967296 rwx=2 -> address-space control (flush/perm), no RAM map
[Syscall] L4_MapControl(sid=0x80000100, ctrl=0x80000000) via UTCB@0xdff00000 -> res=0x1
[L4_MapControl] space=0x80000100 control=0x80000000 modify count=1
  [ctl 0] whole-space op: va=0xb0d00000 phys=0x160000000 size=4294967296 rwx=2 -> address-space control (flush/perm), no RAM map
[Syscall] L4_MapControl(sid=0x80000100, ctrl=0x80000000) via UTCB@0xdff00000 -> res=0x1
[L4_MapControl] space=0x80000100 control=0x80000000 modify count=1
  [ctl 0] whole-space op: va=0xb0d00000 phys=0x160000000 size=4294967296 rwx=2 -> address-space control (flush/perm), no RAM map
[Syscall] L4_MapControl(sid=0x80000100, ctrl=0x80000000) via UTCB@0xdff00000 -> res=0x1
[L4_MapControl] space=0x80000100 control=0x80000000 modify count=1
  [ctl 0] whole-space op: va=0xb0d00000 phys=0x160000000 size=4294967296 rwx=2 -> address-space control (flush/perm), no RAM map
[Syscall] L4_MapControl(sid=0x80000100, ctrl=0x80000000) via UTCB@0xdff00000 -> res=0x1
[L4_MapControl] space=0x80000100 control=0x80000000 modify count=1
  [ctl 0] whole-space op: va=0xb0d00000 phys=0x160000000 size=4294967296 rwx=2 -> address-space control (flush/perm), no RAM map
[Syscall] L4_MapControl(sid=0x80000100, ctrl=0x80000000) via UTCB@0xdff00000 -> res=0x1
[L4_MapControl] space=0x80000100 control=0x80000000 modify count=1
  [ctl 0] whole-space op: va=0xb0d00000 phys=0x160000000 size=4294967296 rwx=2 -> address-space control (flush/perm), no RAM map
[Syscall] L4_MapControl(sid=0x80000100, ctrl=0x80000000) via UTCB@0xdff00000 -> res=0x1
[L4_MapControl] space=0x80000100 control=0x80000000 modify count=1
  [ctl 0] whole-space op: va=0xb0d00000 phys=0x160000000 size=4294967296 rwx=2 -> address-space control (flush/perm), no RAM map
[Syscall] L4_MapControl(sid=0x80000100, ctrl=0x80000000) via UTCB@0xdff00000 -> res=0x1
  [Cycle 1300] Core0(ARM11): pc=0xb000d6b8 insns=395314 (ok) | Core1(ARM9): pc=0xf0017890 insns=13010000 (ok)
[L4_MapControl] space=0x80000100 control=0x80000000 modify count=1
  [ctl 0] whole-space op: va=0xb0d00000 phys=0x160000000 size=4294967296 rwx=2 -> address-space control (flush/perm), no RAM map
[Syscall] L4_MapControl(sid=0x80000100, ctrl=0x80000000) via UTCB@0xdff00000 -> res=0x1
[L4_MapControl] space=0x80000100 control=0x80000000 modify count=1
  [ctl 0] whole-space op: va=0xb0d00000 phys=0x160000000 size=4294967296 rwx=2 -> address-space control (flush/perm), no RAM map
[Syscall] L4_MapControl(sid=0x80000100, ctrl=0x80000000) via UTCB@0xdff00000 -> res=0x1
[L4_MapControl] space=0x80000100 control=0x80000000 modify count=1
  [ctl 0] whole-space op: va=0xb0d00000 phys=0x160000000 size=4294967296 rwx=2 -> address-space control (flush/perm), no RAM map
[Syscall] L4_MapControl(sid=0x80000100, ctrl=0x80000000) via UTCB@0xdff00000 -> res=0x1
[L4_MapControl] space=0x80000100 control=0x80000000 modify count=1
  [ctl 0] whole-space op: va=0xb0d00000 phys=0x160000000 size=4294967296 rwx=2 -> address-space control (flush/perm), no RAM map
[Syscall] L4_MapControl(sid=0x80000100, ctrl=0x80000000) via UTCB@0xdff00000 -> res=0x1
[L4_MapControl] space=0x80000100 control=0x80000000 modify count=1
  [ctl 0] whole-space op: va=0xb0d00000 phys=0x160000000 size=4294967296 rwx=2 -> address-space control (flush/perm), no RAM map
[Syscall] L4_MapControl(sid=0x80000100, ctrl=0x80000000) via UTCB@0xdff00000 -> res=0x1
[L4_MapControl] space=0x80000100 control=0x80000000 modify count=1
  [ctl 0] whole-space op: va=0xb0d00000 phys=0x160000000 size=4294967296 rwx=2 -> address-space control (flush/perm), no RAM map
[Syscall] L4_MapControl(sid=0x80000100, ctrl=0x80000000) via UTCB@0xdff00000 -> res=0x1
[L4_MapControl] space=0x80000100 control=0x80000000 modify count=1
  [ctl 0] whole-space op: va=0xb0d00000 phys=0x160000000 size=4294967296 rwx=2 -> address-space control (flush/perm), no RAM map
[Syscall] L4_MapControl(sid=0x80000100, ctrl=0x80000000) via UTCB@0xdff00000 -> res=0x1
[L4_MapControl] space=0x80000100 control=0x80000000 modify count=1
  [ctl 0] whole-space op: va=0xb0d00000 phys=0x160000000 size=4294967296 rwx=2 -> address-space control (flush/perm), no RAM map
[Syscall] L4_MapControl(sid=0x80000100, ctrl=0x80000000) via UTCB@0xdff00000 -> res=0x1
[L4_MapControl] space=0x80000100 control=0x80000000 modify count=1
  [ctl 0] whole-space op: va=0xb0d00000 phys=0x160000000 size=4294967296 rwx=2 -> address-space control (flush/perm), no RAM map
[Syscall] L4_MapControl(sid=0x80000100, ctrl=0x80000000) via UTCB@0xdff00000 -> res=0x1
[L4_MapControl] space=0x80000100 control=0x80000000 modify count=1
  [ctl 0] whole-space op: va=0xb0d00000 phys=0x160000000 size=4294967296 rwx=2 -> address-space control (flush/perm), no RAM map
[Syscall] L4_MapControl(sid=0x80000100, ctrl=0x80000000) via UTCB@0xdff00000 -> res=0x1
  [Cycle 1310] Core0(ARM11): pc=0xb000d6b8 insns=396654 (ok) | Core1(ARM9): pc=0xf0017890 insns=13110000 (ok)
[L4_MapControl] space=0x80000100 control=0x80000000 modify count=1
  [ctl 0] whole-space op: va=0xb0d00000 phys=0x160000000 size=4294967296 rwx=2 -> address-space control (flush/perm), no RAM map
[Syscall] L4_MapControl(sid=0x80000100, ctrl=0x80000000) via UTCB@0xdff00000 -> res=0x1
[L4_MapControl] space=0x80000100 control=0x80000000 modify count=1
  [ctl 0] whole-space op: va=0xb0d00000 phys=0x160000000 size=4294967296 rwx=2 -> address-space control (flush/perm), no RAM map
[Syscall] L4_MapControl(sid=0x80000100, ctrl=0x80000000) via UTCB@0xdff00000 -> res=0x1
[L4_MapControl] space=0x80000100 control=0x80000000 modify count=1
  [ctl 0] whole-space op: va=0xb0d00000 phys=0x160000000 size=4294967296 rwx=2 -> address-space control (flush/perm), no RAM map
[Syscall] L4_MapControl(sid=0x80000100, ctrl=0x80000000) via UTCB@0xdff00000 -> res=0x1
[L4_MapControl] space=0x80000100 control=0x80000000 modify count=1
  [ctl 0] whole-space op: va=0xb0d00000 phys=0x160000000 size=4294967296 rwx=2 -> address-space control (flush/perm), no RAM map
[Syscall] L4_MapControl(sid=0x80000100, ctrl=0x80000000) via UTCB@0xdff00000 -> res=0x1
[L4_MapControl] space=0x80000100 control=0x80000000 modify count=1
  [ctl 0] whole-space op: va=0xb0d00000 phys=0x160000000 size=4294967296 rwx=2 -> address-space control (flush/perm), no RAM map
[Syscall] L4_MapControl(sid=0x80000100, ctrl=0x80000000) via UTCB@0xdff00000 -> res=0x1
[L4_MapControl] space=0x80000100 control=0x80000000 modify count=1
  [ctl 0] whole-space op: va=0xb0d00000 phys=0x160000000 size=4294967296 rwx=2 -> address-space control (flush/perm), no RAM map
[Syscall] L4_MapControl(sid=0x80000100, ctrl=0x80000000) via UTCB@0xdff00000 -> res=0x1
[L4_MapControl] space=0x80000100 control=0x80000000 modify count=1
  [ctl 0] whole-space op: va=0xb0d00000 phys=0x160000000 size=4294967296 rwx=2 -> address-space control (flush/perm), no RAM map
[Syscall] L4_MapControl(sid=0x80000100, ctrl=0x80000000) via UTCB@0xdff00000 -> res=0x1
[L4_MapControl] space=0x80000100 control=0x80000000 modify count=1
  [ctl 0] whole-space op: va=0xb0d00000 phys=0x160000000 size=4294967296 rwx=2 -> address-space control (flush/perm), no RAM map
[Syscall] L4_MapControl(sid=0x80000100, ctrl=0x80000000) via UTCB@0xdff00000 -> res=0x1
[L4_MapControl] space=0x80000100 control=0x80000000 modify count=1
  [ctl 0] whole-space op: va=0xb0d00000 phys=0x160000000 size=4294967296 rwx=2 -> address-space control (flush/perm), no RAM map
[Syscall] L4_MapControl(sid=0x80000100, ctrl=0x80000000) via UTCB@0xdff00000 -> res=0x1
[L4_MapControl] space=0x80000100 control=0x80000000 modify count=1
  [ctl 0] whole-space op: va=0xb0d00000 phys=0x160000000 size=4294967296 rwx=2 -> address-space control (flush/perm), no RAM map
[Syscall] L4_MapControl(sid=0x80000100, ctrl=0x80000000) via UTCB@0xdff00000 -> res=0x1
  [Cycle 1320] Core0(ARM11): pc=0xb000d6b8 insns=397994 (ok) | Core1(ARM9): pc=0xf0017890 insns=13210000 (ok)
[L4_MapControl] space=0x80000100 control=0x80000000 modify count=1
  [ctl 0] whole-space op: va=0xb0d00000 phys=0x160000000 size=4294967296 rwx=2 -> address-space control (flush/perm), no RAM map
[Syscall] L4_MapControl(sid=0x80000100, ctrl=0x80000000) via UTCB@0xdff00000 -> res=0x1
[L4_MapControl] space=0x80000100 control=0x80000000 modify count=1
  [ctl 0] whole-space op: va=0xb0d00000 phys=0x160000000 size=4294967296 rwx=2 -> address-space control (flush/perm), no RAM map
[Syscall] L4_MapControl(sid=0x80000100, ctrl=0x80000000) via UTCB@0xdff00000 -> res=0x1
[L4_MapControl] space=0x80000100 control=0x80000000 modify count=1
  [ctl 0] whole-space op: va=0xb0d00000 phys=0x160000000 size=4294967296 rwx=2 -> address-space control (flush/perm), no RAM map
[Syscall] L4_MapControl(sid=0x80000100, ctrl=0x80000000) via UTCB@0xdff00000 -> res=0x1
[L4_MapControl] space=0x80000100 control=0x80000000 modify count=1
  [ctl 0] whole-space op: va=0xb0d00000 phys=0x160000000 size=4294967296 rwx=2 -> address-space control (flush/perm), no RAM map
[Syscall] L4_MapControl(sid=0x80000100, ctrl=0x80000000) via UTCB@0xdff00000 -> res=0x1
[L4_MapControl] space=0x80000100 control=0x80000000 modify count=1
  [ctl 0] whole-space op: va=0xb0d00000 phys=0x160000000 size=4294967296 rwx=2 -> address-space control (flush/perm), no RAM map
[Syscall] L4_MapControl(sid=0x80000100, ctrl=0x80000000) via UTCB@0xdff00000 -> res=0x1
[L4_MapControl] space=0x80000100 control=0x80000000 modify count=1
  [ctl 0] whole-space op: va=0xb0d00000 phys=0x160000000 size=4294967296 rwx=2 -> address-space control (flush/perm), no RAM map
[Syscall] L4_MapControl(sid=0x80000100, ctrl=0x80000000) via UTCB@0xdff00000 -> res=0x1
[L4_MapControl] space=0x80000100 control=0x80000000 modify count=1
  [ctl 0] whole-space op: va=0xb0d00000 phys=0x160000000 size=4294967296 rwx=2 -> address-space control (flush/perm), no RAM map
[Syscall] L4_MapControl(sid=0x80000100, ctrl=0x80000000) via UTCB@0xdff00000 -> res=0x1
[L4_MapControl] space=0x80000100 control=0x80000000 modify count=1
  [ctl 0] whole-space op: va=0xb0d00000 phys=0x160000000 size=4294967296 rwx=2 -> address-space control (flush/perm), no RAM map
[Syscall] L4_MapControl(sid=0x80000100, ctrl=0x80000000) via UTCB@0xdff00000 -> res=0x1
[L4_MapControl] space=0x80000100 control=0x80000000 modify count=1
  [ctl 0] whole-space op: va=0xb0d00000 phys=0x160000000 size=4294967296 rwx=2 -> address-space control (flush/perm), no RAM map
[Syscall] L4_MapControl(sid=0x80000100, ctrl=0x80000000) via UTCB@0xdff00000 -> res=0x1
[L4_MapControl] space=0x80000100 control=0x80000000 modify count=1
  [ctl 0] whole-space op: va=0xb0d00000 phys=0x160000000 size=4294967296 rwx=2 -> address-space control (flush/perm), no RAM map
[Syscall] L4_MapControl(sid=0x80000100, ctrl=0x80000000) via UTCB@0xdff00000 -> res=0x1
  [Cycle 1330] Core0(ARM11): pc=0xb000d6b8 insns=399334 (ok) | Core1(ARM9): pc=0xf0017890 insns=13310000 (ok)
[L4_MapControl] space=0x80000100 control=0x80000000 modify count=1
  [ctl 0] whole-space op: va=0xb0d00000 phys=0x160000000 size=4294967296 rwx=2 -> address-space control (flush/perm), no RAM map
[Syscall] L4_MapControl(sid=0x80000100, ctrl=0x80000000) via UTCB@0xdff00000 -> res=0x1
[L4_MapControl] space=0x80000100 control=0x80000000 modify count=1
  [ctl 0] whole-space op: va=0xb0d00000 phys=0x160000000 size=4294967296 rwx=2 -> address-space control (flush/perm), no RAM map
[Syscall] L4_MapControl(sid=0x80000100, ctrl=0x80000000) via UTCB@0xdff00000 -> res=0x1
[L4_MapControl] space=0x80000100 control=0x80000000 modify count=1
  [ctl 0] whole-space op: va=0xb0d00000 phys=0x160000000 size=4294967296 rwx=2 -> address-space control (flush/perm), no RAM map
[Syscall] L4_MapControl(sid=0x80000100, ctrl=0x80000000) via UTCB@0xdff00000 -> res=0x1
[L4_MapControl] space=0x80000100 control=0x80000000 modify count=1
  [ctl 0] whole-space op: va=0xb0d00000 phys=0x160000000 size=4294967296 rwx=2 -> address-space control (flush/perm), no RAM map
[Syscall] L4_MapControl(sid=0x80000100, ctrl=0x80000000) via UTCB@0xdff00000 -> res=0x1
[L4_MapControl] space=0x80000100 control=0x80000000 modify count=1
  [ctl 0] whole-space op: va=0xb0d00000 phys=0x160000000 size=4294967296 rwx=2 -> address-space control (flush/perm), no RAM map
[Syscall] L4_MapControl(sid=0x80000100, ctrl=0x80000000) via UTCB@0xdff00000 -> res=0x1
[L4_MapControl] space=0x80000100 control=0x80000000 modify count=1
  [ctl 0] whole-space op: va=0xb0d00000 phys=0x160000000 size=4294967296 rwx=2 -> address-space control (flush/perm), no RAM map
[Syscall] L4_MapControl(sid=0x80000100, ctrl=0x80000000) via UTCB@0xdff00000 -> res=0x1
[L4_MapControl] space=0x80000100 control=0x80000000 modify count=1
  [ctl 0] whole-space op: va=0xb0d00000 phys=0x160000000 size=4294967296 rwx=2 -> address-space control (flush/perm), no RAM map
[Syscall] L4_MapControl(sid=0x80000100, ctrl=0x80000000) via UTCB@0xdff00000 -> res=0x1
[L4_MapControl] space=0x80000100 control=0x80000000 modify count=1
  [ctl 0] whole-space op: va=0xb0d00000 phys=0x160000000 size=4294967296 rwx=2 -> address-space control (flush/perm), no RAM map
[Syscall] L4_MapControl(sid=0x80000100, ctrl=0x80000000) via UTCB@0xdff00000 -> res=0x1
[L4_MapControl] space=0x80000100 control=0x80000000 modify count=1
  [ctl 0] whole-space op: va=0xb0d00000 phys=0x160000000 size=4294967296 rwx=2 -> address-space control (flush/perm), no RAM map
[Syscall] L4_MapControl(sid=0x80000100, ctrl=0x80000000) via UTCB@0xdff00000 -> res=0x1
[L4_MapControl] space=0x80000100 control=0x80000000 modify count=1
  [ctl 0] whole-space op: va=0xb0d00000 phys=0x160000000 size=4294967296 rwx=2 -> address-space control (flush/perm), no RAM map
[Syscall] L4_MapControl(sid=0x80000100, ctrl=0x80000000) via UTCB@0xdff00000 -> res=0x1
  [Cycle 1340] Core0(ARM11): pc=0xb000d6b8 insns=400674 (ok) | Core1(ARM9): pc=0xf0017890 insns=13410000 (ok)
[L4_MapControl] space=0x80000100 control=0x80000000 modify count=1
  [ctl 0] whole-space op: va=0xb0d00000 phys=0x160000000 size=4294967296 rwx=2 -> address-space control (flush/perm), no RAM map
[Syscall] L4_MapControl(sid=0x80000100, ctrl=0x80000000) via UTCB@0xdff00000 -> res=0x1
[L4_MapControl] space=0x80000100 control=0x80000000 modify count=1
  [ctl 0] whole-space op: va=0xb0d00000 phys=0x160000000 size=4294967296 rwx=2 -> address-space control (flush/perm), no RAM map
[Syscall] L4_MapControl(sid=0x80000100, ctrl=0x80000000) via UTCB@0xdff00000 -> res=0x1
[L4_MapControl] space=0x80000100 control=0x80000000 modify count=1
  [ctl 0] whole-space op: va=0xb0d00000 phys=0x160000000 size=4294967296 rwx=2 -> address-space control (flush/perm), no RAM map
[Syscall] L4_MapControl(sid=0x80000100, ctrl=0x80000000) via UTCB@0xdff00000 -> res=0x1
[L4_MapControl] space=0x80000100 control=0x80000000 modify count=1
  [ctl 0] whole-space op: va=0xb0d00000 phys=0x160000000 size=4294967296 rwx=2 -> address-space control (flush/perm), no RAM map
[Syscall] L4_MapControl(sid=0x80000100, ctrl=0x80000000) via UTCB@0xdff00000 -> res=0x1
[L4_MapControl] space=0x80000100 control=0x80000000 modify count=1
  [ctl 0] whole-space op: va=0xb0d00000 phys=0x160000000 size=4294967296 rwx=2 -> address-space control (flush/perm), no RAM map
[Syscall] L4_MapControl(sid=0x80000100, ctrl=0x80000000) via UTCB@0xdff00000 -> res=0x1
[L4_MapControl] space=0x80000100 control=0x80000000 modify count=1
  [ctl 0] whole-space op: va=0xb0d00000 phys=0x160000000 size=4294967296 rwx=2 -> address-space control (flush/perm), no RAM map
[Syscall] L4_MapControl(sid=0x80000100, ctrl=0x80000000) via UTCB@0xdff00000 -> res=0x1
[L4_MapControl] space=0x80000100 control=0x80000000 modify count=1
  [ctl 0] whole-space op: va=0xb0d00000 phys=0x160000000 size=4294967296 rwx=2 -> address-space control (flush/perm), no RAM map
[Syscall] L4_MapControl(sid=0x80000100, ctrl=0x80000000) via UTCB@0xdff00000 -> res=0x1
[L4_MapControl] space=0x80000100 control=0x80000000 modify count=1
  [ctl 0] whole-space op: va=0xb0d00000 phys=0x160000000 size=4294967296 rwx=2 -> address-space control (flush/perm), no RAM map
[Syscall] L4_MapControl(sid=0x80000100, ctrl=0x80000000) via UTCB@0xdff00000 -> res=0x1
[L4_MapControl] space=0x80000100 control=0x80000000 modify count=1
  [ctl 0] whole-space op: va=0xb0d00000 phys=0x160000000 size=4294967296 rwx=2 -> address-space control (flush/perm), no RAM map
[Syscall] L4_MapControl(sid=0x80000100, ctrl=0x80000000) via UTCB@0xdff00000 -> res=0x1
[L4_MapControl] space=0x80000100 control=0x80000000 modify count=1
  [ctl 0] whole-space op: va=0xb0d00000 phys=0x160000000 size=4294967296 rwx=2 -> address-space control (flush/perm), no RAM map
[Syscall] L4_MapControl(sid=0x80000100, ctrl=0x80000000) via UTCB@0xdff00000 -> res=0x1
  [Cycle 1350] Core0(ARM11): pc=0xb000d6b8 insns=402014 (ok) | Core1(ARM9): pc=0xf0017890 insns=13510000 (ok)
[L4_MapControl] space=0x80000100 control=0x80000000 modify count=1
  [ctl 0] whole-space op: va=0xb0d00000 phys=0x160000000 size=4294967296 rwx=2 -> address-space control (flush/perm), no RAM map
[Syscall] L4_MapControl(sid=0x80000100, ctrl=0x80000000) via UTCB@0xdff00000 -> res=0x1
[L4_MapControl] space=0x80000100 control=0x80000000 modify count=1
  [ctl 0] whole-space op: va=0xb0d00000 phys=0x160000000 size=4294967296 rwx=2 -> address-space control (flush/perm), no RAM map
[Syscall] L4_MapControl(sid=0x80000100, ctrl=0x80000000) via UTCB@0xdff00000 -> res=0x1
[L4_MapControl] space=0x80000100 control=0x80000000 modify count=1
  [ctl 0] whole-space op: va=0xb0d00000 phys=0x160000000 size=4294967296 rwx=2 -> address-space control (flush/perm), no RAM map
[Syscall] L4_MapControl(sid=0x80000100, ctrl=0x80000000) via UTCB@0xdff00000 -> res=0x1
[L4_MapControl] space=0x80000100 control=0x80000000 modify count=1
  [ctl 0] whole-space op: va=0xb0d00000 phys=0x160000000 size=4294967296 rwx=2 -> address-space control (flush/perm), no RAM map
[Syscall] L4_MapControl(sid=0x80000100, ctrl=0x80000000) via UTCB@0xdff00000 -> res=0x1
[L4_MapControl] space=0x80000100 control=0x80000000 modify count=1
  [ctl 0] whole-space op: va=0xb0d00000 phys=0x160000000 size=4294967296 rwx=2 -> address-space control (flush/perm), no RAM map
[Syscall] L4_MapControl(sid=0x80000100, ctrl=0x80000000) via UTCB@0xdff00000 -> res=0x1
[L4_MapControl] space=0x80000100 control=0x80000000 modify count=1
  [ctl 0] whole-space op: va=0xb0d00000 phys=0x160000000 size=4294967296 rwx=2 -> address-space control (flush/perm), no RAM map
[Syscall] L4_MapControl(sid=0x80000100, ctrl=0x80000000) via UTCB@0xdff00000 -> res=0x1
[L4_MapControl] space=0x80000100 control=0x80000000 modify count=1
  [ctl 0] whole-space op: va=0xb0d00000 phys=0x160000000 size=4294967296 rwx=2 -> address-space control (flush/perm), no RAM map
[Syscall] L4_MapControl(sid=0x80000100, ctrl=0x80000000) via UTCB@0xdff00000 -> res=0x1
[L4_MapControl] space=0x80000100 control=0x80000000 modify count=1
  [ctl 0] whole-space op: va=0xb0d00000 phys=0x160000000 size=4294967296 rwx=2 -> address-space control (flush/perm), no RAM map
[Syscall] L4_MapControl(sid=0x80000100, ctrl=0x80000000) via UTCB@0xdff00000 -> res=0x1
[L4_MapControl] space=0x80000100 control=0x80000000 modify count=1
  [ctl 0] whole-space op: va=0xb0d00000 phys=0x160000000 size=4294967296 rwx=2 -> address-space control (flush/perm), no RAM map
[Syscall] L4_MapControl(sid=0x80000100, ctrl=0x80000000) via UTCB@0xdff00000 -> res=0x1
[L4_MapControl] space=0x80000100 control=0x80000000 modify count=1
  [ctl 0] whole-space op: va=0xb0d00000 phys=0x160000000 size=4294967296 rwx=2 -> address-space control (flush/perm), no RAM map
[Syscall] L4_MapControl(sid=0x80000100, ctrl=0x80000000) via UTCB@0xdff00000 -> res=0x1
  [Cycle 1360] Core0(ARM11): pc=0xb000d6b8 insns=403354 (ok) | Core1(ARM9): pc=0xf0017890 insns=13610000 (ok)
[L4_MapControl] space=0x80000100 control=0x80000000 modify count=1
  [ctl 0] whole-space op: va=0xb0d00000 phys=0x160000000 size=4294967296 rwx=2 -> address-space control (flush/perm), no RAM map
[Syscall] L4_MapControl(sid=0x80000100, ctrl=0x80000000) via UTCB@0xdff00000 -> res=0x1
[L4_MapControl] space=0x80000100 control=0x80000000 modify count=1
  [ctl 0] whole-space op: va=0xb0d00000 phys=0x160000000 size=4294967296 rwx=2 -> address-space control (flush/perm), no RAM map
[Syscall] L4_MapControl(sid=0x80000100, ctrl=0x80000000) via UTCB@0xdff00000 -> res=0x1
[L4_MapControl] space=0x80000100 control=0x80000000 modify count=1
  [ctl 0] whole-space op: va=0xb0d00000 phys=0x160000000 size=4294967296 rwx=2 -> address-space control (flush/perm), no RAM map
[Syscall] L4_MapControl(sid=0x80000100, ctrl=0x80000000) via UTCB@0xdff00000 -> res=0x1
[L4_MapControl] space=0x80000100 control=0x80000000 modify count=1
  [ctl 0] whole-space op: va=0xb0d00000 phys=0x160000000 size=4294967296 rwx=2 -> address-space control (flush/perm), no RAM map
[Syscall] L4_MapControl(sid=0x80000100, ctrl=0x80000000) via UTCB@0xdff00000 -> res=0x1
[L4_MapControl] space=0x80000100 control=0x80000000 modify count=1
  [ctl 0] whole-space op: va=0xb0d00000 phys=0x160000000 size=4294967296 rwx=2 -> address-space control (flush/perm), no RAM map
[Syscall] L4_MapControl(sid=0x80000100, ctrl=0x80000000) via UTCB@0xdff00000 -> res=0x1
[L4_MapControl] space=0x80000100 control=0x80000000 modify count=1
  [ctl 0] whole-space op: va=0xb0d00000 phys=0x160000000 size=4294967296 rwx=2 -> address-space control (flush/perm), no RAM map
[Syscall] L4_MapControl(sid=0x80000100, ctrl=0x80000000) via UTCB@0xdff00000 -> res=0x1
[L4_MapControl] space=0x80000100 control=0x80000000 modify count=1
  [ctl 0] whole-space op: va=0xb0d00000 phys=0x160000000 size=4294967296 rwx=2 -> address-space control (flush/perm), no RAM map
[Syscall] L4_MapControl(sid=0x80000100, ctrl=0x80000000) via UTCB@0xdff00000 -> res=0x1
[L4_MapControl] space=0x80000100 control=0x80000000 modify count=1
  [ctl 0] whole-space op: va=0xb0d00000 phys=0x160000000 size=4294967296 rwx=2 -> address-space control (flush/perm), no RAM map
[Syscall] L4_MapControl(sid=0x80000100, ctrl=0x80000000) via UTCB@0xdff00000 -> res=0x1
[L4_MapControl] space=0x80000100 control=0x80000000 modify count=1
  [ctl 0] whole-space op: va=0xb0d00000 phys=0x160000000 size=4294967296 rwx=2 -> address-space control (flush/perm), no RAM map
[Syscall] L4_MapControl(sid=0x80000100, ctrl=0x80000000) via UTCB@0xdff00000 -> res=0x1
[L4_MapControl] space=0x80000100 control=0x80000000 modify count=1
  [ctl 0] whole-space op: va=0xb0d00000 phys=0x160000000 size=4294967296 rwx=2 -> address-space control (flush/perm), no RAM map
[Syscall] L4_MapControl(sid=0x80000100, ctrl=0x80000000) via UTCB@0xdff00000 -> res=0x1
  [Cycle 1370] Core0(ARM11): pc=0xb000d6b8 insns=404694 (ok) | Core1(ARM9): pc=0xf0017890 insns=13710000 (ok)
[L4_MapControl] space=0x80000100 control=0x80000000 modify count=1
  [ctl 0] whole-space op: va=0xb0d00000 phys=0x160000000 size=4294967296 rwx=2 -> address-space control (flush/perm), no RAM map
[Syscall] L4_MapControl(sid=0x80000100, ctrl=0x80000000) via UTCB@0xdff00000 -> res=0x1
[L4_MapControl] space=0x80000100 control=0x80000000 modify count=1
  [ctl 0] whole-space op: va=0xb0d00000 phys=0x160000000 size=4294967296 rwx=2 -> address-space control (flush/perm), no RAM map
[Syscall] L4_MapControl(sid=0x80000100, ctrl=0x80000000) via UTCB@0xdff00000 -> res=0x1
[L4_MapControl] space=0x80000100 control=0x80000000 modify count=1
  [ctl 0] whole-space op: va=0xb0d00000 phys=0x160000000 size=4294967296 rwx=2 -> address-space control (flush/perm), no RAM map
[Syscall] L4_MapControl(sid=0x80000100, ctrl=0x80000000) via UTCB@0xdff00000 -> res=0x1
[L4_MapControl] space=0x80000100 control=0x80000000 modify count=1
  [ctl 0] whole-space op: va=0xb0d00000 phys=0x160000000 size=4294967296 rwx=2 -> address-space control (flush/perm), no RAM map
[Syscall] L4_MapControl(sid=0x80000100, ctrl=0x80000000) via UTCB@0xdff00000 -> res=0x1
[L4_MapControl] space=0x80000100 control=0x80000000 modify count=1
  [ctl 0] whole-space op: va=0xb0d00000 phys=0x160000000 size=4294967296 rwx=2 -> address-space control (flush/perm), no RAM map
[Syscall] L4_MapControl(sid=0x80000100, ctrl=0x80000000) via UTCB@0xdff00000 -> res=0x1
[L4_MapControl] space=0x80000100 control=0x80000000 modify count=1
  [ctl 0] whole-space op: va=0xb0d00000 phys=0x160000000 size=4294967296 rwx=2 -> address-space control (flush/perm), no RAM map
[Syscall] L4_MapControl(sid=0x80000100, ctrl=0x80000000) via UTCB@0xdff00000 -> res=0x1
[L4_MapControl] space=0x80000100 control=0x80000000 modify count=1
  [ctl 0] whole-space op: va=0xb0d00000 phys=0x160000000 size=4294967296 rwx=2 -> address-space control (flush/perm), no RAM map
[Syscall] L4_MapControl(sid=0x80000100, ctrl=0x80000000) via UTCB@0xdff00000 -> res=0x1
[L4_MapControl] space=0x80000100 control=0x80000000 modify count=1
  [ctl 0] whole-space op: va=0xb0d00000 phys=0x160000000 size=4294967296 rwx=2 -> address-space control (flush/perm), no RAM map
[Syscall] L4_MapControl(sid=0x80000100, ctrl=0x80000000) via UTCB@0xdff00000 -> res=0x1
[L4_MapControl] space=0x80000100 control=0x80000000 modify count=1
  [ctl 0] whole-space op: va=0xb0d00000 phys=0x160000000 size=4294967296 rwx=2 -> address-space control (flush/perm), no RAM map
[Syscall] L4_MapControl(sid=0x80000100, ctrl=0x80000000) via UTCB@0xdff00000 -> res=0x1
[L4_MapControl] space=0x80000100 control=0x80000000 modify count=1
  [ctl 0] whole-space op: va=0xb0d00000 phys=0x160000000 size=4294967296 rwx=2 -> address-space control (flush/perm), no RAM map
[Syscall] L4_MapControl(sid=0x80000100, ctrl=0x80000000) via UTCB@0xdff00000 -> res=0x1
  [Cycle 1380] Core0(ARM11): pc=0xb000d6b8 insns=406034 (ok) | Core1(ARM9): pc=0xf0017890 insns=13810000 (ok)
[L4_MapControl] space=0x80000100 control=0x80000000 modify count=1
  [ctl 0] whole-space op: va=0xb0d00000 phys=0x160000000 size=4294967296 rwx=2 -> address-space control (flush/perm), no RAM map
[Syscall] L4_MapControl(sid=0x80000100, ctrl=0x80000000) via UTCB@0xdff00000 -> res=0x1
[L4_MapControl] space=0x80000100 control=0x80000000 modify count=1
  [ctl 0] whole-space op: va=0xb0d00000 phys=0x160000000 size=4294967296 rwx=2 -> address-space control (flush/perm), no RAM map
[Syscall] L4_MapControl(sid=0x80000100, ctrl=0x80000000) via UTCB@0xdff00000 -> res=0x1
[L4_MapControl] space=0x80000100 control=0x80000000 modify count=1
  [ctl 0] whole-space op: va=0xb0d00000 phys=0x160000000 size=4294967296 rwx=2 -> address-space control (flush/perm), no RAM map
[Syscall] L4_MapControl(sid=0x80000100, ctrl=0x80000000) via UTCB@0xdff00000 -> res=0x1
[L4_MapControl] space=0x80000100 control=0x80000000 modify count=1
  [ctl 0] whole-space op: va=0xb0d00000 phys=0x160000000 size=4294967296 rwx=2 -> address-space control (flush/perm), no RAM map
[Syscall] L4_MapControl(sid=0x80000100, ctrl=0x80000000) via UTCB@0xdff00000 -> res=0x1
[L4_MapControl] space=0x80000100 control=0x80000000 modify count=1
  [ctl 0] whole-space op: va=0xb0d00000 phys=0x160000000 size=4294967296 rwx=2 -> address-space control (flush/perm), no RAM map
[Syscall] L4_MapControl(sid=0x80000100, ctrl=0x80000000) via UTCB@0xdff00000 -> res=0x1
[L4_MapControl] space=0x80000100 control=0x80000000 modify count=1
  [ctl 0] whole-space op: va=0xb0d00000 phys=0x160000000 size=4294967296 rwx=2 -> address-space control (flush/perm), no RAM map
[Syscall] L4_MapControl(sid=0x80000100, ctrl=0x80000000) via UTCB@0xdff00000 -> res=0x1
[L4_MapControl] space=0x80000100 control=0x80000000 modify count=1
  [ctl 0] whole-space op: va=0xb0d00000 phys=0x160000000 size=4294967296 rwx=2 -> address-space control (flush/perm), no RAM map
[Syscall] L4_MapControl(sid=0x80000100, ctrl=0x80000000) via UTCB@0xdff00000 -> res=0x1
[L4_MapControl] space=0x80000100 control=0x80000000 modify count=1
  [ctl 0] whole-space op: va=0xb0d00000 phys=0x160000000 size=4294967296 rwx=2 -> address-space control (flush/perm), no RAM map
[Syscall] L4_MapControl(sid=0x80000100, ctrl=0x80000000) via UTCB@0xdff00000 -> res=0x1
[L4_MapControl] space=0x80000100 control=0x80000000 modify count=1
  [ctl 0] whole-space op: va=0xb0d00000 phys=0x160000000 size=4294967296 rwx=2 -> address-space control (flush/perm), no RAM map
[Syscall] L4_MapControl(sid=0x80000100, ctrl=0x80000000) via UTCB@0xdff00000 -> res=0x1
[L4_MapControl] space=0x80000100 control=0x80000000 modify count=1
  [ctl 0] whole-space op: va=0xb0d00000 phys=0x160000000 size=4294967296 rwx=2 -> address-space control (flush/perm), no RAM map
[Syscall] L4_MapControl(sid=0x80000100, ctrl=0x80000000) via UTCB@0xdff00000 -> res=0x1
  [Cycle 1390] Core0(ARM11): pc=0xb000d6b8 insns=407374 (ok) | Core1(ARM9): pc=0xf0017890 insns=13910000 (ok)
[L4_MapControl] space=0x80000100 control=0x80000000 modify count=1
  [ctl 0] whole-space op: va=0xb0d00000 phys=0x160000000 size=4294967296 rwx=2 -> address-space control (flush/perm), no RAM map
[Syscall] L4_MapControl(sid=0x80000100, ctrl=0x80000000) via UTCB@0xdff00000 -> res=0x1
[L4_MapControl] space=0x80000100 control=0x80000000 modify count=1
  [ctl 0] whole-space op: va=0xb0d00000 phys=0x160000000 size=4294967296 rwx=2 -> address-space control (flush/perm), no RAM map
[Syscall] L4_MapControl(sid=0x80000100, ctrl=0x80000000) via UTCB@0xdff00000 -> res=0x1
[L4_MapControl] space=0x80000100 control=0x80000000 modify count=1
  [ctl 0] whole-space op: va=0xb0d00000 phys=0x160000000 size=4294967296 rwx=2 -> address-space control (flush/perm), no RAM map
[Syscall] L4_MapControl(sid=0x80000100, ctrl=0x80000000) via UTCB@0xdff00000 -> res=0x1
[L4_MapControl] space=0x80000100 control=0x80000000 modify count=1
  [ctl 0] whole-space op: va=0xb0d00000 phys=0x160000000 size=4294967296 rwx=2 -> address-space control (flush/perm), no RAM map
[Syscall] L4_MapControl(sid=0x80000100, ctrl=0x80000000) via UTCB@0xdff00000 -> res=0x1
[L4_MapControl] space=0x80000100 control=0x80000000 modify count=1
  [ctl 0] whole-space op: va=0xb0d00000 phys=0x160000000 size=4294967296 rwx=2 -> address-space control (flush/perm), no RAM map
[Syscall] L4_MapControl(sid=0x80000100, ctrl=0x80000000) via UTCB@0xdff00000 -> res=0x1
[L4_MapControl] space=0x80000100 control=0x80000000 modify count=1
  [ctl 0] whole-space op: va=0xb0d00000 phys=0x160000000 size=4294967296 rwx=2 -> address-space control (flush/perm), no RAM map
[Syscall] L4_MapControl(sid=0x80000100, ctrl=0x80000000) via UTCB@0xdff00000 -> res=0x1
[L4_MapControl] space=0x80000100 control=0x80000000 modify count=1
  [ctl 0] whole-space op: va=0xb0d00000 phys=0x160000000 size=4294967296 rwx=2 -> address-space control (flush/perm), no RAM map
[Syscall] L4_MapControl(sid=0x80000100, ctrl=0x80000000) via UTCB@0xdff00000 -> res=0x1
[L4_MapControl] space=0x80000100 control=0x80000000 modify count=1
  [ctl 0] whole-space op: va=0xb0d00000 phys=0x160000000 size=4294967296 rwx=2 -> address-space control (flush/perm), no RAM map
[Syscall] L4_MapControl(sid=0x80000100, ctrl=0x80000000) via UTCB@0xdff00000 -> res=0x1
[L4_MapControl] space=0x80000100 control=0x80000000 modify count=1
  [ctl 0] whole-space op: va=0xb0d00000 phys=0x160000000 size=4294967296 rwx=2 -> address-space control (flush/perm), no RAM map
[Syscall] L4_MapControl(sid=0x80000100, ctrl=0x80000000) via UTCB@0xdff00000 -> res=0x1
[L4_MapControl] space=0x80000100 control=0x80000000 modify count=1
  [ctl 0] whole-space op: va=0xb0d00000 phys=0x160000000 size=4294967296 rwx=2 -> address-space control (flush/perm), no RAM map
[Syscall] L4_MapControl(sid=0x80000100, ctrl=0x80000000) via UTCB@0xdff00000 -> res=0x1
  [Cycle 1400] Core0(ARM11): pc=0xb000d6b8 insns=408714 (ok) | Core1(ARM9): pc=0xf0017890 insns=14010000 (ok)
[L4_MapControl] space=0x80000100 control=0x80000000 modify count=1
  [ctl 0] whole-space op: va=0xb0d00000 phys=0x160000000 size=4294967296 rwx=2 -> address-space control (flush/perm), no RAM map
[Syscall] L4_MapControl(sid=0x80000100, ctrl=0x80000000) via UTCB@0xdff00000 -> res=0x1
[L4_MapControl] space=0x80000100 control=0x80000000 modify count=1
  [ctl 0] whole-space op: va=0xb0d00000 phys=0x160000000 size=4294967296 rwx=2 -> address-space control (flush/perm), no RAM map
[Syscall] L4_MapControl(sid=0x80000100, ctrl=0x80000000) via UTCB@0xdff00000 -> res=0x1
[L4_MapControl] space=0x80000100 control=0x80000000 modify count=1
  [ctl 0] whole-space op: va=0xb0d00000 phys=0x160000000 size=4294967296 rwx=2 -> address-space control (flush/perm), no RAM map
[Syscall] L4_MapControl(sid=0x80000100, ctrl=0x80000000) via UTCB@0xdff00000 -> res=0x1
[L4_MapControl] space=0x80000100 control=0x80000000 modify count=1
  [ctl 0] whole-space op: va=0xb0d00000 phys=0x160000000 size=4294967296 rwx=2 -> address-space control (flush/perm), no RAM map
[Syscall] L4_MapControl(sid=0x80000100, ctrl=0x80000000) via UTCB@0xdff00000 -> res=0x1
[L4_MapControl] space=0x80000100 control=0x80000000 modify count=1
  [ctl 0] whole-space op: va=0xb0d00000 phys=0x160000000 size=4294967296 rwx=2 -> address-space control (flush/perm), no RAM map
[Syscall] L4_MapControl(sid=0x80000100, ctrl=0x80000000) via UTCB@0xdff00000 -> res=0x1
[L4_MapControl] space=0x80000100 control=0x80000000 modify count=1
  [ctl 0] whole-space op: va=0xb0d00000 phys=0x160000000 size=4294967296 rwx=2 -> address-space control (flush/perm), no RAM map
[Syscall] L4_MapControl(sid=0x80000100, ctrl=0x80000000) via UTCB@0xdff00000 -> res=0x1
[L4_MapControl] space=0x80000100 control=0x80000000 modify count=1
  [ctl 0] whole-space op: va=0xb0d00000 phys=0x160000000 size=4294967296 rwx=2 -> address-space control (flush/perm), no RAM map
[Syscall] L4_MapControl(sid=0x80000100, ctrl=0x80000000) via UTCB@0xdff00000 -> res=0x1
[L4_MapControl] space=0x80000100 control=0x80000000 modify count=1
  [ctl 0] whole-space op: va=0xb0d00000 phys=0x160000000 size=4294967296 rwx=2 -> address-space control (flush/perm), no RAM map
[Syscall] L4_MapControl(sid=0x80000100, ctrl=0x80000000) via UTCB@0xdff00000 -> res=0x1
[L4_MapControl] space=0x80000100 control=0x80000000 modify count=1
  [ctl 0] whole-space op: va=0xb0d00000 phys=0x160000000 size=4294967296 rwx=2 -> address-space control (flush/perm), no RAM map
[Syscall] L4_MapControl(sid=0x80000100, ctrl=0x80000000) via UTCB@0xdff00000 -> res=0x1
[L4_MapControl] space=0x80000100 control=0x80000000 modify count=1
  [ctl 0] whole-space op: va=0xb0d00000 phys=0x160000000 size=4294967296 rwx=2 -> address-space control (flush/perm), no RAM map
[Syscall] L4_MapControl(sid=0x80000100, ctrl=0x80000000) via UTCB@0xdff00000 -> res=0x1
  [Cycle 1410] Core0(ARM11): pc=0xb000d6b8 insns=410054 (ok) | Core1(ARM9): pc=0xf0017890 insns=14110000 (ok)
[L4_MapControl] space=0x80000100 control=0x80000000 modify count=1
  [ctl 0] whole-space op: va=0xb0d00000 phys=0x160000000 size=4294967296 rwx=2 -> address-space control (flush/perm), no RAM map
[Syscall] L4_MapControl(sid=0x80000100, ctrl=0x80000000) via UTCB@0xdff00000 -> res=0x1
[L4_MapControl] space=0x80000100 control=0x80000000 modify count=1
  [ctl 0] whole-space op: va=0xb0d00000 phys=0x160000000 size=4294967296 rwx=2 -> address-space control (flush/perm), no RAM map
[Syscall] L4_MapControl(sid=0x80000100, ctrl=0x80000000) via UTCB@0xdff00000 -> res=0x1
[L4_MapControl] space=0x80000100 control=0x80000000 modify count=1
  [ctl 0] whole-space op: va=0xb0d00000 phys=0x160000000 size=4294967296 rwx=2 -> address-space control (flush/perm), no RAM map
[Syscall] L4_MapControl(sid=0x80000100, ctrl=0x80000000) via UTCB@0xdff00000 -> res=0x1
[L4_MapControl] space=0x80000100 control=0x80000000 modify count=1
  [ctl 0] whole-space op: va=0xb0d00000 phys=0x160000000 size=4294967296 rwx=2 -> address-space control (flush/perm), no RAM map
[Syscall] L4_MapControl(sid=0x80000100, ctrl=0x80000000) via UTCB@0xdff00000 -> res=0x1
[L4_MapControl] space=0x80000100 control=0x80000000 modify count=1
  [ctl 0] whole-space op: va=0xb0d00000 phys=0x160000000 size=4294967296 rwx=2 -> address-space control (flush/perm), no RAM map
[Syscall] L4_MapControl(sid=0x80000100, ctrl=0x80000000) via UTCB@0xdff00000 -> res=0x1
[L4_MapControl] space=0x80000100 control=0x80000000 modify count=1
  [ctl 0] whole-space op: va=0xb0d00000 phys=0x160000000 size=4294967296 rwx=2 -> address-space control (flush/perm), no RAM map
[Syscall] L4_MapControl(sid=0x80000100, ctrl=0x80000000) via UTCB@0xdff00000 -> res=0x1
[L4_MapControl] space=0x80000100 control=0x80000000 modify count=1
  [ctl 0] whole-space op: va=0xb0d00000 phys=0x160000000 size=4294967296 rwx=2 -> address-space control (flush/perm), no RAM map
[Syscall] L4_MapControl(sid=0x80000100, ctrl=0x80000000) via UTCB@0xdff00000 -> res=0x1
[L4_MapControl] space=0x80000100 control=0x80000000 modify count=1
  [ctl 0] whole-space op: va=0xb0d00000 phys=0x160000000 size=4294967296 rwx=2 -> address-space control (flush/perm), no RAM map
[Syscall] L4_MapControl(sid=0x80000100, ctrl=0x80000000) via UTCB@0xdff00000 -> res=0x1
[L4_MapControl] space=0x80000100 control=0x80000000 modify count=1
  [ctl 0] whole-space op: va=0xb0d00000 phys=0x160000000 size=4294967296 rwx=2 -> address-space control (flush/perm), no RAM map
[Syscall] L4_MapControl(sid=0x80000100, ctrl=0x80000000) via UTCB@0xdff00000 -> res=0x1
[L4_MapControl] space=0x80000100 control=0x80000000 modify count=1
  [ctl 0] whole-space op: va=0xb0d00000 phys=0x160000000 size=4294967296 rwx=2 -> address-space control (flush/perm), no RAM map
[Syscall] L4_MapControl(sid=0x80000100, ctrl=0x80000000) via UTCB@0xdff00000 -> res=0x1
  [Cycle 1420] Core0(ARM11): pc=0xb000d6b8 insns=411394 (ok) | Core1(ARM9): pc=0xf0017890 insns=14210000 (ok)
[L4_MapControl] space=0x80000100 control=0x80000000 modify count=1
  [ctl 0] whole-space op: va=0xb0d00000 phys=0x160000000 size=4294967296 rwx=2 -> address-space control (flush/perm), no RAM map
[Syscall] L4_MapControl(sid=0x80000100, ctrl=0x80000000) via UTCB@0xdff00000 -> res=0x1
[L4_MapControl] space=0x80000100 control=0x80000000 modify count=1
  [ctl 0] whole-space op: va=0xb0d00000 phys=0x160000000 size=4294967296 rwx=2 -> address-space control (flush/perm), no RAM map
[Syscall] L4_MapControl(sid=0x80000100, ctrl=0x80000000) via UTCB@0xdff00000 -> res=0x1
[L4_MapControl] space=0x80000100 control=0x80000000 modify count=1
  [ctl 0] whole-space op: va=0xb0d00000 phys=0x160000000 size=4294967296 rwx=2 -> address-space control (flush/perm), no RAM map
[Syscall] L4_MapControl(sid=0x80000100, ctrl=0x80000000) via UTCB@0xdff00000 -> res=0x1
[L4_MapControl] space=0x80000100 control=0x80000000 modify count=1
  [ctl 0] whole-space op: va=0xb0d00000 phys=0x160000000 size=4294967296 rwx=2 -> address-space control (flush/perm), no RAM map
[Syscall] L4_MapControl(sid=0x80000100, ctrl=0x80000000) via UTCB@0xdff00000 -> res=0x1
[L4_MapControl] space=0x80000100 control=0x80000000 modify count=1
  [ctl 0] whole-space op: va=0xb0d00000 phys=0x160000000 size=4294967296 rwx=2 -> address-space control (flush/perm), no RAM map
[Syscall] L4_MapControl(sid=0x80000100, ctrl=0x80000000) via UTCB@0xdff00000 -> res=0x1
[L4_MapControl] space=0x80000100 control=0x80000000 modify count=1
  [ctl 0] whole-space op: va=0xb0d00000 phys=0x160000000 size=4294967296 rwx=2 -> address-space control (flush/perm), no RAM map
[Syscall] L4_MapControl(sid=0x80000100, ctrl=0x80000000) via UTCB@0xdff00000 -> res=0x1
[L4_MapControl] space=0x80000100 control=0x80000000 modify count=1
  [ctl 0] whole-space op: va=0xb0d00000 phys=0x160000000 size=4294967296 rwx=2 -> address-space control (flush/perm), no RAM map
[Syscall] L4_MapControl(sid=0x80000100, ctrl=0x80000000) via UTCB@0xdff00000 -> res=0x1
[L4_MapControl] space=0x80000100 control=0x80000000 modify count=1
  [ctl 0] whole-space op: va=0xb0d00000 phys=0x160000000 size=4294967296 rwx=2 -> address-space control (flush/perm), no RAM map
[Syscall] L4_MapControl(sid=0x80000100, ctrl=0x80000000) via UTCB@0xdff00000 -> res=0x1
[L4_MapControl] space=0x80000100 control=0x80000000 modify count=1
  [ctl 0] whole-space op: va=0xb0d00000 phys=0x160000000 size=4294967296 rwx=2 -> address-space control (flush/perm), no RAM map
[Syscall] L4_MapControl(sid=0x80000100, ctrl=0x80000000) via UTCB@0xdff00000 -> res=0x1
[L4_MapControl] space=0x80000100 control=0x80000000 modify count=1
  [ctl 0] whole-space op: va=0xb0d00000 phys=0x160000000 size=4294967296 rwx=2 -> address-space control (flush/perm), no RAM map
[Syscall] L4_MapControl(sid=0x80000100, ctrl=0x80000000) via UTCB@0xdff00000 -> res=0x1
  [Cycle 1430] Core0(ARM11): pc=0xb000d6b8 insns=412734 (ok) | Core1(ARM9): pc=0xf0017890 insns=14310000 (ok)
[L4_MapControl] space=0x80000100 control=0x80000000 modify count=1
  [ctl 0] whole-space op: va=0xb0d00000 phys=0x160000000 size=4294967296 rwx=2 -> address-space control (flush/perm), no RAM map
[Syscall] L4_MapControl(sid=0x80000100, ctrl=0x80000000) via UTCB@0xdff00000 -> res=0x1
[L4_MapControl] space=0x80000100 control=0x80000000 modify count=1
  [ctl 0] whole-space op: va=0xb0d00000 phys=0x160000000 size=4294967296 rwx=2 -> address-space control (flush/perm), no RAM map
[Syscall] L4_MapControl(sid=0x80000100, ctrl=0x80000000) via UTCB@0xdff00000 -> res=0x1
[L4_MapControl] space=0x80000100 control=0x80000000 modify count=1
  [ctl 0] whole-space op: va=0xb0d00000 phys=0x160000000 size=4294967296 rwx=2 -> address-space control (flush/perm), no RAM map
[Syscall] L4_MapControl(sid=0x80000100, ctrl=0x80000000) via UTCB@0xdff00000 -> res=0x1
[L4_MapControl] space=0x80000100 control=0x80000000 modify count=1
  [ctl 0] whole-space op: va=0xb0d00000 phys=0x160000000 size=4294967296 rwx=2 -> address-space control (flush/perm), no RAM map
[Syscall] L4_MapControl(sid=0x80000100, ctrl=0x80000000) via UTCB@0xdff00000 -> res=0x1
[L4_MapControl] space=0x80000100 control=0x80000000 modify count=1
  [ctl 0] whole-space op: va=0xb0d00000 phys=0x160000000 size=4294967296 rwx=2 -> address-space control (flush/perm), no RAM map
[Syscall] L4_MapControl(sid=0x80000100, ctrl=0x80000000) via UTCB@0xdff00000 -> res=0x1
[L4_MapControl] space=0x80000100 control=0x80000000 modify count=1
  [ctl 0] whole-space op: va=0xb0d00000 phys=0x160000000 size=4294967296 rwx=2 -> address-space control (flush/perm), no RAM map
[Syscall] L4_MapControl(sid=0x80000100, ctrl=0x80000000) via UTCB@0xdff00000 -> res=0x1
[L4_MapControl] space=0x80000100 control=0x80000000 modify count=1
  [ctl 0] whole-space op: va=0xb0d00000 phys=0x160000000 size=4294967296 rwx=2 -> address-space control (flush/perm), no RAM map
[Syscall] L4_MapControl(sid=0x80000100, ctrl=0x80000000) via UTCB@0xdff00000 -> res=0x1
[L4_MapControl] space=0x80000100 control=0x80000000 modify count=1
  [ctl 0] whole-space op: va=0xb0d00000 phys=0x160000000 size=4294967296 rwx=2 -> address-space control (flush/perm), no RAM map
[Syscall] L4_MapControl(sid=0x80000100, ctrl=0x80000000) via UTCB@0xdff00000 -> res=0x1
[L4_MapControl] space=0x80000100 control=0x80000000 modify count=1
  [ctl 0] whole-space op: va=0xb0d00000 phys=0x160000000 size=4294967296 rwx=2 -> address-space control (flush/perm), no RAM map
[Syscall] L4_MapControl(sid=0x80000100, ctrl=0x80000000) via UTCB@0xdff00000 -> res=0x1
[L4_MapControl] space=0x80000100 control=0x80000000 modify count=1
  [ctl 0] whole-space op: va=0xb0d00000 phys=0x160000000 size=4294967296 rwx=2 -> address-space control (flush/perm), no RAM map
[Syscall] L4_MapControl(sid=0x80000100, ctrl=0x80000000) via UTCB@0xdff00000 -> res=0x1
  [Cycle 1440] Core0(ARM11): pc=0xb000d6b8 insns=414074 (ok) | Core1(ARM9): pc=0xf0017890 insns=14410000 (ok)
[L4_MapControl] space=0x80000100 control=0x80000000 modify count=1
  [ctl 0] whole-space op: va=0xb0d00000 phys=0x160000000 size=4294967296 rwx=2 -> address-space control (flush/perm), no RAM map
[Syscall] L4_MapControl(sid=0x80000100, ctrl=0x80000000) via UTCB@0xdff00000 -> res=0x1
[L4_MapControl] space=0x80000100 control=0x80000000 modify count=1
  [ctl 0] whole-space op: va=0xb0d00000 phys=0x160000000 size=4294967296 rwx=2 -> address-space control (flush/perm), no RAM map
[Syscall] L4_MapControl(sid=0x80000100, ctrl=0x80000000) via UTCB@0xdff00000 -> res=0x1
[L4_MapControl] space=0x80000100 control=0x80000000 modify count=1
  [ctl 0] whole-space op: va=0xb0d00000 phys=0x160000000 size=4294967296 rwx=2 -> address-space control (flush/perm), no RAM map
[Syscall] L4_MapControl(sid=0x80000100, ctrl=0x80000000) via UTCB@0xdff00000 -> res=0x1
[L4_MapControl] space=0x80000100 control=0x80000000 modify count=1
  [ctl 0] whole-space op: va=0xb0d00000 phys=0x160000000 size=4294967296 rwx=2 -> address-space control (flush/perm), no RAM map
[Syscall] L4_MapControl(sid=0x80000100, ctrl=0x80000000) via UTCB@0xdff00000 -> res=0x1
[L4_MapControl] space=0x80000100 control=0x80000000 modify count=1
  [ctl 0] whole-space op: va=0xb0d00000 phys=0x160000000 size=4294967296 rwx=2 -> address-space control (flush/perm), no RAM map
[Syscall] L4_MapControl(sid=0x80000100, ctrl=0x80000000) via UTCB@0xdff00000 -> res=0x1
[L4_MapControl] space=0x80000100 control=0x80000000 modify count=1
  [ctl 0] whole-space op: va=0xb0d00000 phys=0x160000000 size=4294967296 rwx=2 -> address-space control (flush/perm), no RAM map
[Syscall] L4_MapControl(sid=0x80000100, ctrl=0x80000000) via UTCB@0xdff00000 -> res=0x1
[L4_MapControl] space=0x80000100 control=0x80000000 modify count=1
  [ctl 0] whole-space op: va=0xb0d00000 phys=0x160000000 size=4294967296 rwx=2 -> address-space control (flush/perm), no RAM map
[Syscall] L4_MapControl(sid=0x80000100, ctrl=0x80000000) via UTCB@0xdff00000 -> res=0x1
[L4_MapControl] space=0x80000100 control=0x80000000 modify count=1
  [ctl 0] whole-space op: va=0xb0d00000 phys=0x160000000 size=4294967296 rwx=2 -> address-space control (flush/perm), no RAM map
[Syscall] L4_MapControl(sid=0x80000100, ctrl=0x80000000) via UTCB@0xdff00000 -> res=0x1
[L4_MapControl] space=0x80000100 control=0x80000000 modify count=1
  [ctl 0] whole-space op: va=0xb0d00000 phys=0x160000000 size=4294967296 rwx=2 -> address-space control (flush/perm), no RAM map
[Syscall] L4_MapControl(sid=0x80000100, ctrl=0x80000000) via UTCB@0xdff00000 -> res=0x1
[L4_MapControl] space=0x80000100 control=0x80000000 modify count=1
  [ctl 0] whole-space op: va=0xb0d00000 phys=0x160000000 size=4294967296 rwx=2 -> address-space control (flush/perm), no RAM map
[Syscall] L4_MapControl(sid=0x80000100, ctrl=0x80000000) via UTCB@0xdff00000 -> res=0x1
  [Cycle 1450] Core0(ARM11): pc=0xb000d6b8 insns=415414 (ok) | Core1(ARM9): pc=0xf0017890 insns=14510000 (ok)
[L4_MapControl] space=0x80000100 control=0x80000000 modify count=1
  [ctl 0] whole-space op: va=0xb0d00000 phys=0x160000000 size=4294967296 rwx=2 -> address-space control (flush/perm), no RAM map
[Syscall] L4_MapControl(sid=0x80000100, ctrl=0x80000000) via UTCB@0xdff00000 -> res=0x1
[L4_MapControl] space=0x80000100 control=0x80000000 modify count=1
  [ctl 0] whole-space op: va=0xb0d00000 phys=0x160000000 size=4294967296 rwx=2 -> address-space control (flush/perm), no RAM map
[Syscall] L4_MapControl(sid=0x80000100, ctrl=0x80000000) via UTCB@0xdff00000 -> res=0x1
[L4_MapControl] space=0x80000100 control=0x80000000 modify count=1
  [ctl 0] whole-space op: va=0xb0d00000 phys=0x160000000 size=4294967296 rwx=2 -> address-space control (flush/perm), no RAM map
[Syscall] L4_MapControl(sid=0x80000100, ctrl=0x80000000) via UTCB@0xdff00000 -> res=0x1
[L4_MapControl] space=0x80000100 control=0x80000000 modify count=1
  [ctl 0] whole-space op: va=0xb0d00000 phys=0x160000000 size=4294967296 rwx=2 -> address-space control (flush/perm), no RAM map
[Syscall] L4_MapControl(sid=0x80000100, ctrl=0x80000000) via UTCB@0xdff00000 -> res=0x1
[L4_MapControl] space=0x80000100 control=0x80000000 modify count=1
  [ctl 0] whole-space op: va=0xb0d00000 phys=0x160000000 size=4294967296 rwx=2 -> address-space control (flush/perm), no RAM map
[Syscall] L4_MapControl(sid=0x80000100, ctrl=0x80000000) via UTCB@0xdff00000 -> res=0x1
[L4_MapControl] space=0x80000100 control=0x80000000 modify count=1
  [ctl 0] whole-space op: va=0xb0d00000 phys=0x160000000 size=4294967296 rwx=2 -> address-space control (flush/perm), no RAM map
[Syscall] L4_MapControl(sid=0x80000100, ctrl=0x80000000) via UTCB@0xdff00000 -> res=0x1
[L4_MapControl] space=0x80000100 control=0x80000000 modify count=1
  [ctl 0] whole-space op: va=0xb0d00000 phys=0x160000000 size=4294967296 rwx=2 -> address-space control (flush/perm), no RAM map
[Syscall] L4_MapControl(sid=0x80000100, ctrl=0x80000000) via UTCB@0xdff00000 -> res=0x1
[L4_MapControl] space=0x80000100 control=0x80000000 modify count=1
  [ctl 0] whole-space op: va=0xb0d00000 phys=0x160000000 size=4294967296 rwx=2 -> address-space control (flush/perm), no RAM map
[Syscall] L4_MapControl(sid=0x80000100, ctrl=0x80000000) via UTCB@0xdff00000 -> res=0x1
[L4_MapControl] space=0x80000100 control=0x80000000 modify count=1
  [ctl 0] whole-space op: va=0xb0d00000 phys=0x160000000 size=4294967296 rwx=2 -> address-space control (flush/perm), no RAM map
[Syscall] L4_MapControl(sid=0x80000100, ctrl=0x80000000) via UTCB@0xdff00000 -> res=0x1
[L4_MapControl] space=0x80000100 control=0x80000000 modify count=1
  [ctl 0] whole-space op: va=0xb0d00000 phys=0x160000000 size=4294967296 rwx=2 -> address-space control (flush/perm), no RAM map
[Syscall] L4_MapControl(sid=0x80000100, ctrl=0x80000000) via UTCB@0xdff00000 -> res=0x1
  [Cycle 1460] Core0(ARM11): pc=0xb000d6b8 insns=416754 (ok) | Core1(ARM9): pc=0xf0017890 insns=14610000 (ok)
[L4_MapControl] space=0x80000100 control=0x80000000 modify count=1
  [ctl 0] whole-space op: va=0xb0d00000 phys=0x160000000 size=4294967296 rwx=2 -> address-space control (flush/perm), no RAM map
[Syscall] L4_MapControl(sid=0x80000100, ctrl=0x80000000) via UTCB@0xdff00000 -> res=0x1
[L4_MapControl] space=0x80000100 control=0x80000000 modify count=1
  [ctl 0] whole-space op: va=0xb0d00000 phys=0x160000000 size=4294967296 rwx=2 -> address-space control (flush/perm), no RAM map
[Syscall] L4_MapControl(sid=0x80000100, ctrl=0x80000000) via UTCB@0xdff00000 -> res=0x1
[L4_MapControl] space=0x80000100 control=0x80000000 modify count=1
  [ctl 0] whole-space op: va=0xb0d00000 phys=0x160000000 size=4294967296 rwx=2 -> address-space control (flush/perm), no RAM map
[Syscall] L4_MapControl(sid=0x80000100, ctrl=0x80000000) via UTCB@0xdff00000 -> res=0x1
[L4_MapControl] space=0x80000100 control=0x80000000 modify count=1
  [ctl 0] whole-space op: va=0xb0d00000 phys=0x160000000 size=4294967296 rwx=2 -> address-space control (flush/perm), no RAM map
[Syscall] L4_MapControl(sid=0x80000100, ctrl=0x80000000) via UTCB@0xdff00000 -> res=0x1
[L4_MapControl] space=0x80000100 control=0x80000000 modify count=1
  [ctl 0] whole-space op: va=0xb0d00000 phys=0x160000000 size=4294967296 rwx=2 -> address-space control (flush/perm), no RAM map
[Syscall] L4_MapControl(sid=0x80000100, ctrl=0x80000000) via UTCB@0xdff00000 -> res=0x1
[L4_MapControl] space=0x80000100 control=0x80000000 modify count=1
  [ctl 0] whole-space op: va=0xb0d00000 phys=0x160000000 size=4294967296 rwx=2 -> address-space control (flush/perm), no RAM map
[Syscall] L4_MapControl(sid=0x80000100, ctrl=0x80000000) via UTCB@0xdff00000 -> res=0x1
[L4_MapControl] space=0x80000100 control=0x80000000 modify count=1
  [ctl 0] whole-space op: va=0xb0d00000 phys=0x160000000 size=4294967296 rwx=2 -> address-space control (flush/perm), no RAM map
[Syscall] L4_MapControl(sid=0x80000100, ctrl=0x80000000) via UTCB@0xdff00000 -> res=0x1
[L4_MapControl] space=0x80000100 control=0x80000000 modify count=1
  [ctl 0] whole-space op: va=0xb0d00000 phys=0x160000000 size=4294967296 rwx=2 -> address-space control (flush/perm), no RAM map
[Syscall] L4_MapControl(sid=0x80000100, ctrl=0x80000000) via UTCB@0xdff00000 -> res=0x1
[L4_MapControl] space=0x80000100 control=0x80000000 modify count=1
  [ctl 0] whole-space op: va=0xb0d00000 phys=0x160000000 size=4294967296 rwx=2 -> address-space control (flush/perm), no RAM map
[Syscall] L4_MapControl(sid=0x80000100, ctrl=0x80000000) via UTCB@0xdff00000 -> res=0x1
[L4_MapControl] space=0x80000100 control=0x80000000 modify count=1
  [ctl 0] whole-space op: va=0xb0d00000 phys=0x160000000 size=4294967296 rwx=2 -> address-space control (flush/perm), no RAM map
[Syscall] L4_MapControl(sid=0x80000100, ctrl=0x80000000) via UTCB@0xdff00000 -> res=0x1
  [Cycle 1470] Core0(ARM11): pc=0xb000d6b8 insns=418094 (ok) | Core1(ARM9): pc=0xf0017890 insns=14710000 (ok)
[L4_MapControl] space=0x80000100 control=0x80000000 modify count=1
  [ctl 0] whole-space op: va=0xb0d00000 phys=0x160000000 size=4294967296 rwx=2 -> address-space control (flush/perm), no RAM map
[Syscall] L4_MapControl(sid=0x80000100, ctrl=0x80000000) via UTCB@0xdff00000 -> res=0x1
[L4_MapControl] space=0x80000100 control=0x80000000 modify count=1
  [ctl 0] whole-space op: va=0xb0d00000 phys=0x160000000 size=4294967296 rwx=2 -> address-space control (flush/perm), no RAM map
[Syscall] L4_MapControl(sid=0x80000100, ctrl=0x80000000) via UTCB@0xdff00000 -> res=0x1
[L4_MapControl] space=0x80000100 control=0x80000000 modify count=1
  [ctl 0] whole-space op: va=0xb0d00000 phys=0x160000000 size=4294967296 rwx=2 -> address-space control (flush/perm), no RAM map
[Syscall] L4_MapControl(sid=0x80000100, ctrl=0x80000000) via UTCB@0xdff00000 -> res=0x1
[L4_MapControl] space=0x80000100 control=0x80000000 modify count=1
  [ctl 0] whole-space op: va=0xb0d00000 phys=0x160000000 size=4294967296 rwx=2 -> address-space control (flush/perm), no RAM map
[Syscall] L4_MapControl(sid=0x80000100, ctrl=0x80000000) via UTCB@0xdff00000 -> res=0x1
[L4_MapControl] space=0x80000100 control=0x80000000 modify count=1
  [ctl 0] whole-space op: va=0xb0d00000 phys=0x160000000 size=4294967296 rwx=2 -> address-space control (flush/perm), no RAM map
[Syscall] L4_MapControl(sid=0x80000100, ctrl=0x80000000) via UTCB@0xdff00000 -> res=0x1
[L4_MapControl] space=0x80000100 control=0x80000000 modify count=1
  [ctl 0] whole-space op: va=0xb0d00000 phys=0x160000000 size=4294967296 rwx=2 -> address-space control (flush/perm), no RAM map
[Syscall] L4_MapControl(sid=0x80000100, ctrl=0x80000000) via UTCB@0xdff00000 -> res=0x1
[L4_MapControl] space=0x80000100 control=0x80000000 modify count=1
  [ctl 0] whole-space op: va=0xb0d00000 phys=0x160000000 size=4294967296 rwx=2 -> address-space control (flush/perm), no RAM map
[Syscall] L4_MapControl(sid=0x80000100, ctrl=0x80000000) via UTCB@0xdff00000 -> res=0x1
[L4_MapControl] space=0x80000100 control=0x80000000 modify count=1
  [ctl 0] whole-space op: va=0xb0d00000 phys=0x160000000 size=4294967296 rwx=2 -> address-space control (flush/perm), no RAM map
[Syscall] L4_MapControl(sid=0x80000100, ctrl=0x80000000) via UTCB@0xdff00000 -> res=0x1
[L4_MapControl] space=0x80000100 control=0x80000000 modify count=1
  [ctl 0] whole-space op: va=0xb0d00000 phys=0x160000000 size=4294967296 rwx=2 -> address-space control (flush/perm), no RAM map
[Syscall] L4_MapControl(sid=0x80000100, ctrl=0x80000000) via UTCB@0xdff00000 -> res=0x1
[L4_MapControl] space=0x80000100 control=0x80000000 modify count=1
  [ctl 0] whole-space op: va=0xb0d00000 phys=0x160000000 size=4294967296 rwx=2 -> address-space control (flush/perm), no RAM map
[Syscall] L4_MapControl(sid=0x80000100, ctrl=0x80000000) via UTCB@0xdff00000 -> res=0x1
  [Cycle 1480] Core0(ARM11): pc=0xb000d6b8 insns=419434 (ok) | Core1(ARM9): pc=0xf0017890 insns=14810000 (ok)
[L4_MapControl] space=0x80000100 control=0x80000000 modify count=1
  [ctl 0] whole-space op: va=0xb0d00000 phys=0x160000000 size=4294967296 rwx=2 -> address-space control (flush/perm), no RAM map
[Syscall] L4_MapControl(sid=0x80000100, ctrl=0x80000000) via UTCB@0xdff00000 -> res=0x1
[L4_MapControl] space=0x80000100 control=0x80000000 modify count=1
  [ctl 0] whole-space op: va=0xb0d00000 phys=0x160000000 size=4294967296 rwx=2 -> address-space control (flush/perm), no RAM map
[Syscall] L4_MapControl(sid=0x80000100, ctrl=0x80000000) via UTCB@0xdff00000 -> res=0x1
[L4_MapControl] space=0x80000100 control=0x80000000 modify count=1
  [ctl 0] whole-space op: va=0xb0d00000 phys=0x160000000 size=4294967296 rwx=2 -> address-space control (flush/perm), no RAM map
[Syscall] L4_MapControl(sid=0x80000100, ctrl=0x80000000) via UTCB@0xdff00000 -> res=0x1
[L4_MapControl] space=0x80000100 control=0x80000000 modify count=1
  [ctl 0] whole-space op: va=0xb0d00000 phys=0x160000000 size=4294967296 rwx=2 -> address-space control (flush/perm), no RAM map
[Syscall] L4_MapControl(sid=0x80000100, ctrl=0x80000000) via UTCB@0xdff00000 -> res=0x1
[L4_MapControl] space=0x80000100 control=0x80000000 modify count=1
  [ctl 0] whole-space op: va=0xb0d00000 phys=0x160000000 size=4294967296 rwx=2 -> address-space control (flush/perm), no RAM map
[Syscall] L4_MapControl(sid=0x80000100, ctrl=0x80000000) via UTCB@0xdff00000 -> res=0x1
[L4_MapControl] space=0x80000100 control=0x80000000 modify count=1
  [ctl 0] whole-space op: va=0xb0d00000 phys=0x160000000 size=4294967296 rwx=2 -> address-space control (flush/perm), no RAM map
[Syscall] L4_MapControl(sid=0x80000100, ctrl=0x80000000) via UTCB@0xdff00000 -> res=0x1
[L4_MapControl] space=0x80000100 control=0x80000000 modify count=1
  [ctl 0] whole-space op: va=0xb0d00000 phys=0x160000000 size=4294967296 rwx=2 -> address-space control (flush/perm), no RAM map
[Syscall] L4_MapControl(sid=0x80000100, ctrl=0x80000000) via UTCB@0xdff00000 -> res=0x1
[L4_MapControl] space=0x80000100 control=0x80000000 modify count=1
  [ctl 0] whole-space op: va=0xb0d00000 phys=0x160000000 size=4294967296 rwx=2 -> address-space control (flush/perm), no RAM map
[Syscall] L4_MapControl(sid=0x80000100, ctrl=0x80000000) via UTCB@0xdff00000 -> res=0x1
[L4_MapControl] space=0x80000100 control=0x80000000 modify count=1
  [ctl 0] whole-space op: va=0xb0d00000 phys=0x160000000 size=4294967296 rwx=2 -> address-space control (flush/perm), no RAM map
[Syscall] L4_MapControl(sid=0x80000100, ctrl=0x80000000) via UTCB@0xdff00000 -> res=0x1
[L4_MapControl] space=0x80000100 control=0x80000000 modify count=1
  [ctl 0] whole-space op: va=0xb0d00000 phys=0x160000000 size=4294967296 rwx=2 -> address-space control (flush/perm), no RAM map
[Syscall] L4_MapControl(sid=0x80000100, ctrl=0x80000000) via UTCB@0xdff00000 -> res=0x1
  [Cycle 1490] Core0(ARM11): pc=0xb000d6b8 insns=420774 (ok) | Core1(ARM9): pc=0xf0017890 insns=14910000 (ok)
[L4_MapControl] space=0x80000100 control=0x80000000 modify count=1
  [ctl 0] whole-space op: va=0xb0d00000 phys=0x160000000 size=4294967296 rwx=2 -> address-space control (flush/perm), no RAM map
[Syscall] L4_MapControl(sid=0x80000100, ctrl=0x80000000) via UTCB@0xdff00000 -> res=0x1
[L4_MapControl] space=0x80000100 control=0x80000000 modify count=1
  [ctl 0] whole-space op: va=0xb0d00000 phys=0x160000000 size=4294967296 rwx=2 -> address-space control (flush/perm), no RAM map
[Syscall] L4_MapControl(sid=0x80000100, ctrl=0x80000000) via UTCB@0xdff00000 -> res=0x1
[L4_MapControl] space=0x80000100 control=0x80000000 modify count=1
  [ctl 0] whole-space op: va=0xb0d00000 phys=0x160000000 size=4294967296 rwx=2 -> address-space control (flush/perm), no RAM map
[Syscall] L4_MapControl(sid=0x80000100, ctrl=0x80000000) via UTCB@0xdff00000 -> res=0x1
[L4_MapControl] space=0x80000100 control=0x80000000 modify count=1
  [ctl 0] whole-space op: va=0xb0d00000 phys=0x160000000 size=4294967296 rwx=2 -> address-space control (flush/perm), no RAM map
[Syscall] L4_MapControl(sid=0x80000100, ctrl=0x80000000) via UTCB@0xdff00000 -> res=0x1
[L4_MapControl] space=0x80000100 control=0x80000000 modify count=1
  [ctl 0] whole-space op: va=0xb0d00000 phys=0x160000000 size=4294967296 rwx=2 -> address-space control (flush/perm), no RAM map
[Syscall] L4_MapControl(sid=0x80000100, ctrl=0x80000000) via UTCB@0xdff00000 -> res=0x1
[L4_MapControl] space=0x80000100 control=0x80000000 modify count=1
  [ctl 0] whole-space op: va=0xb0d00000 phys=0x160000000 size=4294967296 rwx=2 -> address-space control (flush/perm), no RAM map
[Syscall] L4_MapControl(sid=0x80000100, ctrl=0x80000000) via UTCB@0xdff00000 -> res=0x1
[L4_MapControl] space=0x80000100 control=0x80000000 modify count=1
  [ctl 0] whole-space op: va=0xb0d00000 phys=0x160000000 size=4294967296 rwx=2 -> address-space control (flush/perm), no RAM map
[Syscall] L4_MapControl(sid=0x80000100, ctrl=0x80000000) via UTCB@0xdff00000 -> res=0x1
[L4_MapControl] space=0x80000100 control=0x80000000 modify count=1
  [ctl 0] whole-space op: va=0xb0d00000 phys=0x160000000 size=4294967296 rwx=2 -> address-space control (flush/perm), no RAM map
[Syscall] L4_MapControl(sid=0x80000100, ctrl=0x80000000) via UTCB@0xdff00000 -> res=0x1
[L4_MapControl] space=0x80000100 control=0x80000000 modify count=1
  [ctl 0] whole-space op: va=0xb0d00000 phys=0x160000000 size=4294967296 rwx=2 -> address-space control (flush/perm), no RAM map
[Syscall] L4_MapControl(sid=0x80000100, ctrl=0x80000000) via UTCB@0xdff00000 -> res=0x1
[L4_MapControl] space=0x80000100 control=0x80000000 modify count=1
  [ctl 0] whole-space op: va=0xb0d00000 phys=0x160000000 size=4294967296 rwx=2 -> address-space control (flush/perm), no RAM map
[Syscall] L4_MapControl(sid=0x80000100, ctrl=0x80000000) via UTCB@0xdff00000 -> res=0x1
  [Cycle 1500] Core0(ARM11): pc=0xb000d6b8 insns=422114 (ok) | Core1(ARM9): pc=0xf0017890 insns=15010000 (ok)
[L4_MapControl] space=0x80000100 control=0x80000000 modify count=1
  [ctl 0] whole-space op: va=0xb0d00000 phys=0x160000000 size=4294967296 rwx=2 -> address-space control (flush/perm), no RAM map
[Syscall] L4_MapControl(sid=0x80000100, ctrl=0x80000000) via UTCB@0xdff00000 -> res=0x1
[L4_MapControl] space=0x80000100 control=0x80000000 modify count=1
  [ctl 0] whole-space op: va=0xb0d00000 phys=0x160000000 size=4294967296 rwx=2 -> address-space control (flush/perm), no RAM map
[Syscall] L4_MapControl(sid=0x80000100, ctrl=0x80000000) via UTCB@0xdff00000 -> res=0x1
[L4_MapControl] space=0x80000100 control=0x80000000 modify count=1
  [ctl 0] whole-space op: va=0xb0d00000 phys=0x160000000 size=4294967296 rwx=2 -> address-space control (flush/perm), no RAM map
[Syscall] L4_MapControl(sid=0x80000100, ctrl=0x80000000) via UTCB@0xdff00000 -> res=0x1
[L4_MapControl] space=0x80000100 control=0x80000000 modify count=1
  [ctl 0] whole-space op: va=0xb0d00000 phys=0x160000000 size=4294967296 rwx=2 -> address-space control (flush/perm), no RAM map
[Syscall] L4_MapControl(sid=0x80000100, ctrl=0x80000000) via UTCB@0xdff00000 -> res=0x1
[L4_MapControl] space=0x80000100 control=0x80000000 modify count=1
  [ctl 0] whole-space op: va=0xb0d00000 phys=0x160000000 size=4294967296 rwx=2 -> address-space control (flush/perm), no RAM map
[Syscall] L4_MapControl(sid=0x80000100, ctrl=0x80000000) via UTCB@0xdff00000 -> res=0x1
[L4_MapControl] space=0x80000100 control=0x80000000 modify count=1
  [ctl 0] whole-space op: va=0xb0d00000 phys=0x160000000 size=4294967296 rwx=2 -> address-space control (flush/perm), no RAM map
[Syscall] L4_MapControl(sid=0x80000100, ctrl=0x80000000) via UTCB@0xdff00000 -> res=0x1
[L4_MapControl] space=0x80000100 control=0x80000000 modify count=1
  [ctl 0] whole-space op: va=0xb0d00000 phys=0x160000000 size=4294967296 rwx=2 -> address-space control (flush/perm), no RAM map
[Syscall] L4_MapControl(sid=0x80000100, ctrl=0x80000000) via UTCB@0xdff00000 -> res=0x1
[L4_MapControl] space=0x80000100 control=0x80000000 modify count=1
  [ctl 0] whole-space op: va=0xb0d00000 phys=0x160000000 size=4294967296 rwx=2 -> address-space control (flush/perm), no RAM map
[Syscall] L4_MapControl(sid=0x80000100, ctrl=0x80000000) via UTCB@0xdff00000 -> res=0x1
[L4_MapControl] space=0x80000100 control=0x80000000 modify count=1
  [ctl 0] whole-space op: va=0xb0d00000 phys=0x160000000 size=4294967296 rwx=2 -> address-space control (flush/perm), no RAM map
[Syscall] L4_MapControl(sid=0x80000100, ctrl=0x80000000) via UTCB@0xdff00000 -> res=0x1
[L4_MapControl] space=0x80000100 control=0x80000000 modify count=1
  [ctl 0] whole-space op: va=0xb0d00000 phys=0x160000000 size=4294967296 rwx=2 -> address-space control (flush/perm), no RAM map
[Syscall] L4_MapControl(sid=0x80000100, ctrl=0x80000000) via UTCB@0xdff00000 -> res=0x1
  [Cycle 1510] Core0(ARM11): pc=0xb000d6b8 insns=423454 (ok) | Core1(ARM9): pc=0xf0017890 insns=15110000 (ok)
[L4_MapControl] space=0x80000100 control=0x80000000 modify count=1
  [ctl 0] whole-space op: va=0xb0d00000 phys=0x160000000 size=4294967296 rwx=2 -> address-space control (flush/perm), no RAM map
[Syscall] L4_MapControl(sid=0x80000100, ctrl=0x80000000) via UTCB@0xdff00000 -> res=0x1
[L4_MapControl] space=0x80000100 control=0x80000000 modify count=1
  [ctl 0] whole-space op: va=0xb0d00000 phys=0x160000000 size=4294967296 rwx=2 -> address-space control (flush/perm), no RAM map
[Syscall] L4_MapControl(sid=0x80000100, ctrl=0x80000000) via UTCB@0xdff00000 -> res=0x1
[L4_MapControl] space=0x80000100 control=0x80000000 modify count=1
  [ctl 0] whole-space op: va=0xb0d00000 phys=0x160000000 size=4294967296 rwx=2 -> address-space control (flush/perm), no RAM map
[Syscall] L4_MapControl(sid=0x80000100, ctrl=0x80000000) via UTCB@0xdff00000 -> res=0x1
[L4_MapControl] space=0x80000100 control=0x80000000 modify count=1
  [ctl 0] whole-space op: va=0xb0d00000 phys=0x160000000 size=4294967296 rwx=2 -> address-space control (flush/perm), no RAM map
[Syscall] L4_MapControl(sid=0x80000100, ctrl=0x80000000) via UTCB@0xdff00000 -> res=0x1
[L4_MapControl] space=0x80000100 control=0x80000000 modify count=1
  [ctl 0] whole-space op: va=0xb0d00000 phys=0x160000000 size=4294967296 rwx=2 -> address-space control (flush/perm), no RAM map
[Syscall] L4_MapControl(sid=0x80000100, ctrl=0x80000000) via UTCB@0xdff00000 -> res=0x1
[L4_MapControl] space=0x80000100 control=0x80000000 modify count=1
  [ctl 0] whole-space op: va=0xb0d00000 phys=0x160000000 size=4294967296 rwx=2 -> address-space control (flush/perm), no RAM map
[Syscall] L4_MapControl(sid=0x80000100, ctrl=0x80000000) via UTCB@0xdff00000 -> res=0x1
[L4_MapControl] space=0x80000100 control=0x80000000 modify count=1
  [ctl 0] whole-space op: va=0xb0d00000 phys=0x160000000 size=4294967296 rwx=2 -> address-space control (flush/perm), no RAM map
[Syscall] L4_MapControl(sid=0x80000100, ctrl=0x80000000) via UTCB@0xdff00000 -> res=0x1
[L4_MapControl] space=0x80000100 control=0x80000000 modify count=1
  [ctl 0] whole-space op: va=0xb0d00000 phys=0x160000000 size=4294967296 rwx=2 -> address-space control (flush/perm), no RAM map
[Syscall] L4_MapControl(sid=0x80000100, ctrl=0x80000000) via UTCB@0xdff00000 -> res=0x1
[L4_MapControl] space=0x80000100 control=0x80000000 modify count=1
  [ctl 0] whole-space op: va=0xb0d00000 phys=0x160000000 size=4294967296 rwx=2 -> address-space control (flush/perm), no RAM map
[Syscall] L4_MapControl(sid=0x80000100, ctrl=0x80000000) via UTCB@0xdff00000 -> res=0x1
[L4_MapControl] space=0x80000100 control=0x80000000 modify count=1
  [ctl 0] whole-space op: va=0xb0d00000 phys=0x160000000 size=4294967296 rwx=2 -> address-space control (flush/perm), no RAM map
[Syscall] L4_MapControl(sid=0x80000100, ctrl=0x80000000) via UTCB@0xdff00000 -> res=0x1
  [Cycle 1520] Core0(ARM11): pc=0xb000d6b8 insns=424794 (ok) | Core1(ARM9): pc=0xf0017890 insns=15210000 (ok)
[L4_MapControl] space=0x80000100 control=0x80000000 modify count=1
  [ctl 0] whole-space op: va=0xb0d00000 phys=0x160000000 size=4294967296 rwx=2 -> address-space control (flush/perm), no RAM map
[Syscall] L4_MapControl(sid=0x80000100, ctrl=0x80000000) via UTCB@0xdff00000 -> res=0x1
[L4_MapControl] space=0x80000100 control=0x80000000 modify count=1
  [ctl 0] whole-space op: va=0xb0d00000 phys=0x160000000 size=4294967296 rwx=2 -> address-space control (flush/perm), no RAM map
[Syscall] L4_MapControl(sid=0x80000100, ctrl=0x80000000) via UTCB@0xdff00000 -> res=0x1
[L4_MapControl] space=0x80000100 control=0x80000000 modify count=1
  [ctl 0] whole-space op: va=0xb0d00000 phys=0x160000000 size=4294967296 rwx=2 -> address-space control (flush/perm), no RAM map
[Syscall] L4_MapControl(sid=0x80000100, ctrl=0x80000000) via UTCB@0xdff00000 -> res=0x1
[L4_MapControl] space=0x80000100 control=0x80000000 modify count=1
  [ctl 0] whole-space op: va=0xb0d00000 phys=0x160000000 size=4294967296 rwx=2 -> address-space control (flush/perm), no RAM map
[Syscall] L4_MapControl(sid=0x80000100, ctrl=0x80000000) via UTCB@0xdff00000 -> res=0x1
[L4_MapControl] space=0x80000100 control=0x80000000 modify count=1
  [ctl 0] whole-space op: va=0xb0d00000 phys=0x160000000 size=4294967296 rwx=2 -> address-space control (flush/perm), no RAM map
[Syscall] L4_MapControl(sid=0x80000100, ctrl=0x80000000) via UTCB@0xdff00000 -> res=0x1
[L4_MapControl] space=0x80000100 control=0x80000000 modify count=1
  [ctl 0] whole-space op: va=0xb0d00000 phys=0x160000000 size=4294967296 rwx=2 -> address-space control (flush/perm), no RAM map
[Syscall] L4_MapControl(sid=0x80000100, ctrl=0x80000000) via UTCB@0xdff00000 -> res=0x1
[L4_MapControl] space=0x80000100 control=0x80000000 modify count=1
  [ctl 0] whole-space op: va=0xb0d00000 phys=0x160000000 size=4294967296 rwx=2 -> address-space control (flush/perm), no RAM map
[Syscall] L4_MapControl(sid=0x80000100, ctrl=0x80000000) via UTCB@0xdff00000 -> res=0x1
[L4_MapControl] space=0x80000100 control=0x80000000 modify count=1
  [ctl 0] whole-space op: va=0xb0d00000 phys=0x160000000 size=4294967296 rwx=2 -> address-space control (flush/perm), no RAM map
[Syscall] L4_MapControl(sid=0x80000100, ctrl=0x80000000) via UTCB@0xdff00000 -> res=0x1
[L4_MapControl] space=0x80000100 control=0x80000000 modify count=1
  [ctl 0] whole-space op: va=0xb0d00000 phys=0x160000000 size=4294967296 rwx=2 -> address-space control (flush/perm), no RAM map
[Syscall] L4_MapControl(sid=0x80000100, ctrl=0x80000000) via UTCB@0xdff00000 -> res=0x1
[L4_MapControl] space=0x80000100 control=0x80000000 modify count=1
  [ctl 0] whole-space op: va=0xb0d00000 phys=0x160000000 size=4294967296 rwx=2 -> address-space control (flush/perm), no RAM map
[Syscall] L4_MapControl(sid=0x80000100, ctrl=0x80000000) via UTCB@0xdff00000 -> res=0x1
  [Cycle 1530] Core0(ARM11): pc=0xb000d6b8 insns=426134 (ok) | Core1(ARM9): pc=0xf0017890 insns=15310000 (ok)
[L4_MapControl] space=0x80000100 control=0x80000000 modify count=1
  [ctl 0] whole-space op: va=0xb0d00000 phys=0x160000000 size=4294967296 rwx=2 -> address-space control (flush/perm), no RAM map
[Syscall] L4_MapControl(sid=0x80000100, ctrl=0x80000000) via UTCB@0xdff00000 -> res=0x1
[L4_MapControl] space=0x80000100 control=0x80000000 modify count=1
  [ctl 0] whole-space op: va=0xb0d00000 phys=0x160000000 size=4294967296 rwx=2 -> address-space control (flush/perm), no RAM map
[Syscall] L4_MapControl(sid=0x80000100, ctrl=0x80000000) via UTCB@0xdff00000 -> res=0x1
[L4_MapControl] space=0x80000100 control=0x80000000 modify count=1
  [ctl 0] whole-space op: va=0xb0d00000 phys=0x160000000 size=4294967296 rwx=2 -> address-space control (flush/perm), no RAM map
[Syscall] L4_MapControl(sid=0x80000100, ctrl=0x80000000) via UTCB@0xdff00000 -> res=0x1
[L4_MapControl] space=0x80000100 control=0x80000000 modify count=1
  [ctl 0] whole-space op: va=0xb0d00000 phys=0x160000000 size=4294967296 rwx=2 -> address-space control (flush/perm), no RAM map
[Syscall] L4_MapControl(sid=0x80000100, ctrl=0x80000000) via UTCB@0xdff00000 -> res=0x1
[L4_MapControl] space=0x80000100 control=0x80000000 modify count=1
  [ctl 0] whole-space op: va=0xb0d00000 phys=0x160000000 size=4294967296 rwx=2 -> address-space control (flush/perm), no RAM map
[Syscall] L4_MapControl(sid=0x80000100, ctrl=0x80000000) via UTCB@0xdff00000 -> res=0x1
[L4_MapControl] space=0x80000100 control=0x80000000 modify count=1
  [ctl 0] whole-space op: va=0xb0d00000 phys=0x160000000 size=4294967296 rwx=2 -> address-space control (flush/perm), no RAM map
[Syscall] L4_MapControl(sid=0x80000100, ctrl=0x80000000) via UTCB@0xdff00000 -> res=0x1
[L4_MapControl] space=0x80000100 control=0x80000000 modify count=1
  [ctl 0] whole-space op: va=0xb0d00000 phys=0x160000000 size=4294967296 rwx=2 -> address-space control (flush/perm), no RAM map
[Syscall] L4_MapControl(sid=0x80000100, ctrl=0x80000000) via UTCB@0xdff00000 -> res=0x1
[L4_MapControl] space=0x80000100 control=0x80000000 modify count=1
  [ctl 0] whole-space op: va=0xb0d00000 phys=0x160000000 size=4294967296 rwx=2 -> address-space control (flush/perm), no RAM map
[Syscall] L4_MapControl(sid=0x80000100, ctrl=0x80000000) via UTCB@0xdff00000 -> res=0x1
[L4_MapControl] space=0x80000100 control=0x80000000 modify count=1
  [ctl 0] whole-space op: va=0xb0d00000 phys=0x160000000 size=4294967296 rwx=2 -> address-space control (flush/perm), no RAM map
[Syscall] L4_MapControl(sid=0x80000100, ctrl=0x80000000) via UTCB@0xdff00000 -> res=0x1
[L4_MapControl] space=0x80000100 control=0x80000000 modify count=1
  [ctl 0] whole-space op: va=0xb0d00000 phys=0x160000000 size=4294967296 rwx=2 -> address-space control (flush/perm), no RAM map
[Syscall] L4_MapControl(sid=0x80000100, ctrl=0x80000000) via UTCB@0xdff00000 -> res=0x1
  [Cycle 1540] Core0(ARM11): pc=0xb000d6b8 insns=427474 (ok) | Core1(ARM9): pc=0xf0017890 insns=15410000 (ok)
[L4_MapControl] space=0x80000100 control=0x80000000 modify count=1
  [ctl 0] whole-space op: va=0xb0d00000 phys=0x160000000 size=4294967296 rwx=2 -> address-space control (flush/perm), no RAM map
[Syscall] L4_MapControl(sid=0x80000100, ctrl=0x80000000) via UTCB@0xdff00000 -> res=0x1
[L4_MapControl] space=0x80000100 control=0x80000000 modify count=1
  [ctl 0] whole-space op: va=0xb0d00000 phys=0x160000000 size=4294967296 rwx=2 -> address-space control (flush/perm), no RAM map
[Syscall] L4_MapControl(sid=0x80000100, ctrl=0x80000000) via UTCB@0xdff00000 -> res=0x1
[L4_MapControl] space=0x80000100 control=0x80000000 modify count=1
  [ctl 0] whole-space op: va=0xb0d00000 phys=0x160000000 size=4294967296 rwx=2 -> address-space control (flush/perm), no RAM map
[Syscall] L4_MapControl(sid=0x80000100, ctrl=0x80000000) via UTCB@0xdff00000 -> res=0x1
[L4_MapControl] space=0x80000100 control=0x80000000 modify count=1
  [ctl 0] whole-space op: va=0xb0d00000 phys=0x160000000 size=4294967296 rwx=2 -> address-space control (flush/perm), no RAM map
[Syscall] L4_MapControl(sid=0x80000100, ctrl=0x80000000) via UTCB@0xdff00000 -> res=0x1
[L4_MapControl] space=0x80000100 control=0x80000000 modify count=1
  [ctl 0] whole-space op: va=0xb0d00000 phys=0x160000000 size=4294967296 rwx=2 -> address-space control (flush/perm), no RAM map
[Syscall] L4_MapControl(sid=0x80000100, ctrl=0x80000000) via UTCB@0xdff00000 -> res=0x1
[L4_MapControl] space=0x80000100 control=0x80000000 modify count=1
  [ctl 0] whole-space op: va=0xb0d00000 phys=0x160000000 size=4294967296 rwx=2 -> address-space control (flush/perm), no RAM map
[Syscall] L4_MapControl(sid=0x80000100, ctrl=0x80000000) via UTCB@0xdff00000 -> res=0x1
[L4_MapControl] space=0x80000100 control=0x80000000 modify count=1
  [ctl 0] whole-space op: va=0xb0d00000 phys=0x160000000 size=4294967296 rwx=2 -> address-space control (flush/perm), no RAM map
[Syscall] L4_MapControl(sid=0x80000100, ctrl=0x80000000) via UTCB@0xdff00000 -> res=0x1
[L4_MapControl] space=0x80000100 control=0x80000000 modify count=1
  [ctl 0] whole-space op: va=0xb0d00000 phys=0x160000000 size=4294967296 rwx=2 -> address-space control (flush/perm), no RAM map
[Syscall] L4_MapControl(sid=0x80000100, ctrl=0x80000000) via UTCB@0xdff00000 -> res=0x1
[L4_MapControl] space=0x80000100 control=0x80000000 modify count=1
  [ctl 0] whole-space op: va=0xb0d00000 phys=0x160000000 size=4294967296 rwx=2 -> address-space control (flush/perm), no RAM map
[Syscall] L4_MapControl(sid=0x80000100, ctrl=0x80000000) via UTCB@0xdff00000 -> res=0x1
[L4_MapControl] space=0x80000100 control=0x80000000 modify count=1
  [ctl 0] whole-space op: va=0xb0d00000 phys=0x160000000 size=4294967296 rwx=2 -> address-space control (flush/perm), no RAM map
[Syscall] L4_MapControl(sid=0x80000100, ctrl=0x80000000) via UTCB@0xdff00000 -> res=0x1
  [Cycle 1550] Core0(ARM11): pc=0xb000d6b8 insns=428814 (ok) | Core1(ARM9): pc=0xf0017890 insns=15510000 (ok)
[L4_MapControl] space=0x80000100 control=0x80000000 modify count=1
  [ctl 0] whole-space op: va=0xb0d00000 phys=0x160000000 size=4294967296 rwx=2 -> address-space control (flush/perm), no RAM map
[Syscall] L4_MapControl(sid=0x80000100, ctrl=0x80000000) via UTCB@0xdff00000 -> res=0x1
[L4_MapControl] space=0x80000100 control=0x80000000 modify count=1
  [ctl 0] whole-space op: va=0xb0d00000 phys=0x160000000 size=4294967296 rwx=2 -> address-space control (flush/perm), no RAM map
[Syscall] L4_MapControl(sid=0x80000100, ctrl=0x80000000) via UTCB@0xdff00000 -> res=0x1
[L4_MapControl] space=0x80000100 control=0x80000000 modify count=1
  [ctl 0] whole-space op: va=0xb0d00000 phys=0x160000000 size=4294967296 rwx=2 -> address-space control (flush/perm), no RAM map
[Syscall] L4_MapControl(sid=0x80000100, ctrl=0x80000000) via UTCB@0xdff00000 -> res=0x1
[L4_MapControl] space=0x80000100 control=0x80000000 modify count=1
  [ctl 0] whole-space op: va=0xb0d00000 phys=0x160000000 size=4294967296 rwx=2 -> address-space control (flush/perm), no RAM map
[Syscall] L4_MapControl(sid=0x80000100, ctrl=0x80000000) via UTCB@0xdff00000 -> res=0x1
[L4_MapControl] space=0x80000100 control=0x80000000 modify count=1
  [ctl 0] whole-space op: va=0xb0d00000 phys=0x160000000 size=4294967296 rwx=2 -> address-space control (flush/perm), no RAM map
[Syscall] L4_MapControl(sid=0x80000100, ctrl=0x80000000) via UTCB@0xdff00000 -> res=0x1
[L4_MapControl] space=0x80000100 control=0x80000000 modify count=1
  [ctl 0] whole-space op: va=0xb0d00000 phys=0x160000000 size=4294967296 rwx=2 -> address-space control (flush/perm), no RAM map
[Syscall] L4_MapControl(sid=0x80000100, ctrl=0x80000000) via UTCB@0xdff00000 -> res=0x1
[L4_MapControl] space=0x80000100 control=0x80000000 modify count=1
  [ctl 0] whole-space op: va=0xb0d00000 phys=0x160000000 size=4294967296 rwx=2 -> address-space control (flush/perm), no RAM map
[Syscall] L4_MapControl(sid=0x80000100, ctrl=0x80000000) via UTCB@0xdff00000 -> res=0x1
[L4_MapControl] space=0x80000100 control=0x80000000 modify count=1
  [ctl 0] whole-space op: va=0xb0d00000 phys=0x160000000 size=4294967296 rwx=2 -> address-space control (flush/perm), no RAM map
[Syscall] L4_MapControl(sid=0x80000100, ctrl=0x80000000) via UTCB@0xdff00000 -> res=0x1
[L4_MapControl] space=0x80000100 control=0x80000000 modify count=1
  [ctl 0] whole-space op: va=0xb0d00000 phys=0x160000000 size=4294967296 rwx=2 -> address-space control (flush/perm), no RAM map
[Syscall] L4_MapControl(sid=0x80000100, ctrl=0x80000000) via UTCB@0xdff00000 -> res=0x1
[L4_MapControl] space=0x80000100 control=0x80000000 modify count=1
  [ctl 0] whole-space op: va=0xb0d00000 phys=0x160000000 size=4294967296 rwx=2 -> address-space control (flush/perm), no RAM map
[Syscall] L4_MapControl(sid=0x80000100, ctrl=0x80000000) via UTCB@0xdff00000 -> res=0x1
  [Cycle 1560] Core0(ARM11): pc=0xb000d6b8 insns=430154 (ok) | Core1(ARM9): pc=0xf0017890 insns=15610000 (ok)
[L4_MapControl] space=0x80000100 control=0x80000000 modify count=1
  [ctl 0] whole-space op: va=0xb0d00000 phys=0x160000000 size=4294967296 rwx=2 -> address-space control (flush/perm), no RAM map
[Syscall] L4_MapControl(sid=0x80000100, ctrl=0x80000000) via UTCB@0xdff00000 -> res=0x1
[L4_MapControl] space=0x80000100 control=0x80000000 modify count=1
  [ctl 0] whole-space op: va=0xb0d00000 phys=0x160000000 size=4294967296 rwx=2 -> address-space control (flush/perm), no RAM map
[Syscall] L4_MapControl(sid=0x80000100, ctrl=0x80000000) via UTCB@0xdff00000 -> res=0x1
[L4_MapControl] space=0x80000100 control=0x80000000 modify count=1
  [ctl 0] whole-space op: va=0xb0d00000 phys=0x160000000 size=4294967296 rwx=2 -> address-space control (flush/perm), no RAM map
[Syscall] L4_MapControl(sid=0x80000100, ctrl=0x80000000) via UTCB@0xdff00000 -> res=0x1
[L4_MapControl] space=0x80000100 control=0x80000000 modify count=1
  [ctl 0] whole-space op: va=0xb0d00000 phys=0x160000000 size=4294967296 rwx=2 -> address-space control (flush/perm), no RAM map
[Syscall] L4_MapControl(sid=0x80000100, ctrl=0x80000000) via UTCB@0xdff00000 -> res=0x1
[L4_MapControl] space=0x80000100 control=0x80000000 modify count=1
  [ctl 0] whole-space op: va=0xb0d00000 phys=0x160000000 size=4294967296 rwx=2 -> address-space control (flush/perm), no RAM map
[Syscall] L4_MapControl(sid=0x80000100, ctrl=0x80000000) via UTCB@0xdff00000 -> res=0x1
[L4_MapControl] space=0x80000100 control=0x80000000 modify count=1
  [ctl 0] whole-space op: va=0xb0d00000 phys=0x160000000 size=4294967296 rwx=2 -> address-space control (flush/perm), no RAM map
[Syscall] L4_MapControl(sid=0x80000100, ctrl=0x80000000) via UTCB@0xdff00000 -> res=0x1
[L4_MapControl] space=0x80000100 control=0x80000000 modify count=1
  [ctl 0] whole-space op: va=0xb0d00000 phys=0x160000000 size=4294967296 rwx=2 -> address-space control (flush/perm), no RAM map
[Syscall] L4_MapControl(sid=0x80000100, ctrl=0x80000000) via UTCB@0xdff00000 -> res=0x1
[L4_MapControl] space=0x80000100 control=0x80000000 modify count=1
  [ctl 0] whole-space op: va=0xb0d00000 phys=0x160000000 size=4294967296 rwx=2 -> address-space control (flush/perm), no RAM map
[Syscall] L4_MapControl(sid=0x80000100, ctrl=0x80000000) via UTCB@0xdff00000 -> res=0x1
[L4_MapControl] space=0x80000100 control=0x80000000 modify count=1
  [ctl 0] whole-space op: va=0xb0d00000 phys=0x160000000 size=4294967296 rwx=2 -> address-space control (flush/perm), no RAM map
[Syscall] L4_MapControl(sid=0x80000100, ctrl=0x80000000) via UTCB@0xdff00000 -> res=0x1
[L4_MapControl] space=0x80000100 control=0x80000000 modify count=1
  [ctl 0] whole-space op: va=0xb0d00000 phys=0x160000000 size=4294967296 rwx=2 -> address-space control (flush/perm), no RAM map
[Syscall] L4_MapControl(sid=0x80000100, ctrl=0x80000000) via UTCB@0xdff00000 -> res=0x1
  [Cycle 1570] Core0(ARM11): pc=0xb000d6b8 insns=431494 (ok) | Core1(ARM9): pc=0xf0017890 insns=15710000 (ok)
[L4_MapControl] space=0x80000100 control=0x80000000 modify count=1
  [ctl 0] whole-space op: va=0xb0d00000 phys=0x160000000 size=4294967296 rwx=2 -> address-space control (flush/perm), no RAM map
[Syscall] L4_MapControl(sid=0x80000100, ctrl=0x80000000) via UTCB@0xdff00000 -> res=0x1
[L4_MapControl] space=0x80000100 control=0x80000000 modify count=1
  [ctl 0] whole-space op: va=0xb0d00000 phys=0x160000000 size=4294967296 rwx=2 -> address-space control (flush/perm), no RAM map
[Syscall] L4_MapControl(sid=0x80000100, ctrl=0x80000000) via UTCB@0xdff00000 -> res=0x1
[L4_MapControl] space=0x80000100 control=0x80000000 modify count=1
  [ctl 0] whole-space op: va=0xb0d00000 phys=0x160000000 size=4294967296 rwx=2 -> address-space control (flush/perm), no RAM map
[Syscall] L4_MapControl(sid=0x80000100, ctrl=0x80000000) via UTCB@0xdff00000 -> res=0x1
[L4_MapControl] space=0x80000100 control=0x80000000 modify count=1
  [ctl 0] whole-space op: va=0xb0d00000 phys=0x160000000 size=4294967296 rwx=2 -> address-space control (flush/perm), no RAM map
[Syscall] L4_MapControl(sid=0x80000100, ctrl=0x80000000) via UTCB@0xdff00000 -> res=0x1
[L4_MapControl] space=0x80000100 control=0x80000000 modify count=1
  [ctl 0] whole-space op: va=0xb0d00000 phys=0x160000000 size=4294967296 rwx=2 -> address-space control (flush/perm), no RAM map
[Syscall] L4_MapControl(sid=0x80000100, ctrl=0x80000000) via UTCB@0xdff00000 -> res=0x1
[L4_MapControl] space=0x80000100 control=0x80000000 modify count=1
  [ctl 0] whole-space op: va=0xb0d00000 phys=0x160000000 size=4294967296 rwx=2 -> address-space control (flush/perm), no RAM map
[Syscall] L4_MapControl(sid=0x80000100, ctrl=0x80000000) via UTCB@0xdff00000 -> res=0x1
[L4_MapControl] space=0x80000100 control=0x80000000 modify count=1
  [ctl 0] whole-space op: va=0xb0d00000 phys=0x160000000 size=4294967296 rwx=2 -> address-space control (flush/perm), no RAM map
[Syscall] L4_MapControl(sid=0x80000100, ctrl=0x80000000) via UTCB@0xdff00000 -> res=0x1
[L4_MapControl] space=0x80000100 control=0x80000000 modify count=1
  [ctl 0] whole-space op: va=0xb0d00000 phys=0x160000000 size=4294967296 rwx=2 -> address-space control (flush/perm), no RAM map
[Syscall] L4_MapControl(sid=0x80000100, ctrl=0x80000000) via UTCB@0xdff00000 -> res=0x1
[L4_MapControl] space=0x80000100 control=0x80000000 modify count=1
  [ctl 0] whole-space op: va=0xb0d00000 phys=0x160000000 size=4294967296 rwx=2 -> address-space control (flush/perm), no RAM map
[Syscall] L4_MapControl(sid=0x80000100, ctrl=0x80000000) via UTCB@0xdff00000 -> res=0x1
[L4_MapControl] space=0x80000100 control=0x80000000 modify count=1
  [ctl 0] whole-space op: va=0xb0d00000 phys=0x160000000 size=4294967296 rwx=2 -> address-space control (flush/perm), no RAM map
[Syscall] L4_MapControl(sid=0x80000100, ctrl=0x80000000) via UTCB@0xdff00000 -> res=0x1
  [Cycle 1580] Core0(ARM11): pc=0xb000d6b8 insns=432834 (ok) | Core1(ARM9): pc=0xf0017890 insns=15810000 (ok)
[L4_MapControl] space=0x80000100 control=0x80000000 modify count=1
  [ctl 0] whole-space op: va=0xb0d00000 phys=0x160000000 size=4294967296 rwx=2 -> address-space control (flush/perm), no RAM map
[Syscall] L4_MapControl(sid=0x80000100, ctrl=0x80000000) via UTCB@0xdff00000 -> res=0x1
[L4_MapControl] space=0x80000100 control=0x80000000 modify count=1
  [ctl 0] whole-space op: va=0xb0d00000 phys=0x160000000 size=4294967296 rwx=2 -> address-space control (flush/perm), no RAM map
[Syscall] L4_MapControl(sid=0x80000100, ctrl=0x80000000) via UTCB@0xdff00000 -> res=0x1
[L4_MapControl] space=0x80000100 control=0x80000000 modify count=1
  [ctl 0] whole-space op: va=0xb0d00000 phys=0x160000000 size=4294967296 rwx=2 -> address-space control (flush/perm), no RAM map
[Syscall] L4_MapControl(sid=0x80000100, ctrl=0x80000000) via UTCB@0xdff00000 -> res=0x1
[L4_MapControl] space=0x80000100 control=0x80000000 modify count=1
  [ctl 0] whole-space op: va=0xb0d00000 phys=0x160000000 size=4294967296 rwx=2 -> address-space control (flush/perm), no RAM map
[Syscall] L4_MapControl(sid=0x80000100, ctrl=0x80000000) via UTCB@0xdff00000 -> res=0x1
[L4_MapControl] space=0x80000100 control=0x80000000 modify count=1
  [ctl 0] whole-space op: va=0xb0d00000 phys=0x160000000 size=4294967296 rwx=2 -> address-space control (flush/perm), no RAM map
[Syscall] L4_MapControl(sid=0x80000100, ctrl=0x80000000) via UTCB@0xdff00000 -> res=0x1
[L4_MapControl] space=0x80000100 control=0x80000000 modify count=1
  [ctl 0] whole-space op: va=0xb0d00000 phys=0x160000000 size=4294967296 rwx=2 -> address-space control (flush/perm), no RAM map
[Syscall] L4_MapControl(sid=0x80000100, ctrl=0x80000000) via UTCB@0xdff00000 -> res=0x1
[L4_MapControl] space=0x80000100 control=0x80000000 modify count=1
  [ctl 0] whole-space op: va=0xb0d00000 phys=0x160000000 size=4294967296 rwx=2 -> address-space control (flush/perm), no RAM map
[Syscall] L4_MapControl(sid=0x80000100, ctrl=0x80000000) via UTCB@0xdff00000 -> res=0x1
[L4_MapControl] space=0x80000100 control=0x80000000 modify count=1
  [ctl 0] whole-space op: va=0xb0d00000 phys=0x160000000 size=4294967296 rwx=2 -> address-space control (flush/perm), no RAM map
[Syscall] L4_MapControl(sid=0x80000100, ctrl=0x80000000) via UTCB@0xdff00000 -> res=0x1
[L4_MapControl] space=0x80000100 control=0x80000000 modify count=1
  [ctl 0] whole-space op: va=0xb0d00000 phys=0x160000000 size=4294967296 rwx=2 -> address-space control (flush/perm), no RAM map
[Syscall] L4_MapControl(sid=0x80000100, ctrl=0x80000000) via UTCB@0xdff00000 -> res=0x1
[L4_MapControl] space=0x80000100 control=0x80000000 modify count=1
  [ctl 0] whole-space op: va=0xb0d00000 phys=0x160000000 size=4294967296 rwx=2 -> address-space control (flush/perm), no RAM map
[Syscall] L4_MapControl(sid=0x80000100, ctrl=0x80000000) via UTCB@0xdff00000 -> res=0x1
  [Cycle 1590] Core0(ARM11): pc=0xb000d6b8 insns=434174 (ok) | Core1(ARM9): pc=0xf0017890 insns=15910000 (ok)
[L4_MapControl] space=0x80000100 control=0x80000000 modify count=1
  [ctl 0] whole-space op: va=0xb0d00000 phys=0x160000000 size=4294967296 rwx=2 -> address-space control (flush/perm), no RAM map
[Syscall] L4_MapControl(sid=0x80000100, ctrl=0x80000000) via UTCB@0xdff00000 -> res=0x1
[L4_MapControl] space=0x80000100 control=0x80000000 modify count=1
  [ctl 0] whole-space op: va=0xb0d00000 phys=0x160000000 size=4294967296 rwx=2 -> address-space control (flush/perm), no RAM map
[Syscall] L4_MapControl(sid=0x80000100, ctrl=0x80000000) via UTCB@0xdff00000 -> res=0x1
[L4_MapControl] space=0x80000100 control=0x80000000 modify count=1
  [ctl 0] whole-space op: va=0xb0d00000 phys=0x160000000 size=4294967296 rwx=2 -> address-space control (flush/perm), no RAM map
[Syscall] L4_MapControl(sid=0x80000100, ctrl=0x80000000) via UTCB@0xdff00000 -> res=0x1
[L4_MapControl] space=0x80000100 control=0x80000000 modify count=1
  [ctl 0] whole-space op: va=0xb0d00000 phys=0x160000000 size=4294967296 rwx=2 -> address-space control (flush/perm), no RAM map
[Syscall] L4_MapControl(sid=0x80000100, ctrl=0x80000000) via UTCB@0xdff00000 -> res=0x1
[L4_MapControl] space=0x80000100 control=0x80000000 modify count=1
  [ctl 0] whole-space op: va=0xb0d00000 phys=0x160000000 size=4294967296 rwx=2 -> address-space control (flush/perm), no RAM map
[Syscall] L4_MapControl(sid=0x80000100, ctrl=0x80000000) via UTCB@0xdff00000 -> res=0x1
[L4_MapControl] space=0x80000100 control=0x80000000 modify count=1
  [ctl 0] whole-space op: va=0xb0d00000 phys=0x160000000 size=4294967296 rwx=2 -> address-space control (flush/perm), no RAM map
[Syscall] L4_MapControl(sid=0x80000100, ctrl=0x80000000) via UTCB@0xdff00000 -> res=0x1
[L4_MapControl] space=0x80000100 control=0x80000000 modify count=1
  [ctl 0] whole-space op: va=0xb0d00000 phys=0x160000000 size=4294967296 rwx=2 -> address-space control (flush/perm), no RAM map
[Syscall] L4_MapControl(sid=0x80000100, ctrl=0x80000000) via UTCB@0xdff00000 -> res=0x1
[L4_MapControl] space=0x80000100 control=0x80000000 modify count=1
  [ctl 0] whole-space op: va=0xb0d00000 phys=0x160000000 size=4294967296 rwx=2 -> address-space control (flush/perm), no RAM map
[Syscall] L4_MapControl(sid=0x80000100, ctrl=0x80000000) via UTCB@0xdff00000 -> res=0x1
[L4_MapControl] space=0x80000100 control=0x80000000 modify count=1
  [ctl 0] whole-space op: va=0xb0d00000 phys=0x160000000 size=4294967296 rwx=2 -> address-space control (flush/perm), no RAM map
[Syscall] L4_MapControl(sid=0x80000100, ctrl=0x80000000) via UTCB@0xdff00000 -> res=0x1
[L4_MapControl] space=0x80000100 control=0x80000000 modify count=1
  [ctl 0] whole-space op: va=0xb0d00000 phys=0x160000000 size=4294967296 rwx=2 -> address-space control (flush/perm), no RAM map
[Syscall] L4_MapControl(sid=0x80000100, ctrl=0x80000000) via UTCB@0xdff00000 -> res=0x1
  [Cycle 1600] Core0(ARM11): pc=0xb000d6b8 insns=435514 (ok) | Core1(ARM9): pc=0xf0017890 insns=16010000 (ok)
[L4_MapControl] space=0x80000100 control=0x80000000 modify count=1
  [ctl 0] whole-space op: va=0xb0d00000 phys=0x160000000 size=4294967296 rwx=2 -> address-space control (flush/perm), no RAM map
[Syscall] L4_MapControl(sid=0x80000100, ctrl=0x80000000) via UTCB@0xdff00000 -> res=0x1
[L4_MapControl] space=0x80000100 control=0x80000000 modify count=1
  [ctl 0] whole-space op: va=0xb0d00000 phys=0x160000000 size=4294967296 rwx=2 -> address-space control (flush/perm), no RAM map
[Syscall] L4_MapControl(sid=0x80000100, ctrl=0x80000000) via UTCB@0xdff00000 -> res=0x1
[L4_MapControl] space=0x80000100 control=0x80000000 modify count=1
  [ctl 0] whole-space op: va=0xb0d00000 phys=0x160000000 size=4294967296 rwx=2 -> address-space control (flush/perm), no RAM map
[Syscall] L4_MapControl(sid=0x80000100, ctrl=0x80000000) via UTCB@0xdff00000 -> res=0x1
[L4_MapControl] space=0x80000100 control=0x80000000 modify count=1
  [ctl 0] whole-space op: va=0xb0d00000 phys=0x160000000 size=4294967296 rwx=2 -> address-space control (flush/perm), no RAM map
[Syscall] L4_MapControl(sid=0x80000100, ctrl=0x80000000) via UTCB@0xdff00000 -> res=0x1
[L4_MapControl] space=0x80000100 control=0x80000000 modify count=1
  [ctl 0] whole-space op: va=0xb0d00000 phys=0x160000000 size=4294967296 rwx=2 -> address-space control (flush/perm), no RAM map
[Syscall] L4_MapControl(sid=0x80000100, ctrl=0x80000000) via UTCB@0xdff00000 -> res=0x1
[L4_MapControl] space=0x80000100 control=0x80000000 modify count=1
  [ctl 0] whole-space op: va=0xb0d00000 phys=0x160000000 size=4294967296 rwx=2 -> address-space control (flush/perm), no RAM map
[Syscall] L4_MapControl(sid=0x80000100, ctrl=0x80000000) via UTCB@0xdff00000 -> res=0x1
[L4_MapControl] space=0x80000100 control=0x80000000 modify count=1
  [ctl 0] whole-space op: va=0xb0d00000 phys=0x160000000 size=4294967296 rwx=2 -> address-space control (flush/perm), no RAM map
[Syscall] L4_MapControl(sid=0x80000100, ctrl=0x80000000) via UTCB@0xdff00000 -> res=0x1
[L4_MapControl] space=0x80000100 control=0x80000000 modify count=1
  [ctl 0] whole-space op: va=0xb0d00000 phys=0x160000000 size=4294967296 rwx=2 -> address-space control (flush/perm), no RAM map
[Syscall] L4_MapControl(sid=0x80000100, ctrl=0x80000000) via UTCB@0xdff00000 -> res=0x1
[L4_MapControl] space=0x80000100 control=0x80000000 modify count=1
  [ctl 0] whole-space op: va=0xb0d00000 phys=0x160000000 size=4294967296 rwx=2 -> address-space control (flush/perm), no RAM map
[Syscall] L4_MapControl(sid=0x80000100, ctrl=0x80000000) via UTCB@0xdff00000 -> res=0x1
[L4_MapControl] space=0x80000100 control=0x80000000 modify count=1
  [ctl 0] whole-space op: va=0xb0d00000 phys=0x160000000 size=4294967296 rwx=2 -> address-space control (flush/perm), no RAM map
[Syscall] L4_MapControl(sid=0x80000100, ctrl=0x80000000) via UTCB@0xdff00000 -> res=0x1
  [Cycle 1610] Core0(ARM11): pc=0xb000d6b8 insns=436854 (ok) | Core1(ARM9): pc=0xf0017890 insns=16110000 (ok)
[L4_MapControl] space=0x80000100 control=0x80000000 modify count=1
  [ctl 0] whole-space op: va=0xb0d00000 phys=0x160000000 size=4294967296 rwx=2 -> address-space control (flush/perm), no RAM map
[Syscall] L4_MapControl(sid=0x80000100, ctrl=0x80000000) via UTCB@0xdff00000 -> res=0x1
[L4_MapControl] space=0x80000100 control=0x80000000 modify count=1
  [ctl 0] whole-space op: va=0xb0d00000 phys=0x160000000 size=4294967296 rwx=2 -> address-space control (flush/perm), no RAM map
[Syscall] L4_MapControl(sid=0x80000100, ctrl=0x80000000) via UTCB@0xdff00000 -> res=0x1
[L4_MapControl] space=0x80000100 control=0x80000000 modify count=1
  [ctl 0] whole-space op: va=0xb0d00000 phys=0x160000000 size=4294967296 rwx=2 -> address-space control (flush/perm), no RAM map
[Syscall] L4_MapControl(sid=0x80000100, ctrl=0x80000000) via UTCB@0xdff00000 -> res=0x1
[L4_MapControl] space=0x80000100 control=0x80000000 modify count=1
  [ctl 0] whole-space op: va=0xb0d00000 phys=0x160000000 size=4294967296 rwx=2 -> address-space control (flush/perm), no RAM map
[Syscall] L4_MapControl(sid=0x80000100, ctrl=0x80000000) via UTCB@0xdff00000 -> res=0x1
[L4_MapControl] space=0x80000100 control=0x80000000 modify count=1
  [ctl 0] whole-space op: va=0xb0d00000 phys=0x160000000 size=4294967296 rwx=2 -> address-space control (flush/perm), no RAM map
[Syscall] L4_MapControl(sid=0x80000100, ctrl=0x80000000) via UTCB@0xdff00000 -> res=0x1
[L4_MapControl] space=0x80000100 control=0x80000000 modify count=1
  [ctl 0] whole-space op: va=0xb0d00000 phys=0x160000000 size=4294967296 rwx=2 -> address-space control (flush/perm), no RAM map
[Syscall] L4_MapControl(sid=0x80000100, ctrl=0x80000000) via UTCB@0xdff00000 -> res=0x1
[L4_MapControl] space=0x80000100 control=0x80000000 modify count=1
  [ctl 0] whole-space op: va=0xb0d00000 phys=0x160000000 size=4294967296 rwx=2 -> address-space control (flush/perm), no RAM map
[Syscall] L4_MapControl(sid=0x80000100, ctrl=0x80000000) via UTCB@0xdff00000 -> res=0x1
[L4_MapControl] space=0x80000100 control=0x80000000 modify count=1
  [ctl 0] whole-space op: va=0xb0d00000 phys=0x160000000 size=4294967296 rwx=2 -> address-space control (flush/perm), no RAM map
[Syscall] L4_MapControl(sid=0x80000100, ctrl=0x80000000) via UTCB@0xdff00000 -> res=0x1
[L4_MapControl] space=0x80000100 control=0x80000000 modify count=1
  [ctl 0] whole-space op: va=0xb0d00000 phys=0x160000000 size=4294967296 rwx=2 -> address-space control (flush/perm), no RAM map
[Syscall] L4_MapControl(sid=0x80000100, ctrl=0x80000000) via UTCB@0xdff00000 -> res=0x1
[L4_MapControl] space=0x80000100 control=0x80000000 modify count=1
  [ctl 0] whole-space op: va=0xb0d00000 phys=0x160000000 size=4294967296 rwx=2 -> address-space control (flush/perm), no RAM map
[Syscall] L4_MapControl(sid=0x80000100, ctrl=0x80000000) via UTCB@0xdff00000 -> res=0x1
  [Cycle 1620] Core0(ARM11): pc=0xb000d6b8 insns=438194 (ok) | Core1(ARM9): pc=0xf0017890 insns=16210000 (ok)
[L4_MapControl] space=0x80000100 control=0x80000000 modify count=1
  [ctl 0] whole-space op: va=0xb0d00000 phys=0x160000000 size=4294967296 rwx=2 -> address-space control (flush/perm), no RAM map
[Syscall] L4_MapControl(sid=0x80000100, ctrl=0x80000000) via UTCB@0xdff00000 -> res=0x1
[L4_MapControl] space=0x80000100 control=0x80000000 modify count=1
  [ctl 0] whole-space op: va=0xb0d00000 phys=0x160000000 size=4294967296 rwx=2 -> address-space control (flush/perm), no RAM map
[Syscall] L4_MapControl(sid=0x80000100, ctrl=0x80000000) via UTCB@0xdff00000 -> res=0x1
[L4_MapControl] space=0x80000100 control=0x80000000 modify count=1
  [ctl 0] whole-space op: va=0xb0d00000 phys=0x160000000 size=4294967296 rwx=2 -> address-space control (flush/perm), no RAM map
[Syscall] L4_MapControl(sid=0x80000100, ctrl=0x80000000) via UTCB@0xdff00000 -> res=0x1
[L4_MapControl] space=0x80000100 control=0x80000000 modify count=1
  [ctl 0] whole-space op: va=0xb0d00000 phys=0x160000000 size=4294967296 rwx=2 -> address-space control (flush/perm), no RAM map
[Syscall] L4_MapControl(sid=0x80000100, ctrl=0x80000000) via UTCB@0xdff00000 -> res=0x1
[L4_MapControl] space=0x80000100 control=0x80000000 modify count=1
  [ctl 0] whole-space op: va=0xb0d00000 phys=0x160000000 size=4294967296 rwx=2 -> address-space control (flush/perm), no RAM map
[Syscall] L4_MapControl(sid=0x80000100, ctrl=0x80000000) via UTCB@0xdff00000 -> res=0x1
[L4_MapControl] space=0x80000100 control=0x80000000 modify count=1
  [ctl 0] whole-space op: va=0xb0d00000 phys=0x160000000 size=4294967296 rwx=2 -> address-space control (flush/perm), no RAM map
[Syscall] L4_MapControl(sid=0x80000100, ctrl=0x80000000) via UTCB@0xdff00000 -> res=0x1
[L4_MapControl] space=0x80000100 control=0x80000000 modify count=1
  [ctl 0] whole-space op: va=0xb0d00000 phys=0x160000000 size=4294967296 rwx=2 -> address-space control (flush/perm), no RAM map
[Syscall] L4_MapControl(sid=0x80000100, ctrl=0x80000000) via UTCB@0xdff00000 -> res=0x1
[L4_MapControl] space=0x80000100 control=0x80000000 modify count=1
  [ctl 0] whole-space op: va=0xb0d00000 phys=0x160000000 size=4294967296 rwx=2 -> address-space control (flush/perm), no RAM map
[Syscall] L4_MapControl(sid=0x80000100, ctrl=0x80000000) via UTCB@0xdff00000 -> res=0x1
[L4_MapControl] space=0x80000100 control=0x80000000 modify count=1
  [ctl 0] whole-space op: va=0xb0d00000 phys=0x160000000 size=4294967296 rwx=2 -> address-space control (flush/perm), no RAM map
[Syscall] L4_MapControl(sid=0x80000100, ctrl=0x80000000) via UTCB@0xdff00000 -> res=0x1
[L4_MapControl] space=0x80000100 control=0x80000000 modify count=1
  [ctl 0] whole-space op: va=0xb0d00000 phys=0x160000000 size=4294967296 rwx=2 -> address-space control (flush/perm), no RAM map
[Syscall] L4_MapControl(sid=0x80000100, ctrl=0x80000000) via UTCB@0xdff00000 -> res=0x1
  [Cycle 1630] Core0(ARM11): pc=0xb000d6b8 insns=439534 (ok) | Core1(ARM9): pc=0xf0017890 insns=16310000 (ok)
[L4_MapControl] space=0x80000100 control=0x80000000 modify count=1
  [ctl 0] whole-space op: va=0xb0d00000 phys=0x160000000 size=4294967296 rwx=2 -> address-space control (flush/perm), no RAM map
[Syscall] L4_MapControl(sid=0x80000100, ctrl=0x80000000) via UTCB@0xdff00000 -> res=0x1
[L4_MapControl] space=0x80000100 control=0x80000000 modify count=1
  [ctl 0] whole-space op: va=0xb0d00000 phys=0x160000000 size=4294967296 rwx=2 -> address-space control (flush/perm), no RAM map
[Syscall] L4_MapControl(sid=0x80000100, ctrl=0x80000000) via UTCB@0xdff00000 -> res=0x1
[L4_MapControl] space=0x80000100 control=0x80000000 modify count=1
  [ctl 0] whole-space op: va=0xb0d00000 phys=0x160000000 size=4294967296 rwx=2 -> address-space control (flush/perm), no RAM map
[Syscall] L4_MapControl(sid=0x80000100, ctrl=0x80000000) via UTCB@0xdff00000 -> res=0x1
[L4_MapControl] space=0x80000100 control=0x80000000 modify count=1
  [ctl 0] whole-space op: va=0xb0d00000 phys=0x160000000 size=4294967296 rwx=2 -> address-space control (flush/perm), no RAM map
[Syscall] L4_MapControl(sid=0x80000100, ctrl=0x80000000) via UTCB@0xdff00000 -> res=0x1
[L4_MapControl] space=0x80000100 control=0x80000000 modify count=1
  [ctl 0] whole-space op: va=0xb0d00000 phys=0x160000000 size=4294967296 rwx=2 -> address-space control (flush/perm), no RAM map
[Syscall] L4_MapControl(sid=0x80000100, ctrl=0x80000000) via UTCB@0xdff00000 -> res=0x1
[L4_MapControl] space=0x80000100 control=0x80000000 modify count=1
  [ctl 0] whole-space op: va=0xb0d00000 phys=0x160000000 size=4294967296 rwx=2 -> address-space control (flush/perm), no RAM map
[Syscall] L4_MapControl(sid=0x80000100, ctrl=0x80000000) via UTCB@0xdff00000 -> res=0x1
[L4_MapControl] space=0x80000100 control=0x80000000 modify count=1
  [ctl 0] whole-space op: va=0xb0d00000 phys=0x160000000 size=4294967296 rwx=2 -> address-space control (flush/perm), no RAM map
[Syscall] L4_MapControl(sid=0x80000100, ctrl=0x80000000) via UTCB@0xdff00000 -> res=0x1
[L4_MapControl] space=0x80000100 control=0x80000000 modify count=1
  [ctl 0] whole-space op: va=0xb0d00000 phys=0x160000000 size=4294967296 rwx=2 -> address-space control (flush/perm), no RAM map
[Syscall] L4_MapControl(sid=0x80000100, ctrl=0x80000000) via UTCB@0xdff00000 -> res=0x1
[L4_MapControl] space=0x80000100 control=0x80000000 modify count=1
  [ctl 0] whole-space op: va=0xb0d00000 phys=0x160000000 size=4294967296 rwx=2 -> address-space control (flush/perm), no RAM map
[Syscall] L4_MapControl(sid=0x80000100, ctrl=0x80000000) via UTCB@0xdff00000 -> res=0x1
[L4_MapControl] space=0x80000100 control=0x80000000 modify count=1
  [ctl 0] whole-space op: va=0xb0d00000 phys=0x160000000 size=4294967296 rwx=2 -> address-space control (flush/perm), no RAM map
[Syscall] L4_MapControl(sid=0x80000100, ctrl=0x80000000) via UTCB@0xdff00000 -> res=0x1
  [Cycle 1640] Core0(ARM11): pc=0xb000d6b8 insns=440874 (ok) | Core1(ARM9): pc=0xf0017890 insns=16410000 (ok)
[L4_MapControl] space=0x80000100 control=0x80000000 modify count=1
  [ctl 0] whole-space op: va=0xb0d00000 phys=0x160000000 size=4294967296 rwx=2 -> address-space control (flush/perm), no RAM map
[Syscall] L4_MapControl(sid=0x80000100, ctrl=0x80000000) via UTCB@0xdff00000 -> res=0x1
[L4_MapControl] space=0x80000100 control=0x80000000 modify count=1
  [ctl 0] whole-space op: va=0xb0d00000 phys=0x160000000 size=4294967296 rwx=2 -> address-space control (flush/perm), no RAM map
[Syscall] L4_MapControl(sid=0x80000100, ctrl=0x80000000) via UTCB@0xdff00000 -> res=0x1
[L4_MapControl] space=0x80000100 control=0x80000000 modify count=1
  [ctl 0] whole-space op: va=0xb0d00000 phys=0x160000000 size=4294967296 rwx=2 -> address-space control (flush/perm), no RAM map
[Syscall] L4_MapControl(sid=0x80000100, ctrl=0x80000000) via UTCB@0xdff00000 -> res=0x1
[L4_MapControl] space=0x80000100 control=0x80000000 modify count=1
  [ctl 0] whole-space op: va=0xb0d00000 phys=0x160000000 size=4294967296 rwx=2 -> address-space control (flush/perm), no RAM map
[Syscall] L4_MapControl(sid=0x80000100, ctrl=0x80000000) via UTCB@0xdff00000 -> res=0x1
[L4_MapControl] space=0x80000100 control=0x80000000 modify count=1
  [ctl 0] whole-space op: va=0xb0d00000 phys=0x160000000 size=4294967296 rwx=2 -> address-space control (flush/perm), no RAM map
[Syscall] L4_MapControl(sid=0x80000100, ctrl=0x80000000) via UTCB@0xdff00000 -> res=0x1
[L4_MapControl] space=0x80000100 control=0x80000000 modify count=1
  [ctl 0] whole-space op: va=0xb0d00000 phys=0x160000000 size=4294967296 rwx=2 -> address-space control (flush/perm), no RAM map
[Syscall] L4_MapControl(sid=0x80000100, ctrl=0x80000000) via UTCB@0xdff00000 -> res=0x1
[L4_MapControl] space=0x80000100 control=0x80000000 modify count=1
  [ctl 0] whole-space op: va=0xb0d00000 phys=0x160000000 size=4294967296 rwx=2 -> address-space control (flush/perm), no RAM map
[Syscall] L4_MapControl(sid=0x80000100, ctrl=0x80000000) via UTCB@0xdff00000 -> res=0x1
[L4_MapControl] space=0x80000100 control=0x80000000 modify count=1
  [ctl 0] whole-space op: va=0xb0d00000 phys=0x160000000 size=4294967296 rwx=2 -> address-space control (flush/perm), no RAM map
[Syscall] L4_MapControl(sid=0x80000100, ctrl=0x80000000) via UTCB@0xdff00000 -> res=0x1
[L4_MapControl] space=0x80000100 control=0x80000000 modify count=1
  [ctl 0] whole-space op: va=0xb0d00000 phys=0x160000000 size=4294967296 rwx=2 -> address-space control (flush/perm), no RAM map
[Syscall] L4_MapControl(sid=0x80000100, ctrl=0x80000000) via UTCB@0xdff00000 -> res=0x1
[L4_MapControl] space=0x80000100 control=0x80000000 modify count=1
  [ctl 0] whole-space op: va=0xb0d00000 phys=0x160000000 size=4294967296 rwx=2 -> address-space control (flush/perm), no RAM map
[Syscall] L4_MapControl(sid=0x80000100, ctrl=0x80000000) via UTCB@0xdff00000 -> res=0x1
  [Cycle 1650] Core0(ARM11): pc=0xb000d6b8 insns=442214 (ok) | Core1(ARM9): pc=0xf0017890 insns=16510000 (ok)
[L4_MapControl] space=0x80000100 control=0x80000000 modify count=1
  [ctl 0] whole-space op: va=0xb0d00000 phys=0x160000000 size=4294967296 rwx=2 -> address-space control (flush/perm), no RAM map
[Syscall] L4_MapControl(sid=0x80000100, ctrl=0x80000000) via UTCB@0xdff00000 -> res=0x1
[L4_MapControl] space=0x80000100 control=0x80000000 modify count=1
  [ctl 0] whole-space op: va=0xb0d00000 phys=0x160000000 size=4294967296 rwx=2 -> address-space control (flush/perm), no RAM map
[Syscall] L4_MapControl(sid=0x80000100, ctrl=0x80000000) via UTCB@0xdff00000 -> res=0x1
[L4_MapControl] space=0x80000100 control=0x80000000 modify count=1
  [ctl 0] whole-space op: va=0xb0d00000 phys=0x160000000 size=4294967296 rwx=2 -> address-space control (flush/perm), no RAM map
[Syscall] L4_MapControl(sid=0x80000100, ctrl=0x80000000) via UTCB@0xdff00000 -> res=0x1
[L4_MapControl] space=0x80000100 control=0x80000000 modify count=1
  [ctl 0] whole-space op: va=0xb0d00000 phys=0x160000000 size=4294967296 rwx=2 -> address-space control (flush/perm), no RAM map
[Syscall] L4_MapControl(sid=0x80000100, ctrl=0x80000000) via UTCB@0xdff00000 -> res=0x1
[L4_MapControl] space=0x80000100 control=0x80000000 modify count=1
  [ctl 0] whole-space op: va=0xb0d00000 phys=0x160000000 size=4294967296 rwx=2 -> address-space control (flush/perm), no RAM map
[Syscall] L4_MapControl(sid=0x80000100, ctrl=0x80000000) via UTCB@0xdff00000 -> res=0x1
[L4_MapControl] space=0x80000100 control=0x80000000 modify count=1
  [ctl 0] whole-space op: va=0xb0d00000 phys=0x160000000 size=4294967296 rwx=2 -> address-space control (flush/perm), no RAM map
[Syscall] L4_MapControl(sid=0x80000100, ctrl=0x80000000) via UTCB@0xdff00000 -> res=0x1
[L4_MapControl] space=0x80000100 control=0x80000000 modify count=1
  [ctl 0] whole-space op: va=0xb0d00000 phys=0x160000000 size=4294967296 rwx=2 -> address-space control (flush/perm), no RAM map
[Syscall] L4_MapControl(sid=0x80000100, ctrl=0x80000000) via UTCB@0xdff00000 -> res=0x1
[L4_MapControl] space=0x80000100 control=0x80000000 modify count=1
  [ctl 0] whole-space op: va=0xb0d00000 phys=0x160000000 size=4294967296 rwx=2 -> address-space control (flush/perm), no RAM map
[Syscall] L4_MapControl(sid=0x80000100, ctrl=0x80000000) via UTCB@0xdff00000 -> res=0x1
[L4_MapControl] space=0x80000100 control=0x80000000 modify count=1
  [ctl 0] whole-space op: va=0xb0d00000 phys=0x160000000 size=4294967296 rwx=2 -> address-space control (flush/perm), no RAM map
[Syscall] L4_MapControl(sid=0x80000100, ctrl=0x80000000) via UTCB@0xdff00000 -> res=0x1
[L4_MapControl] space=0x80000100 control=0x80000000 modify count=1
  [ctl 0] whole-space op: va=0xb0d00000 phys=0x160000000 size=4294967296 rwx=2 -> address-space control (flush/perm), no RAM map
[Syscall] L4_MapControl(sid=0x80000100, ctrl=0x80000000) via UTCB@0xdff00000 -> res=0x1
  [Cycle 1660] Core0(ARM11): pc=0xb000d6b8 insns=443554 (ok) | Core1(ARM9): pc=0xf0017890 insns=16610000 (ok)
[L4_MapControl] space=0x80000100 control=0x80000000 modify count=1
  [ctl 0] whole-space op: va=0xb0d00000 phys=0x160000000 size=4294967296 rwx=2 -> address-space control (flush/perm), no RAM map
[Syscall] L4_MapControl(sid=0x80000100, ctrl=0x80000000) via UTCB@0xdff00000 -> res=0x1
[L4_MapControl] space=0x80000100 control=0x80000000 modify count=1
  [ctl 0] whole-space op: va=0xb0d00000 phys=0x160000000 size=4294967296 rwx=2 -> address-space control (flush/perm), no RAM map
[Syscall] L4_MapControl(sid=0x80000100, ctrl=0x80000000) via UTCB@0xdff00000 -> res=0x1
[L4_MapControl] space=0x80000100 control=0x80000000 modify count=1
  [ctl 0] whole-space op: va=0xb0d00000 phys=0x160000000 size=4294967296 rwx=2 -> address-space control (flush/perm), no RAM map
[Syscall] L4_MapControl(sid=0x80000100, ctrl=0x80000000) via UTCB@0xdff00000 -> res=0x1
[L4_MapControl] space=0x80000100 control=0x80000000 modify count=1
  [ctl 0] whole-space op: va=0xb0d00000 phys=0x160000000 size=4294967296 rwx=2 -> address-space control (flush/perm), no RAM map
[Syscall] L4_MapControl(sid=0x80000100, ctrl=0x80000000) via UTCB@0xdff00000 -> res=0x1
[L4_MapControl] space=0x80000100 control=0x80000000 modify count=1
  [ctl 0] whole-space op: va=0xb0d00000 phys=0x160000000 size=4294967296 rwx=2 -> address-space control (flush/perm), no RAM map
[Syscall] L4_MapControl(sid=0x80000100, ctrl=0x80000000) via UTCB@0xdff00000 -> res=0x1
[L4_MapControl] space=0x80000100 control=0x80000000 modify count=1
  [ctl 0] whole-space op: va=0xb0d00000 phys=0x160000000 size=4294967296 rwx=2 -> address-space control (flush/perm), no RAM map
[Syscall] L4_MapControl(sid=0x80000100, ctrl=0x80000000) via UTCB@0xdff00000 -> res=0x1
[L4_MapControl] space=0x80000100 control=0x80000000 modify count=1
  [ctl 0] whole-space op: va=0xb0d00000 phys=0x160000000 size=4294967296 rwx=2 -> address-space control (flush/perm), no RAM map
[Syscall] L4_MapControl(sid=0x80000100, ctrl=0x80000000) via UTCB@0xdff00000 -> res=0x1
[L4_MapControl] space=0x80000100 control=0x80000000 modify count=1
  [ctl 0] whole-space op: va=0xb0d00000 phys=0x160000000 size=4294967296 rwx=2 -> address-space control (flush/perm), no RAM map
[Syscall] L4_MapControl(sid=0x80000100, ctrl=0x80000000) via UTCB@0xdff00000 -> res=0x1
[L4_MapControl] space=0x80000100 control=0x80000000 modify count=1
  [ctl 0] whole-space op: va=0xb0d00000 phys=0x160000000 size=4294967296 rwx=2 -> address-space control (flush/perm), no RAM map
[Syscall] L4_MapControl(sid=0x80000100, ctrl=0x80000000) via UTCB@0xdff00000 -> res=0x1
[L4_MapControl] space=0x80000100 control=0x80000000 modify count=1
  [ctl 0] whole-space op: va=0xb0d00000 phys=0x160000000 size=4294967296 rwx=2 -> address-space control (flush/perm), no RAM map
[Syscall] L4_MapControl(sid=0x80000100, ctrl=0x80000000) via UTCB@0xdff00000 -> res=0x1
  [Cycle 1670] Core0(ARM11): pc=0xb000d6b8 insns=444894 (ok) | Core1(ARM9): pc=0xf0017890 insns=16710000 (ok)
[L4_MapControl] space=0x80000100 control=0x80000000 modify count=1
  [ctl 0] whole-space op: va=0xb0d00000 phys=0x160000000 size=4294967296 rwx=2 -> address-space control (flush/perm), no RAM map
[Syscall] L4_MapControl(sid=0x80000100, ctrl=0x80000000) via UTCB@0xdff00000 -> res=0x1
[L4_MapControl] space=0x80000100 control=0x80000000 modify count=1
  [ctl 0] whole-space op: va=0xb0d00000 phys=0x160000000 size=4294967296 rwx=2 -> address-space control (flush/perm), no RAM map
[Syscall] L4_MapControl(sid=0x80000100, ctrl=0x80000000) via UTCB@0xdff00000 -> res=0x1
[L4_MapControl] space=0x80000100 control=0x80000000 modify count=1
  [ctl 0] whole-space op: va=0xb0d00000 phys=0x160000000 size=4294967296 rwx=2 -> address-space control (flush/perm), no RAM map
[Syscall] L4_MapControl(sid=0x80000100, ctrl=0x80000000) via UTCB@0xdff00000 -> res=0x1
[L4_MapControl] space=0x80000100 control=0x80000000 modify count=1
  [ctl 0] whole-space op: va=0xb0d00000 phys=0x160000000 size=4294967296 rwx=2 -> address-space control (flush/perm), no RAM map
[Syscall] L4_MapControl(sid=0x80000100, ctrl=0x80000000) via UTCB@0xdff00000 -> res=0x1
[L4_MapControl] space=0x80000100 control=0x80000000 modify count=1
  [ctl 0] whole-space op: va=0xb0d00000 phys=0x160000000 size=4294967296 rwx=2 -> address-space control (flush/perm), no RAM map
[Syscall] L4_MapControl(sid=0x80000100, ctrl=0x80000000) via UTCB@0xdff00000 -> res=0x1
[L4_MapControl] space=0x80000100 control=0x80000000 modify count=1
  [ctl 0] whole-space op: va=0xb0d00000 phys=0x160000000 size=4294967296 rwx=2 -> address-space control (flush/perm), no RAM map
[Syscall] L4_MapControl(sid=0x80000100, ctrl=0x80000000) via UTCB@0xdff00000 -> res=0x1
[L4_MapControl] space=0x80000100 control=0x80000000 modify count=1
  [ctl 0] whole-space op: va=0xb0d00000 phys=0x160000000 size=4294967296 rwx=2 -> address-space control (flush/perm), no RAM map
[Syscall] L4_MapControl(sid=0x80000100, ctrl=0x80000000) via UTCB@0xdff00000 -> res=0x1
[L4_MapControl] space=0x80000100 control=0x80000000 modify count=1
  [ctl 0] whole-space op: va=0xb0d00000 phys=0x160000000 size=4294967296 rwx=2 -> address-space control (flush/perm), no RAM map
[Syscall] L4_MapControl(sid=0x80000100, ctrl=0x80000000) via UTCB@0xdff00000 -> res=0x1
[L4_MapControl] space=0x80000100 control=0x80000000 modify count=1
  [ctl 0] whole-space op: va=0xb0d00000 phys=0x160000000 size=4294967296 rwx=2 -> address-space control (flush/perm), no RAM map
[Syscall] L4_MapControl(sid=0x80000100, ctrl=0x80000000) via UTCB@0xdff00000 -> res=0x1
[L4_MapControl] space=0x80000100 control=0x80000000 modify count=1
  [ctl 0] whole-space op: va=0xb0d00000 phys=0x160000000 size=4294967296 rwx=2 -> address-space control (flush/perm), no RAM map
[Syscall] L4_MapControl(sid=0x80000100, ctrl=0x80000000) via UTCB@0xdff00000 -> res=0x1
  [Cycle 1680] Core0(ARM11): pc=0xb000d6b8 insns=446234 (ok) | Core1(ARM9): pc=0xf0017890 insns=16810000 (ok)
[L4_MapControl] space=0x80000100 control=0x80000000 modify count=1
  [ctl 0] whole-space op: va=0xb0d00000 phys=0x160000000 size=4294967296 rwx=2 -> address-space control (flush/perm), no RAM map
[Syscall] L4_MapControl(sid=0x80000100, ctrl=0x80000000) via UTCB@0xdff00000 -> res=0x1
[L4_MapControl] space=0x80000100 control=0x80000000 modify count=1
  [ctl 0] whole-space op: va=0xb0d00000 phys=0x160000000 size=4294967296 rwx=2 -> address-space control (flush/perm), no RAM map
[Syscall] L4_MapControl(sid=0x80000100, ctrl=0x80000000) via UTCB@0xdff00000 -> res=0x1
[L4_MapControl] space=0x80000100 control=0x80000000 modify count=1
  [ctl 0] whole-space op: va=0xb0d00000 phys=0x160000000 size=4294967296 rwx=2 -> address-space control (flush/perm), no RAM map
[Syscall] L4_MapControl(sid=0x80000100, ctrl=0x80000000) via UTCB@0xdff00000 -> res=0x1
[L4_MapControl] space=0x80000100 control=0x80000000 modify count=1
  [ctl 0] whole-space op: va=0xb0d00000 phys=0x160000000 size=4294967296 rwx=2 -> address-space control (flush/perm), no RAM map
[Syscall] L4_MapControl(sid=0x80000100, ctrl=0x80000000) via UTCB@0xdff00000 -> res=0x1
[L4_MapControl] space=0x80000100 control=0x80000000 modify count=1
  [ctl 0] whole-space op: va=0xb0d00000 phys=0x160000000 size=4294967296 rwx=2 -> address-space control (flush/perm), no RAM map
[Syscall] L4_MapControl(sid=0x80000100, ctrl=0x80000000) via UTCB@0xdff00000 -> res=0x1
[L4_MapControl] space=0x80000100 control=0x80000000 modify count=1
  [ctl 0] whole-space op: va=0xb0d00000 phys=0x160000000 size=4294967296 rwx=2 -> address-space control (flush/perm), no RAM map
[Syscall] L4_MapControl(sid=0x80000100, ctrl=0x80000000) via UTCB@0xdff00000 -> res=0x1
[L4_MapControl] space=0x80000100 control=0x80000000 modify count=1
  [ctl 0] whole-space op: va=0xb0d00000 phys=0x160000000 size=4294967296 rwx=2 -> address-space control (flush/perm), no RAM map
[Syscall] L4_MapControl(sid=0x80000100, ctrl=0x80000000) via UTCB@0xdff00000 -> res=0x1
[L4_MapControl] space=0x80000100 control=0x80000000 modify count=1
  [ctl 0] whole-space op: va=0xb0d00000 phys=0x160000000 size=4294967296 rwx=2 -> address-space control (flush/perm), no RAM map
[Syscall] L4_MapControl(sid=0x80000100, ctrl=0x80000000) via UTCB@0xdff00000 -> res=0x1
[L4_MapControl] space=0x80000100 control=0x80000000 modify count=1
  [ctl 0] whole-space op: va=0xb0d00000 phys=0x160000000 size=4294967296 rwx=2 -> address-space control (flush/perm), no RAM map
[Syscall] L4_MapControl(sid=0x80000100, ctrl=0x80000000) via UTCB@0xdff00000 -> res=0x1
[L4_MapControl] space=0x80000100 control=0x80000000 modify count=1
  [ctl 0] whole-space op: va=0xb0d00000 phys=0x160000000 size=4294967296 rwx=2 -> address-space control (flush/perm), no RAM map
[Syscall] L4_MapControl(sid=0x80000100, ctrl=0x80000000) via UTCB@0xdff00000 -> res=0x1
  [Cycle 1690] Core0(ARM11): pc=0xb000d6b8 insns=447574 (ok) | Core1(ARM9): pc=0xf0017890 insns=16910000 (ok)
[L4_MapControl] space=0x80000100 control=0x80000000 modify count=1
  [ctl 0] whole-space op: va=0xb0d00000 phys=0x160000000 size=4294967296 rwx=2 -> address-space control (flush/perm), no RAM map
[Syscall] L4_MapControl(sid=0x80000100, ctrl=0x80000000) via UTCB@0xdff00000 -> res=0x1
[L4_MapControl] space=0x80000100 control=0x80000000 modify count=1
  [ctl 0] whole-space op: va=0xb0d00000 phys=0x160000000 size=4294967296 rwx=2 -> address-space control (flush/perm), no RAM map
[Syscall] L4_MapControl(sid=0x80000100, ctrl=0x80000000) via UTCB@0xdff00000 -> res=0x1
[L4_MapControl] space=0x80000100 control=0x80000000 modify count=1
  [ctl 0] whole-space op: va=0xb0d00000 phys=0x160000000 size=4294967296 rwx=2 -> address-space control (flush/perm), no RAM map
[Syscall] L4_MapControl(sid=0x80000100, ctrl=0x80000000) via UTCB@0xdff00000 -> res=0x1
[L4_MapControl] space=0x80000100 control=0x80000000 modify count=1
  [ctl 0] whole-space op: va=0xb0d00000 phys=0x160000000 size=4294967296 rwx=2 -> address-space control (flush/perm), no RAM map
[Syscall] L4_MapControl(sid=0x80000100, ctrl=0x80000000) via UTCB@0xdff00000 -> res=0x1
[L4_MapControl] space=0x80000100 control=0x80000000 modify count=1
  [ctl 0] whole-space op: va=0xb0d00000 phys=0x160000000 size=4294967296 rwx=2 -> address-space control (flush/perm), no RAM map
[Syscall] L4_MapControl(sid=0x80000100, ctrl=0x80000000) via UTCB@0xdff00000 -> res=0x1
[L4_MapControl] space=0x80000100 control=0x80000000 modify count=1
  [ctl 0] whole-space op: va=0xb0d00000 phys=0x160000000 size=4294967296 rwx=2 -> address-space control (flush/perm), no RAM map
[Syscall] L4_MapControl(sid=0x80000100, ctrl=0x80000000) via UTCB@0xdff00000 -> res=0x1
[L4_MapControl] space=0x80000100 control=0x80000000 modify count=1
  [ctl 0] whole-space op: va=0xb0d00000 phys=0x160000000 size=4294967296 rwx=2 -> address-space control (flush/perm), no RAM map
[Syscall] L4_MapControl(sid=0x80000100, ctrl=0x80000000) via UTCB@0xdff00000 -> res=0x1
[L4_MapControl] space=0x80000100 control=0x80000000 modify count=1
  [ctl 0] whole-space op: va=0xb0d00000 phys=0x160000000 size=4294967296 rwx=2 -> address-space control (flush/perm), no RAM map
[Syscall] L4_MapControl(sid=0x80000100, ctrl=0x80000000) via UTCB@0xdff00000 -> res=0x1
[L4_MapControl] space=0x80000100 control=0x80000000 modify count=1
  [ctl 0] whole-space op: va=0xb0d00000 phys=0x160000000 size=4294967296 rwx=2 -> address-space control (flush/perm), no RAM map
[Syscall] L4_MapControl(sid=0x80000100, ctrl=0x80000000) via UTCB@0xdff00000 -> res=0x1
[L4_MapControl] space=0x80000100 control=0x80000000 modify count=1
  [ctl 0] whole-space op: va=0xb0d00000 phys=0x160000000 size=4294967296 rwx=2 -> address-space control (flush/perm), no RAM map
[Syscall] L4_MapControl(sid=0x80000100, ctrl=0x80000000) via UTCB@0xdff00000 -> res=0x1
  [Cycle 1700] Core0(ARM11): pc=0xb000d6b8 insns=448914 (ok) | Core1(ARM9): pc=0xf0017890 insns=17010000 (ok)
[L4_MapControl] space=0x80000100 control=0x80000000 modify count=1
  [ctl 0] whole-space op: va=0xb0d00000 phys=0x160000000 size=4294967296 rwx=2 -> address-space control (flush/perm), no RAM map
[Syscall] L4_MapControl(sid=0x80000100, ctrl=0x80000000) via UTCB@0xdff00000 -> res=0x1
[L4_MapControl] space=0x80000100 control=0x80000000 modify count=1
  [ctl 0] whole-space op: va=0xb0d00000 phys=0x160000000 size=4294967296 rwx=2 -> address-space control (flush/perm), no RAM map
[Syscall] L4_MapControl(sid=0x80000100, ctrl=0x80000000) via UTCB@0xdff00000 -> res=0x1
[L4_MapControl] space=0x80000100 control=0x80000000 modify count=1
  [ctl 0] whole-space op: va=0xb0d00000 phys=0x160000000 size=4294967296 rwx=2 -> address-space control (flush/perm), no RAM map
[Syscall] L4_MapControl(sid=0x80000100, ctrl=0x80000000) via UTCB@0xdff00000 -> res=0x1
[L4_MapControl] space=0x80000100 control=0x80000000 modify count=1
  [ctl 0] whole-space op: va=0xb0d00000 phys=0x160000000 size=4294967296 rwx=2 -> address-space control (flush/perm), no RAM map
[Syscall] L4_MapControl(sid=0x80000100, ctrl=0x80000000) via UTCB@0xdff00000 -> res=0x1
[L4_MapControl] space=0x80000100 control=0x80000000 modify count=1
  [ctl 0] whole-space op: va=0xb0d00000 phys=0x160000000 size=4294967296 rwx=2 -> address-space control (flush/perm), no RAM map
[Syscall] L4_MapControl(sid=0x80000100, ctrl=0x80000000) via UTCB@0xdff00000 -> res=0x1
[L4_MapControl] space=0x80000100 control=0x80000000 modify count=1
  [ctl 0] whole-space op: va=0xb0d00000 phys=0x160000000 size=4294967296 rwx=2 -> address-space control (flush/perm), no RAM map
[Syscall] L4_MapControl(sid=0x80000100, ctrl=0x80000000) via UTCB@0xdff00000 -> res=0x1
[L4_MapControl] space=0x80000100 control=0x80000000 modify count=1
  [ctl 0] whole-space op: va=0xb0d00000 phys=0x160000000 size=4294967296 rwx=2 -> address-space control (flush/perm), no RAM map
[Syscall] L4_MapControl(sid=0x80000100, ctrl=0x80000000) via UTCB@0xdff00000 -> res=0x1
[L4_MapControl] space=0x80000100 control=0x80000000 modify count=1
  [ctl 0] whole-space op: va=0xb0d00000 phys=0x160000000 size=4294967296 rwx=2 -> address-space control (flush/perm), no RAM map
[Syscall] L4_MapControl(sid=0x80000100, ctrl=0x80000000) via UTCB@0xdff00000 -> res=0x1
[L4_MapControl] space=0x80000100 control=0x80000000 modify count=1
  [ctl 0] whole-space op: va=0xb0d00000 phys=0x160000000 size=4294967296 rwx=2 -> address-space control (flush/perm), no RAM map
[Syscall] L4_MapControl(sid=0x80000100, ctrl=0x80000000) via UTCB@0xdff00000 -> res=0x1
[L4_MapControl] space=0x80000100 control=0x80000000 modify count=1
  [ctl 0] whole-space op: va=0xb0d00000 phys=0x160000000 size=4294967296 rwx=2 -> address-space control (flush/perm), no RAM map
[Syscall] L4_MapControl(sid=0x80000100, ctrl=0x80000000) via UTCB@0xdff00000 -> res=0x1
  [Cycle 1710] Core0(ARM11): pc=0xb000d6b8 insns=450254 (ok) | Core1(ARM9): pc=0xf0017890 insns=17110000 (ok)
[L4_MapControl] space=0x80000100 control=0x80000000 modify count=1
  [ctl 0] whole-space op: va=0xb0d00000 phys=0x160000000 size=4294967296 rwx=2 -> address-space control (flush/perm), no RAM map
[Syscall] L4_MapControl(sid=0x80000100, ctrl=0x80000000) via UTCB@0xdff00000 -> res=0x1
[L4_MapControl] space=0x80000100 control=0x80000000 modify count=1
  [ctl 0] whole-space op: va=0xb0d00000 phys=0x160000000 size=4294967296 rwx=2 -> address-space control (flush/perm), no RAM map
[Syscall] L4_MapControl(sid=0x80000100, ctrl=0x80000000) via UTCB@0xdff00000 -> res=0x1
[L4_MapControl] space=0x80000100 control=0x80000000 modify count=1
  [ctl 0] whole-space op: va=0xb0d00000 phys=0x160000000 size=4294967296 rwx=2 -> address-space control (flush/perm), no RAM map
[Syscall] L4_MapControl(sid=0x80000100, ctrl=0x80000000) via UTCB@0xdff00000 -> res=0x1
[L4_MapControl] space=0x80000100 control=0x80000000 modify count=1
  [ctl 0] whole-space op: va=0xb0d00000 phys=0x160000000 size=4294967296 rwx=2 -> address-space control (flush/perm), no RAM map
[Syscall] L4_MapControl(sid=0x80000100, ctrl=0x80000000) via UTCB@0xdff00000 -> res=0x1
[L4_MapControl] space=0x80000100 control=0x80000000 modify count=1
  [ctl 0] whole-space op: va=0xb0d00000 phys=0x160000000 size=4294967296 rwx=2 -> address-space control (flush/perm), no RAM map
[Syscall] L4_MapControl(sid=0x80000100, ctrl=0x80000000) via UTCB@0xdff00000 -> res=0x1
[L4_MapControl] space=0x80000100 control=0x80000000 modify count=1
  [ctl 0] whole-space op: va=0xb0d00000 phys=0x160000000 size=4294967296 rwx=2 -> address-space control (flush/perm), no RAM map
[Syscall] L4_MapControl(sid=0x80000100, ctrl=0x80000000) via UTCB@0xdff00000 -> res=0x1
[L4_MapControl] space=0x80000100 control=0x80000000 modify count=1
  [ctl 0] whole-space op: va=0xb0d00000 phys=0x160000000 size=4294967296 rwx=2 -> address-space control (flush/perm), no RAM map
[Syscall] L4_MapControl(sid=0x80000100, ctrl=0x80000000) via UTCB@0xdff00000 -> res=0x1
[L4_MapControl] space=0x80000100 control=0x80000000 modify count=1
  [ctl 0] whole-space op: va=0xb0d00000 phys=0x160000000 size=4294967296 rwx=2 -> address-space control (flush/perm), no RAM map
[Syscall] L4_MapControl(sid=0x80000100, ctrl=0x80000000) via UTCB@0xdff00000 -> res=0x1
[L4_MapControl] space=0x80000100 control=0x80000000 modify count=1
  [ctl 0] whole-space op: va=0xb0d00000 phys=0x160000000 size=4294967296 rwx=2 -> address-space control (flush/perm), no RAM map
[Syscall] L4_MapControl(sid=0x80000100, ctrl=0x80000000) via UTCB@0xdff00000 -> res=0x1
[L4_MapControl] space=0x80000100 control=0x80000000 modify count=1
  [ctl 0] whole-space op: va=0xb0d00000 phys=0x160000000 size=4294967296 rwx=2 -> address-space control (flush/perm), no RAM map
[Syscall] L4_MapControl(sid=0x80000100, ctrl=0x80000000) via UTCB@0xdff00000 -> res=0x1
  [Cycle 1720] Core0(ARM11): pc=0xb000d6b8 insns=451594 (ok) | Core1(ARM9): pc=0xf0017890 insns=17210000 (ok)
[L4_MapControl] space=0x80000100 control=0x80000000 modify count=1
  [ctl 0] whole-space op: va=0xb0d00000 phys=0x160000000 size=4294967296 rwx=2 -> address-space control (flush/perm), no RAM map
[Syscall] L4_MapControl(sid=0x80000100, ctrl=0x80000000) via UTCB@0xdff00000 -> res=0x1
[L4_MapControl] space=0x80000100 control=0x80000000 modify count=1
  [ctl 0] whole-space op: va=0xb0d00000 phys=0x160000000 size=4294967296 rwx=2 -> address-space control (flush/perm), no RAM map
[Syscall] L4_MapControl(sid=0x80000100, ctrl=0x80000000) via UTCB@0xdff00000 -> res=0x1
[L4_MapControl] space=0x80000100 control=0x80000000 modify count=1
  [ctl 0] whole-space op: va=0xb0d00000 phys=0x160000000 size=4294967296 rwx=2 -> address-space control (flush/perm), no RAM map
[Syscall] L4_MapControl(sid=0x80000100, ctrl=0x80000000) via UTCB@0xdff00000 -> res=0x1
[L4_MapControl] space=0x80000100 control=0x80000000 modify count=1
  [ctl 0] whole-space op: va=0xb0d00000 phys=0x160000000 size=4294967296 rwx=2 -> address-space control (flush/perm), no RAM map
[Syscall] L4_MapControl(sid=0x80000100, ctrl=0x80000000) via UTCB@0xdff00000 -> res=0x1
[L4_MapControl] space=0x80000100 control=0x80000000 modify count=1
  [ctl 0] whole-space op: va=0xb0d00000 phys=0x160000000 size=4294967296 rwx=2 -> address-space control (flush/perm), no RAM map
[Syscall] L4_MapControl(sid=0x80000100, ctrl=0x80000000) via UTCB@0xdff00000 -> res=0x1
[L4_MapControl] space=0x80000100 control=0x80000000 modify count=1
  [ctl 0] whole-space op: va=0xb0d00000 phys=0x160000000 size=4294967296 rwx=2 -> address-space control (flush/perm), no RAM map
[Syscall] L4_MapControl(sid=0x80000100, ctrl=0x80000000) via UTCB@0xdff00000 -> res=0x1
[L4_MapControl] space=0x80000100 control=0x80000000 modify count=1
  [ctl 0] whole-space op: va=0xb0d00000 phys=0x160000000 size=4294967296 rwx=2 -> address-space control (flush/perm), no RAM map
[Syscall] L4_MapControl(sid=0x80000100, ctrl=0x80000000) via UTCB@0xdff00000 -> res=0x1
[L4_MapControl] space=0x80000100 control=0x80000000 modify count=1
  [ctl 0] whole-space op: va=0xb0d00000 phys=0x160000000 size=4294967296 rwx=2 -> address-space control (flush/perm), no RAM map
[Syscall] L4_MapControl(sid=0x80000100, ctrl=0x80000000) via UTCB@0xdff00000 -> res=0x1
[L4_MapControl] space=0x80000100 control=0x80000000 modify count=1
  [ctl 0] whole-space op: va=0xb0d00000 phys=0x160000000 size=4294967296 rwx=2 -> address-space control (flush/perm), no RAM map
[Syscall] L4_MapControl(sid=0x80000100, ctrl=0x80000000) via UTCB@0xdff00000 -> res=0x1
[L4_MapControl] space=0x80000100 control=0x80000000 modify count=1
  [ctl 0] whole-space op: va=0xb0d00000 phys=0x160000000 size=4294967296 rwx=2 -> address-space control (flush/perm), no RAM map
[Syscall] L4_MapControl(sid=0x80000100, ctrl=0x80000000) via UTCB@0xdff00000 -> res=0x1
  [Cycle 1730] Core0(ARM11): pc=0xb000d6b8 insns=452934 (ok) | Core1(ARM9): pc=0xf0017890 insns=17310000 (ok)
[L4_MapControl] space=0x80000100 control=0x80000000 modify count=1
  [ctl 0] whole-space op: va=0xb0d00000 phys=0x160000000 size=4294967296 rwx=2 -> address-space control (flush/perm), no RAM map
[Syscall] L4_MapControl(sid=0x80000100, ctrl=0x80000000) via UTCB@0xdff00000 -> res=0x1
[L4_MapControl] space=0x80000100 control=0x80000000 modify count=1
  [ctl 0] whole-space op: va=0xb0d00000 phys=0x160000000 size=4294967296 rwx=2 -> address-space control (flush/perm), no RAM map
[Syscall] L4_MapControl(sid=0x80000100, ctrl=0x80000000) via UTCB@0xdff00000 -> res=0x1
[L4_MapControl] space=0x80000100 control=0x80000000 modify count=1
  [ctl 0] whole-space op: va=0xb0d00000 phys=0x160000000 size=4294967296 rwx=2 -> address-space control (flush/perm), no RAM map
[Syscall] L4_MapControl(sid=0x80000100, ctrl=0x80000000) via UTCB@0xdff00000 -> res=0x1
[L4_MapControl] space=0x80000100 control=0x80000000 modify count=1
  [ctl 0] whole-space op: va=0xb0d00000 phys=0x160000000 size=4294967296 rwx=2 -> address-space control (flush/perm), no RAM map
[Syscall] L4_MapControl(sid=0x80000100, ctrl=0x80000000) via UTCB@0xdff00000 -> res=0x1
[L4_MapControl] space=0x80000100 control=0x80000000 modify count=1
  [ctl 0] whole-space op: va=0xb0d00000 phys=0x160000000 size=4294967296 rwx=2 -> address-space control (flush/perm), no RAM map
[Syscall] L4_MapControl(sid=0x80000100, ctrl=0x80000000) via UTCB@0xdff00000 -> res=0x1
[L4_MapControl] space=0x80000100 control=0x80000000 modify count=1
  [ctl 0] whole-space op: va=0xb0d00000 phys=0x160000000 size=4294967296 rwx=2 -> address-space control (flush/perm), no RAM map
[Syscall] L4_MapControl(sid=0x80000100, ctrl=0x80000000) via UTCB@0xdff00000 -> res=0x1
[L4_MapControl] space=0x80000100 control=0x80000000 modify count=1
  [ctl 0] whole-space op: va=0xb0d00000 phys=0x160000000 size=4294967296 rwx=2 -> address-space control (flush/perm), no RAM map
[Syscall] L4_MapControl(sid=0x80000100, ctrl=0x80000000) via UTCB@0xdff00000 -> res=0x1
[L4_MapControl] space=0x80000100 control=0x80000000 modify count=1
  [ctl 0] whole-space op: va=0xb0d00000 phys=0x160000000 size=4294967296 rwx=2 -> address-space control (flush/perm), no RAM map
[Syscall] L4_MapControl(sid=0x80000100, ctrl=0x80000000) via UTCB@0xdff00000 -> res=0x1
[L4_MapControl] space=0x80000100 control=0x80000000 modify count=1
  [ctl 0] whole-space op: va=0xb0d00000 phys=0x160000000 size=4294967296 rwx=2 -> address-space control (flush/perm), no RAM map
[Syscall] L4_MapControl(sid=0x80000100, ctrl=0x80000000) via UTCB@0xdff00000 -> res=0x1
[L4_MapControl] space=0x80000100 control=0x80000000 modify count=1
  [ctl 0] whole-space op: va=0xb0d00000 phys=0x160000000 size=4294967296 rwx=2 -> address-space control (flush/perm), no RAM map
[Syscall] L4_MapControl(sid=0x80000100, ctrl=0x80000000) via UTCB@0xdff00000 -> res=0x1
  [Cycle 1740] Core0(ARM11): pc=0xb000d6b8 insns=454274 (ok) | Core1(ARM9): pc=0xf0017890 insns=17410000 (ok)
[L4_MapControl] space=0x80000100 control=0x80000000 modify count=1
  [ctl 0] whole-space op: va=0xb0d00000 phys=0x160000000 size=4294967296 rwx=2 -> address-space control (flush/perm), no RAM map
[Syscall] L4_MapControl(sid=0x80000100, ctrl=0x80000000) via UTCB@0xdff00000 -> res=0x1
[L4_MapControl] space=0x80000100 control=0x80000000 modify count=1
  [ctl 0] whole-space op: va=0xb0d00000 phys=0x160000000 size=4294967296 rwx=2 -> address-space control (flush/perm), no RAM map
[Syscall] L4_MapControl(sid=0x80000100, ctrl=0x80000000) via UTCB@0xdff00000 -> res=0x1
[L4_MapControl] space=0x80000100 control=0x80000000 modify count=1
  [ctl 0] whole-space op: va=0xb0d00000 phys=0x160000000 size=4294967296 rwx=2 -> address-space control (flush/perm), no RAM map
[Syscall] L4_MapControl(sid=0x80000100, ctrl=0x80000000) via UTCB@0xdff00000 -> res=0x1
[L4_MapControl] space=0x80000100 control=0x80000000 modify count=1
  [ctl 0] whole-space op: va=0xb0d00000 phys=0x160000000 size=4294967296 rwx=2 -> address-space control (flush/perm), no RAM map
[Syscall] L4_MapControl(sid=0x80000100, ctrl=0x80000000) via UTCB@0xdff00000 -> res=0x1
[L4_MapControl] space=0x80000100 control=0x80000000 modify count=1
  [ctl 0] whole-space op: va=0xb0d00000 phys=0x160000000 size=4294967296 rwx=2 -> address-space control (flush/perm), no RAM map
[Syscall] L4_MapControl(sid=0x80000100, ctrl=0x80000000) via UTCB@0xdff00000 -> res=0x1
[L4_MapControl] space=0x80000100 control=0x80000000 modify count=1
  [ctl 0] whole-space op: va=0xb0d00000 phys=0x160000000 size=4294967296 rwx=2 -> address-space control (flush/perm), no RAM map
[Syscall] L4_MapControl(sid=0x80000100, ctrl=0x80000000) via UTCB@0xdff00000 -> res=0x1
[L4_MapControl] space=0x80000100 control=0x80000000 modify count=1
  [ctl 0] whole-space op: va=0xb0d00000 phys=0x160000000 size=4294967296 rwx=2 -> address-space control (flush/perm), no RAM map
[Syscall] L4_MapControl(sid=0x80000100, ctrl=0x80000000) via UTCB@0xdff00000 -> res=0x1
[L4_MapControl] space=0x80000100 control=0x80000000 modify count=1
  [ctl 0] whole-space op: va=0xb0d00000 phys=0x160000000 size=4294967296 rwx=2 -> address-space control (flush/perm), no RAM map
[Syscall] L4_MapControl(sid=0x80000100, ctrl=0x80000000) via UTCB@0xdff00000 -> res=0x1
[L4_MapControl] space=0x80000100 control=0x80000000 modify count=1
  [ctl 0] whole-space op: va=0xb0d00000 phys=0x160000000 size=4294967296 rwx=2 -> address-space control (flush/perm), no RAM map
[Syscall] L4_MapControl(sid=0x80000100, ctrl=0x80000000) via UTCB@0xdff00000 -> res=0x1
[L4_MapControl] space=0x80000100 control=0x80000000 modify count=1
  [ctl 0] whole-space op: va=0xb0d00000 phys=0x160000000 size=4294967296 rwx=2 -> address-space control (flush/perm), no RAM map
[Syscall] L4_MapControl(sid=0x80000100, ctrl=0x80000000) via UTCB@0xdff00000 -> res=0x1
  [Cycle 1750] Core0(ARM11): pc=0xb000d6b8 insns=455614 (ok) | Core1(ARM9): pc=0xf0017890 insns=17510000 (ok)
[L4_MapControl] space=0x80000100 control=0x80000000 modify count=1
  [ctl 0] whole-space op: va=0xb0d00000 phys=0x160000000 size=4294967296 rwx=2 -> address-space control (flush/perm), no RAM map
[Syscall] L4_MapControl(sid=0x80000100, ctrl=0x80000000) via UTCB@0xdff00000 -> res=0x1
[L4_MapControl] space=0x80000100 control=0x80000000 modify count=1
  [ctl 0] whole-space op: va=0xb0d00000 phys=0x160000000 size=4294967296 rwx=2 -> address-space control (flush/perm), no RAM map
[Syscall] L4_MapControl(sid=0x80000100, ctrl=0x80000000) via UTCB@0xdff00000 -> res=0x1
[L4_MapControl] space=0x80000100 control=0x80000000 modify count=1
  [ctl 0] whole-space op: va=0xb0d00000 phys=0x160000000 size=4294967296 rwx=2 -> address-space control (flush/perm), no RAM map
[Syscall] L4_MapControl(sid=0x80000100, ctrl=0x80000000) via UTCB@0xdff00000 -> res=0x1
[L4_MapControl] space=0x80000100 control=0x80000000 modify count=1
  [ctl 0] whole-space op: va=0xb0d00000 phys=0x160000000 size=4294967296 rwx=2 -> address-space control (flush/perm), no RAM map
[Syscall] L4_MapControl(sid=0x80000100, ctrl=0x80000000) via UTCB@0xdff00000 -> res=0x1
[L4_MapControl] space=0x80000100 control=0x80000000 modify count=1
  [ctl 0] whole-space op: va=0xb0d00000 phys=0x160000000 size=4294967296 rwx=2 -> address-space control (flush/perm), no RAM map
[Syscall] L4_MapControl(sid=0x80000100, ctrl=0x80000000) via UTCB@0xdff00000 -> res=0x1
[L4_MapControl] space=0x80000100 control=0x80000000 modify count=1
  [ctl 0] whole-space op: va=0xb0d00000 phys=0x160000000 size=4294967296 rwx=2 -> address-space control (flush/perm), no RAM map
[Syscall] L4_MapControl(sid=0x80000100, ctrl=0x80000000) via UTCB@0xdff00000 -> res=0x1
[L4_MapControl] space=0x80000100 control=0x80000000 modify count=1
  [ctl 0] whole-space op: va=0xb0d00000 phys=0x160000000 size=4294967296 rwx=2 -> address-space control (flush/perm), no RAM map
[Syscall] L4_MapControl(sid=0x80000100, ctrl=0x80000000) via UTCB@0xdff00000 -> res=0x1
[L4_MapControl] space=0x80000100 control=0x80000000 modify count=1
  [ctl 0] whole-space op: va=0xb0d00000 phys=0x160000000 size=4294967296 rwx=2 -> address-space control (flush/perm), no RAM map
[Syscall] L4_MapControl(sid=0x80000100, ctrl=0x80000000) via UTCB@0xdff00000 -> res=0x1
[L4_MapControl] space=0x80000100 control=0x80000000 modify count=1
  [ctl 0] whole-space op: va=0xb0d00000 phys=0x160000000 size=4294967296 rwx=2 -> address-space control (flush/perm), no RAM map
[Syscall] L4_MapControl(sid=0x80000100, ctrl=0x80000000) via UTCB@0xdff00000 -> res=0x1
[L4_MapControl] space=0x80000100 control=0x80000000 modify count=1
  [ctl 0] whole-space op: va=0xb0d00000 phys=0x160000000 size=4294967296 rwx=2 -> address-space control (flush/perm), no RAM map
[Syscall] L4_MapControl(sid=0x80000100, ctrl=0x80000000) via UTCB@0xdff00000 -> res=0x1
  [Cycle 1760] Core0(ARM11): pc=0xb000d6b8 insns=456954 (ok) | Core1(ARM9): pc=0xf0017890 insns=17610000 (ok)
[L4_MapControl] space=0x80000100 control=0x80000000 modify count=1
  [ctl 0] whole-space op: va=0xb0d00000 phys=0x160000000 size=4294967296 rwx=2 -> address-space control (flush/perm), no RAM map
[Syscall] L4_MapControl(sid=0x80000100, ctrl=0x80000000) via UTCB@0xdff00000 -> res=0x1
[L4_MapControl] space=0x80000100 control=0x80000000 modify count=1
  [ctl 0] whole-space op: va=0xb0d00000 phys=0x160000000 size=4294967296 rwx=2 -> address-space control (flush/perm), no RAM map
[Syscall] L4_MapControl(sid=0x80000100, ctrl=0x80000000) via UTCB@0xdff00000 -> res=0x1
[L4_MapControl] space=0x80000100 control=0x80000000 modify count=1
  [ctl 0] whole-space op: va=0xb0d00000 phys=0x160000000 size=4294967296 rwx=2 -> address-space control (flush/perm), no RAM map
[Syscall] L4_MapControl(sid=0x80000100, ctrl=0x80000000) via UTCB@0xdff00000 -> res=0x1
[L4_MapControl] space=0x80000100 control=0x80000000 modify count=1
  [ctl 0] whole-space op: va=0xb0d00000 phys=0x160000000 size=4294967296 rwx=2 -> address-space control (flush/perm), no RAM map
[Syscall] L4_MapControl(sid=0x80000100, ctrl=0x80000000) via UTCB@0xdff00000 -> res=0x1
[L4_MapControl] space=0x80000100 control=0x80000000 modify count=1
  [ctl 0] whole-space op: va=0xb0d00000 phys=0x160000000 size=4294967296 rwx=2 -> address-space control (flush/perm), no RAM map
[Syscall] L4_MapControl(sid=0x80000100, ctrl=0x80000000) via UTCB@0xdff00000 -> res=0x1
[L4_MapControl] space=0x80000100 control=0x80000000 modify count=1
  [ctl 0] whole-space op: va=0xb0d00000 phys=0x160000000 size=4294967296 rwx=2 -> address-space control (flush/perm), no RAM map
[Syscall] L4_MapControl(sid=0x80000100, ctrl=0x80000000) via UTCB@0xdff00000 -> res=0x1
[L4_MapControl] space=0x80000100 control=0x80000000 modify count=1
  [ctl 0] whole-space op: va=0xb0d00000 phys=0x160000000 size=4294967296 rwx=2 -> address-space control (flush/perm), no RAM map
[Syscall] L4_MapControl(sid=0x80000100, ctrl=0x80000000) via UTCB@0xdff00000 -> res=0x1
[L4_MapControl] space=0x80000100 control=0x80000000 modify count=1
  [ctl 0] whole-space op: va=0xb0d00000 phys=0x160000000 size=4294967296 rwx=2 -> address-space control (flush/perm), no RAM map
[Syscall] L4_MapControl(sid=0x80000100, ctrl=0x80000000) via UTCB@0xdff00000 -> res=0x1
[L4_MapControl] space=0x80000100 control=0x80000000 modify count=1
  [ctl 0] whole-space op: va=0xb0d00000 phys=0x160000000 size=4294967296 rwx=2 -> address-space control (flush/perm), no RAM map
[Syscall] L4_MapControl(sid=0x80000100, ctrl=0x80000000) via UTCB@0xdff00000 -> res=0x1
[L4_MapControl] space=0x80000100 control=0x80000000 modify count=1
  [ctl 0] whole-space op: va=0xb0d00000 phys=0x160000000 size=4294967296 rwx=2 -> address-space control (flush/perm), no RAM map
[Syscall] L4_MapControl(sid=0x80000100, ctrl=0x80000000) via UTCB@0xdff00000 -> res=0x1
  [Cycle 1770] Core0(ARM11): pc=0xb000d6b8 insns=458294 (ok) | Core1(ARM9): pc=0xf0017890 insns=17710000 (ok)
[L4_MapControl] space=0x80000100 control=0x80000000 modify count=1
  [ctl 0] whole-space op: va=0xb0d00000 phys=0x160000000 size=4294967296 rwx=2 -> address-space control (flush/perm), no RAM map
[Syscall] L4_MapControl(sid=0x80000100, ctrl=0x80000000) via UTCB@0xdff00000 -> res=0x1
[L4_MapControl] space=0x80000100 control=0x80000000 modify count=1
  [ctl 0] whole-space op: va=0xb0d00000 phys=0x160000000 size=4294967296 rwx=2 -> address-space control (flush/perm), no RAM map
[Syscall] L4_MapControl(sid=0x80000100, ctrl=0x80000000) via UTCB@0xdff00000 -> res=0x1
[L4_MapControl] space=0x80000100 control=0x80000000 modify count=1
  [ctl 0] whole-space op: va=0xb0d00000 phys=0x160000000 size=4294967296 rwx=2 -> address-space control (flush/perm), no RAM map
[Syscall] L4_MapControl(sid=0x80000100, ctrl=0x80000000) via UTCB@0xdff00000 -> res=0x1
[L4_MapControl] space=0x80000100 control=0x80000000 modify count=1
  [ctl 0] whole-space op: va=0xb0d00000 phys=0x160000000 size=4294967296 rwx=2 -> address-space control (flush/perm), no RAM map
[Syscall] L4_MapControl(sid=0x80000100, ctrl=0x80000000) via UTCB@0xdff00000 -> res=0x1
[L4_MapControl] space=0x80000100 control=0x80000000 modify count=1
  [ctl 0] whole-space op: va=0xb0d00000 phys=0x160000000 size=4294967296 rwx=2 -> address-space control (flush/perm), no RAM map
[Syscall] L4_MapControl(sid=0x80000100, ctrl=0x80000000) via UTCB@0xdff00000 -> res=0x1
[L4_MapControl] space=0x80000100 control=0x80000000 modify count=1
  [ctl 0] whole-space op: va=0xb0d00000 phys=0x160000000 size=4294967296 rwx=2 -> address-space control (flush/perm), no RAM map
[Syscall] L4_MapControl(sid=0x80000100, ctrl=0x80000000) via UTCB@0xdff00000 -> res=0x1
[L4_MapControl] space=0x80000100 control=0x80000000 modify count=1
  [ctl 0] whole-space op: va=0xb0d00000 phys=0x160000000 size=4294967296 rwx=2 -> address-space control (flush/perm), no RAM map
[Syscall] L4_MapControl(sid=0x80000100, ctrl=0x80000000) via UTCB@0xdff00000 -> res=0x1
[L4_MapControl] space=0x80000100 control=0x80000000 modify count=1
  [ctl 0] whole-space op: va=0xb0d00000 phys=0x160000000 size=4294967296 rwx=2 -> address-space control (flush/perm), no RAM map
[Syscall] L4_MapControl(sid=0x80000100, ctrl=0x80000000) via UTCB@0xdff00000 -> res=0x1
[L4_MapControl] space=0x80000100 control=0x80000000 modify count=1
  [ctl 0] whole-space op: va=0xb0d00000 phys=0x160000000 size=4294967296 rwx=2 -> address-space control (flush/perm), no RAM map
[Syscall] L4_MapControl(sid=0x80000100, ctrl=0x80000000) via UTCB@0xdff00000 -> res=0x1
[L4_MapControl] space=0x80000100 control=0x80000000 modify count=1
  [ctl 0] whole-space op: va=0xb0d00000 phys=0x160000000 size=4294967296 rwx=2 -> address-space control (flush/perm), no RAM map
[Syscall] L4_MapControl(sid=0x80000100, ctrl=0x80000000) via UTCB@0xdff00000 -> res=0x1
  [Cycle 1780] Core0(ARM11): pc=0xb000d6b8 insns=459634 (ok) | Core1(ARM9): pc=0xf0017890 insns=17810000 (ok)
[L4_MapControl] space=0x80000100 control=0x80000000 modify count=1
  [ctl 0] whole-space op: va=0xb0d00000 phys=0x160000000 size=4294967296 rwx=2 -> address-space control (flush/perm), no RAM map
[Syscall] L4_MapControl(sid=0x80000100, ctrl=0x80000000) via UTCB@0xdff00000 -> res=0x1
[L4_MapControl] space=0x80000100 control=0x80000000 modify count=1
  [ctl 0] whole-space op: va=0xb0d00000 phys=0x160000000 size=4294967296 rwx=2 -> address-space control (flush/perm), no RAM map
[Syscall] L4_MapControl(sid=0x80000100, ctrl=0x80000000) via UTCB@0xdff00000 -> res=0x1
[L4_MapControl] space=0x80000100 control=0x80000000 modify count=1
  [ctl 0] whole-space op: va=0xb0d00000 phys=0x160000000 size=4294967296 rwx=2 -> address-space control (flush/perm), no RAM map
[Syscall] L4_MapControl(sid=0x80000100, ctrl=0x80000000) via UTCB@0xdff00000 -> res=0x1
[L4_MapControl] space=0x80000100 control=0x80000000 modify count=1
  [ctl 0] whole-space op: va=0xb0d00000 phys=0x160000000 size=4294967296 rwx=2 -> address-space control (flush/perm), no RAM map
[Syscall] L4_MapControl(sid=0x80000100, ctrl=0x80000000) via UTCB@0xdff00000 -> res=0x1
[L4_MapControl] space=0x80000100 control=0x80000000 modify count=1
  [ctl 0] whole-space op: va=0xb0d00000 phys=0x160000000 size=4294967296 rwx=2 -> address-space control (flush/perm), no RAM map
[Syscall] L4_MapControl(sid=0x80000100, ctrl=0x80000000) via UTCB@0xdff00000 -> res=0x1
[L4_MapControl] space=0x80000100 control=0x80000000 modify count=1
  [ctl 0] whole-space op: va=0xb0d00000 phys=0x160000000 size=4294967296 rwx=2 -> address-space control (flush/perm), no RAM map
[Syscall] L4_MapControl(sid=0x80000100, ctrl=0x80000000) via UTCB@0xdff00000 -> res=0x1
[L4_MapControl] space=0x80000100 control=0x80000000 modify count=1
  [ctl 0] whole-space op: va=0xb0d00000 phys=0x160000000 size=4294967296 rwx=2 -> address-space control (flush/perm), no RAM map
[Syscall] L4_MapControl(sid=0x80000100, ctrl=0x80000000) via UTCB@0xdff00000 -> res=0x1
[L4_MapControl] space=0x80000100 control=0x80000000 modify count=1
  [ctl 0] whole-space op: va=0xb0d00000 phys=0x160000000 size=4294967296 rwx=2 -> address-space control (flush/perm), no RAM map
[Syscall] L4_MapControl(sid=0x80000100, ctrl=0x80000000) via UTCB@0xdff00000 -> res=0x1
[L4_MapControl] space=0x80000100 control=0x80000000 modify count=1
  [ctl 0] whole-space op: va=0xb0d00000 phys=0x160000000 size=4294967296 rwx=2 -> address-space control (flush/perm), no RAM map
[Syscall] L4_MapControl(sid=0x80000100, ctrl=0x80000000) via UTCB@0xdff00000 -> res=0x1
[L4_MapControl] space=0x80000100 control=0x80000000 modify count=1
  [ctl 0] whole-space op: va=0xb0d00000 phys=0x160000000 size=4294967296 rwx=2 -> address-space control (flush/perm), no RAM map
[Syscall] L4_MapControl(sid=0x80000100, ctrl=0x80000000) via UTCB@0xdff00000 -> res=0x1
  [Cycle 1790] Core0(ARM11): pc=0xb000d6b8 insns=460974 (ok) | Core1(ARM9): pc=0xf0017890 insns=17910000 (ok)
[L4_MapControl] space=0x80000100 control=0x80000000 modify count=1
  [ctl 0] whole-space op: va=0xb0d00000 phys=0x160000000 size=4294967296 rwx=2 -> address-space control (flush/perm), no RAM map
[Syscall] L4_MapControl(sid=0x80000100, ctrl=0x80000000) via UTCB@0xdff00000 -> res=0x1
[L4_MapControl] space=0x80000100 control=0x80000000 modify count=1
  [ctl 0] whole-space op: va=0xb0d00000 phys=0x160000000 size=4294967296 rwx=2 -> address-space control (flush/perm), no RAM map
[Syscall] L4_MapControl(sid=0x80000100, ctrl=0x80000000) via UTCB@0xdff00000 -> res=0x1
[L4_MapControl] space=0x80000100 control=0x80000000 modify count=1
  [ctl 0] whole-space op: va=0xb0d00000 phys=0x160000000 size=4294967296 rwx=2 -> address-space control (flush/perm), no RAM map
[Syscall] L4_MapControl(sid=0x80000100, ctrl=0x80000000) via UTCB@0xdff00000 -> res=0x1
[L4_MapControl] space=0x80000100 control=0x80000000 modify count=1
  [ctl 0] whole-space op: va=0xb0d00000 phys=0x160000000 size=4294967296 rwx=2 -> address-space control (flush/perm), no RAM map
[Syscall] L4_MapControl(sid=0x80000100, ctrl=0x80000000) via UTCB@0xdff00000 -> res=0x1
[L4_MapControl] space=0x80000100 control=0x80000000 modify count=1
  [ctl 0] whole-space op: va=0xb0d00000 phys=0x160000000 size=4294967296 rwx=2 -> address-space control (flush/perm), no RAM map
[Syscall] L4_MapControl(sid=0x80000100, ctrl=0x80000000) via UTCB@0xdff00000 -> res=0x1
[L4_MapControl] space=0x80000100 control=0x80000000 modify count=1
  [ctl 0] whole-space op: va=0xb0d00000 phys=0x160000000 size=4294967296 rwx=2 -> address-space control (flush/perm), no RAM map
[Syscall] L4_MapControl(sid=0x80000100, ctrl=0x80000000) via UTCB@0xdff00000 -> res=0x1
[L4_MapControl] space=0x80000100 control=0x80000000 modify count=1
  [ctl 0] whole-space op: va=0xb0d00000 phys=0x160000000 size=4294967296 rwx=2 -> address-space control (flush/perm), no RAM map
[Syscall] L4_MapControl(sid=0x80000100, ctrl=0x80000000) via UTCB@0xdff00000 -> res=0x1
[L4_MapControl] space=0x80000100 control=0x80000000 modify count=1
  [ctl 0] whole-space op: va=0xb0d00000 phys=0x160000000 size=4294967296 rwx=2 -> address-space control (flush/perm), no RAM map
[Syscall] L4_MapControl(sid=0x80000100, ctrl=0x80000000) via UTCB@0xdff00000 -> res=0x1
[L4_MapControl] space=0x80000100 control=0x80000000 modify count=1
  [ctl 0] whole-space op: va=0xb0d00000 phys=0x160000000 size=4294967296 rwx=2 -> address-space control (flush/perm), no RAM map
[Syscall] L4_MapControl(sid=0x80000100, ctrl=0x80000000) via UTCB@0xdff00000 -> res=0x1
[L4_MapControl] space=0x80000100 control=0x80000000 modify count=1
  [ctl 0] whole-space op: va=0xb0d00000 phys=0x160000000 size=4294967296 rwx=2 -> address-space control (flush/perm), no RAM map
[Syscall] L4_MapControl(sid=0x80000100, ctrl=0x80000000) via UTCB@0xdff00000 -> res=0x1
  [Cycle 1800] Core0(ARM11): pc=0xb000d6b8 insns=462314 (ok) | Core1(ARM9): pc=0xf0017890 insns=18010000 (ok)
[L4_MapControl] space=0x80000100 control=0x80000000 modify count=1
  [ctl 0] whole-space op: va=0xb0d00000 phys=0x160000000 size=4294967296 rwx=2 -> address-space control (flush/perm), no RAM map
[Syscall] L4_MapControl(sid=0x80000100, ctrl=0x80000000) via UTCB@0xdff00000 -> res=0x1
[L4_MapControl] space=0x80000100 control=0x80000000 modify count=1
  [ctl 0] whole-space op: va=0xb0d00000 phys=0x160000000 size=4294967296 rwx=2 -> address-space control (flush/perm), no RAM map
[Syscall] L4_MapControl(sid=0x80000100, ctrl=0x80000000) via UTCB@0xdff00000 -> res=0x1
[L4_MapControl] space=0x80000100 control=0x80000000 modify count=1
  [ctl 0] whole-space op: va=0xb0d00000 phys=0x160000000 size=4294967296 rwx=2 -> address-space control (flush/perm), no RAM map
[Syscall] L4_MapControl(sid=0x80000100, ctrl=0x80000000) via UTCB@0xdff00000 -> res=0x1
[L4_MapControl] space=0x80000100 control=0x80000000 modify count=1
  [ctl 0] whole-space op: va=0xb0d00000 phys=0x160000000 size=4294967296 rwx=2 -> address-space control (flush/perm), no RAM map
[Syscall] L4_MapControl(sid=0x80000100, ctrl=0x80000000) via UTCB@0xdff00000 -> res=0x1
[L4_MapControl] space=0x80000100 control=0x80000000 modify count=1
  [ctl 0] whole-space op: va=0xb0d00000 phys=0x160000000 size=4294967296 rwx=2 -> address-space control (flush/perm), no RAM map
[Syscall] L4_MapControl(sid=0x80000100, ctrl=0x80000000) via UTCB@0xdff00000 -> res=0x1
[L4_MapControl] space=0x80000100 control=0x80000000 modify count=1
  [ctl 0] whole-space op: va=0xb0d00000 phys=0x160000000 size=4294967296 rwx=2 -> address-space control (flush/perm), no RAM map
[Syscall] L4_MapControl(sid=0x80000100, ctrl=0x80000000) via UTCB@0xdff00000 -> res=0x1
[L4_MapControl] space=0x80000100 control=0x80000000 modify count=1
  [ctl 0] whole-space op: va=0xb0d00000 phys=0x160000000 size=4294967296 rwx=2 -> address-space control (flush/perm), no RAM map
[Syscall] L4_MapControl(sid=0x80000100, ctrl=0x80000000) via UTCB@0xdff00000 -> res=0x1
[L4_MapControl] space=0x80000100 control=0x80000000 modify count=1
  [ctl 0] whole-space op: va=0xb0d00000 phys=0x160000000 size=4294967296 rwx=2 -> address-space control (flush/perm), no RAM map
[Syscall] L4_MapControl(sid=0x80000100, ctrl=0x80000000) via UTCB@0xdff00000 -> res=0x1
[L4_MapControl] space=0x80000100 control=0x80000000 modify count=1
  [ctl 0] whole-space op: va=0xb0d00000 phys=0x160000000 size=4294967296 rwx=2 -> address-space control (flush/perm), no RAM map
[Syscall] L4_MapControl(sid=0x80000100, ctrl=0x80000000) via UTCB@0xdff00000 -> res=0x1
[L4_MapControl] space=0x80000100 control=0x80000000 modify count=1
  [ctl 0] whole-space op: va=0xb0d00000 phys=0x160000000 size=4294967296 rwx=2 -> address-space control (flush/perm), no RAM map
[Syscall] L4_MapControl(sid=0x80000100, ctrl=0x80000000) via UTCB@0xdff00000 -> res=0x1
  [Cycle 1810] Core0(ARM11): pc=0xb000d6b8 insns=463654 (ok) | Core1(ARM9): pc=0xf0017890 insns=18110000 (ok)
[L4_MapControl] space=0x80000100 control=0x80000000 modify count=1
  [ctl 0] whole-space op: va=0xb0d00000 phys=0x160000000 size=4294967296 rwx=2 -> address-space control (flush/perm), no RAM map
[Syscall] L4_MapControl(sid=0x80000100, ctrl=0x80000000) via UTCB@0xdff00000 -> res=0x1
[L4_MapControl] space=0x80000100 control=0x80000000 modify count=1
  [ctl 0] whole-space op: va=0xb0d00000 phys=0x160000000 size=4294967296 rwx=2 -> address-space control (flush/perm), no RAM map
[Syscall] L4_MapControl(sid=0x80000100, ctrl=0x80000000) via UTCB@0xdff00000 -> res=0x1
[L4_MapControl] space=0x80000100 control=0x80000000 modify count=1
  [ctl 0] whole-space op: va=0xb0d00000 phys=0x160000000 size=4294967296 rwx=2 -> address-space control (flush/perm), no RAM map
[Syscall] L4_MapControl(sid=0x80000100, ctrl=0x80000000) via UTCB@0xdff00000 -> res=0x1
[L4_MapControl] space=0x80000100 control=0x80000000 modify count=1
  [ctl 0] whole-space op: va=0xb0d00000 phys=0x160000000 size=4294967296 rwx=2 -> address-space control (flush/perm), no RAM map
[Syscall] L4_MapControl(sid=0x80000100, ctrl=0x80000000) via UTCB@0xdff00000 -> res=0x1
[L4_MapControl] space=0x80000100 control=0x80000000 modify count=1
  [ctl 0] whole-space op: va=0xb0d00000 phys=0x160000000 size=4294967296 rwx=2 -> address-space control (flush/perm), no RAM map
[Syscall] L4_MapControl(sid=0x80000100, ctrl=0x80000000) via UTCB@0xdff00000 -> res=0x1
[L4_MapControl] space=0x80000100 control=0x80000000 modify count=1
  [ctl 0] whole-space op: va=0xb0d00000 phys=0x160000000 size=4294967296 rwx=2 -> address-space control (flush/perm), no RAM map
[Syscall] L4_MapControl(sid=0x80000100, ctrl=0x80000000) via UTCB@0xdff00000 -> res=0x1
[L4_MapControl] space=0x80000100 control=0x80000000 modify count=1
  [ctl 0] whole-space op: va=0xb0d00000 phys=0x160000000 size=4294967296 rwx=2 -> address-space control (flush/perm), no RAM map
[Syscall] L4_MapControl(sid=0x80000100, ctrl=0x80000000) via UTCB@0xdff00000 -> res=0x1
[L4_MapControl] space=0x80000100 control=0x80000000 modify count=1
  [ctl 0] whole-space op: va=0xb0d00000 phys=0x160000000 size=4294967296 rwx=2 -> address-space control (flush/perm), no RAM map
[Syscall] L4_MapControl(sid=0x80000100, ctrl=0x80000000) via UTCB@0xdff00000 -> res=0x1
[L4_MapControl] space=0x80000100 control=0x80000000 modify count=1
  [ctl 0] whole-space op: va=0xb0d00000 phys=0x160000000 size=4294967296 rwx=2 -> address-space control (flush/perm), no RAM map
[Syscall] L4_MapControl(sid=0x80000100, ctrl=0x80000000) via UTCB@0xdff00000 -> res=0x1
[L4_MapControl] space=0x80000100 control=0x80000000 modify count=1
  [ctl 0] whole-space op: va=0xb0d00000 phys=0x160000000 size=4294967296 rwx=2 -> address-space control (flush/perm), no RAM map
[Syscall] L4_MapControl(sid=0x80000100, ctrl=0x80000000) via UTCB@0xdff00000 -> res=0x1
  [Cycle 1820] Core0(ARM11): pc=0xb000d6b8 insns=464994 (ok) | Core1(ARM9): pc=0xf0017890 insns=18210000 (ok)
[L4_MapControl] space=0x80000100 control=0x80000000 modify count=1
  [ctl 0] whole-space op: va=0xb0d00000 phys=0x160000000 size=4294967296 rwx=2 -> address-space control (flush/perm), no RAM map
[Syscall] L4_MapControl(sid=0x80000100, ctrl=0x80000000) via UTCB@0xdff00000 -> res=0x1
[L4_MapControl] space=0x80000100 control=0x80000000 modify count=1
  [ctl 0] whole-space op: va=0xb0d00000 phys=0x160000000 size=4294967296 rwx=2 -> address-space control (flush/perm), no RAM map
[Syscall] L4_MapControl(sid=0x80000100, ctrl=0x80000000) via UTCB@0xdff00000 -> res=0x1
[L4_MapControl] space=0x80000100 control=0x80000000 modify count=1
  [ctl 0] whole-space op: va=0xb0d00000 phys=0x160000000 size=4294967296 rwx=2 -> address-space control (flush/perm), no RAM map
[Syscall] L4_MapControl(sid=0x80000100, ctrl=0x80000000) via UTCB@0xdff00000 -> res=0x1
[L4_MapControl] space=0x80000100 control=0x80000000 modify count=1
  [ctl 0] whole-space op: va=0xb0d00000 phys=0x160000000 size=4294967296 rwx=2 -> address-space control (flush/perm), no RAM map
[Syscall] L4_MapControl(sid=0x80000100, ctrl=0x80000000) via UTCB@0xdff00000 -> res=0x1
[L4_MapControl] space=0x80000100 control=0x80000000 modify count=1
  [ctl 0] whole-space op: va=0xb0d00000 phys=0x160000000 size=4294967296 rwx=2 -> address-space control (flush/perm), no RAM map
[Syscall] L4_MapControl(sid=0x80000100, ctrl=0x80000000) via UTCB@0xdff00000 -> res=0x1
[L4_MapControl] space=0x80000100 control=0x80000000 modify count=1
  [ctl 0] whole-space op: va=0xb0d00000 phys=0x160000000 size=4294967296 rwx=2 -> address-space control (flush/perm), no RAM map
[Syscall] L4_MapControl(sid=0x80000100, ctrl=0x80000000) via UTCB@0xdff00000 -> res=0x1
[L4_MapControl] space=0x80000100 control=0x80000000 modify count=1
  [ctl 0] whole-space op: va=0xb0d00000 phys=0x160000000 size=4294967296 rwx=2 -> address-space control (flush/perm), no RAM map
[Syscall] L4_MapControl(sid=0x80000100, ctrl=0x80000000) via UTCB@0xdff00000 -> res=0x1
[L4_MapControl] space=0x80000100 control=0x80000000 modify count=1
  [ctl 0] whole-space op: va=0xb0d00000 phys=0x160000000 size=4294967296 rwx=2 -> address-space control (flush/perm), no RAM map
[Syscall] L4_MapControl(sid=0x80000100, ctrl=0x80000000) via UTCB@0xdff00000 -> res=0x1
[L4_MapControl] space=0x80000100 control=0x80000000 modify count=1
  [ctl 0] whole-space op: va=0xb0d00000 phys=0x160000000 size=4294967296 rwx=2 -> address-space control (flush/perm), no RAM map
[Syscall] L4_MapControl(sid=0x80000100, ctrl=0x80000000) via UTCB@0xdff00000 -> res=0x1
[L4_MapControl] space=0x80000100 control=0x80000000 modify count=1
  [ctl 0] whole-space op: va=0xb0d00000 phys=0x160000000 size=4294967296 rwx=2 -> address-space control (flush/perm), no RAM map
[Syscall] L4_MapControl(sid=0x80000100, ctrl=0x80000000) via UTCB@0xdff00000 -> res=0x1
  [Cycle 1830] Core0(ARM11): pc=0xb000d6b8 insns=466334 (ok) | Core1(ARM9): pc=0xf0017890 insns=18310000 (ok)
[L4_MapControl] space=0x80000100 control=0x80000000 modify count=1
  [ctl 0] whole-space op: va=0xb0d00000 phys=0x160000000 size=4294967296 rwx=2 -> address-space control (flush/perm), no RAM map
[Syscall] L4_MapControl(sid=0x80000100, ctrl=0x80000000) via UTCB@0xdff00000 -> res=0x1
[L4_MapControl] space=0x80000100 control=0x80000000 modify count=1
  [ctl 0] whole-space op: va=0xb0d00000 phys=0x160000000 size=4294967296 rwx=2 -> address-space control (flush/perm), no RAM map
[Syscall] L4_MapControl(sid=0x80000100, ctrl=0x80000000) via UTCB@0xdff00000 -> res=0x1
[L4_MapControl] space=0x80000100 control=0x80000000 modify count=1
  [ctl 0] whole-space op: va=0xb0d00000 phys=0x160000000 size=4294967296 rwx=2 -> address-space control (flush/perm), no RAM map
[Syscall] L4_MapControl(sid=0x80000100, ctrl=0x80000000) via UTCB@0xdff00000 -> res=0x1
[L4_MapControl] space=0x80000100 control=0x80000000 modify count=1
  [ctl 0] whole-space op: va=0xb0d00000 phys=0x160000000 size=4294967296 rwx=2 -> address-space control (flush/perm), no RAM map
[Syscall] L4_MapControl(sid=0x80000100, ctrl=0x80000000) via UTCB@0xdff00000 -> res=0x1
[L4_MapControl] space=0x80000100 control=0x80000000 modify count=1
  [ctl 0] whole-space op: va=0xb0d00000 phys=0x160000000 size=4294967296 rwx=2 -> address-space control (flush/perm), no RAM map
[Syscall] L4_MapControl(sid=0x80000100, ctrl=0x80000000) via UTCB@0xdff00000 -> res=0x1
[L4_MapControl] space=0x80000100 control=0x80000000 modify count=1
  [ctl 0] whole-space op: va=0xb0d00000 phys=0x160000000 size=4294967296 rwx=2 -> address-space control (flush/perm), no RAM map
[Syscall] L4_MapControl(sid=0x80000100, ctrl=0x80000000) via UTCB@0xdff00000 -> res=0x1
[L4_MapControl] space=0x80000100 control=0x80000000 modify count=1
  [ctl 0] whole-space op: va=0xb0d00000 phys=0x160000000 size=4294967296 rwx=2 -> address-space control (flush/perm), no RAM map
[Syscall] L4_MapControl(sid=0x80000100, ctrl=0x80000000) via UTCB@0xdff00000 -> res=0x1
[L4_MapControl] space=0x80000100 control=0x80000000 modify count=1
  [ctl 0] whole-space op: va=0xb0d00000 phys=0x160000000 size=4294967296 rwx=2 -> address-space control (flush/perm), no RAM map
[Syscall] L4_MapControl(sid=0x80000100, ctrl=0x80000000) via UTCB@0xdff00000 -> res=0x1
[L4_MapControl] space=0x80000100 control=0x80000000 modify count=1
  [ctl 0] whole-space op: va=0xb0d00000 phys=0x160000000 size=4294967296 rwx=2 -> address-space control (flush/perm), no RAM map
[Syscall] L4_MapControl(sid=0x80000100, ctrl=0x80000000) via UTCB@0xdff00000 -> res=0x1
[L4_MapControl] space=0x80000100 control=0x80000000 modify count=1
  [ctl 0] whole-space op: va=0xb0d00000 phys=0x160000000 size=4294967296 rwx=2 -> address-space control (flush/perm), no RAM map
[Syscall] L4_MapControl(sid=0x80000100, ctrl=0x80000000) via UTCB@0xdff00000 -> res=0x1
  [Cycle 1840] Core0(ARM11): pc=0xb000d6b8 insns=467674 (ok) | Core1(ARM9): pc=0xf0017890 insns=18410000 (ok)
[L4_MapControl] space=0x80000100 control=0x80000000 modify count=1
  [ctl 0] whole-space op: va=0xb0d00000 phys=0x160000000 size=4294967296 rwx=2 -> address-space control (flush/perm), no RAM map
[Syscall] L4_MapControl(sid=0x80000100, ctrl=0x80000000) via UTCB@0xdff00000 -> res=0x1
[L4_MapControl] space=0x80000100 control=0x80000000 modify count=1
  [ctl 0] whole-space op: va=0xb0d00000 phys=0x160000000 size=4294967296 rwx=2 -> address-space control (flush/perm), no RAM map
[Syscall] L4_MapControl(sid=0x80000100, ctrl=0x80000000) via UTCB@0xdff00000 -> res=0x1
[L4_MapControl] space=0x80000100 control=0x80000000 modify count=1
  [ctl 0] whole-space op: va=0xb0d00000 phys=0x160000000 size=4294967296 rwx=2 -> address-space control (flush/perm), no RAM map
[Syscall] L4_MapControl(sid=0x80000100, ctrl=0x80000000) via UTCB@0xdff00000 -> res=0x1
[L4_MapControl] space=0x80000100 control=0x80000000 modify count=1
  [ctl 0] whole-space op: va=0xb0d00000 phys=0x160000000 size=4294967296 rwx=2 -> address-space control (flush/perm), no RAM map
[Syscall] L4_MapControl(sid=0x80000100, ctrl=0x80000000) via UTCB@0xdff00000 -> res=0x1
[L4_MapControl] space=0x80000100 control=0x80000000 modify count=1
  [ctl 0] whole-space op: va=0xb0d00000 phys=0x160000000 size=4294967296 rwx=2 -> address-space control (flush/perm), no RAM map
[Syscall] L4_MapControl(sid=0x80000100, ctrl=0x80000000) via UTCB@0xdff00000 -> res=0x1
[L4_MapControl] space=0x80000100 control=0x80000000 modify count=1
  [ctl 0] whole-space op: va=0xb0d00000 phys=0x160000000 size=4294967296 rwx=2 -> address-space control (flush/perm), no RAM map
[Syscall] L4_MapControl(sid=0x80000100, ctrl=0x80000000) via UTCB@0xdff00000 -> res=0x1
[L4_MapControl] space=0x80000100 control=0x80000000 modify count=1
  [ctl 0] whole-space op: va=0xb0d00000 phys=0x160000000 size=4294967296 rwx=2 -> address-space control (flush/perm), no RAM map
[Syscall] L4_MapControl(sid=0x80000100, ctrl=0x80000000) via UTCB@0xdff00000 -> res=0x1
[L4_MapControl] space=0x80000100 control=0x80000000 modify count=1
  [ctl 0] whole-space op: va=0xb0d00000 phys=0x160000000 size=4294967296 rwx=2 -> address-space control (flush/perm), no RAM map
[Syscall] L4_MapControl(sid=0x80000100, ctrl=0x80000000) via UTCB@0xdff00000 -> res=0x1
[L4_MapControl] space=0x80000100 control=0x80000000 modify count=1
  [ctl 0] whole-space op: va=0xb0d00000 phys=0x160000000 size=4294967296 rwx=2 -> address-space control (flush/perm), no RAM map
[Syscall] L4_MapControl(sid=0x80000100, ctrl=0x80000000) via UTCB@0xdff00000 -> res=0x1
[L4_MapControl] space=0x80000100 control=0x80000000 modify count=1
  [ctl 0] whole-space op: va=0xb0d00000 phys=0x160000000 size=4294967296 rwx=2 -> address-space control (flush/perm), no RAM map
[Syscall] L4_MapControl(sid=0x80000100, ctrl=0x80000000) via UTCB@0xdff00000 -> res=0x1
  [Cycle 1850] Core0(ARM11): pc=0xb000d6b8 insns=469014 (ok) | Core1(ARM9): pc=0xf0017890 insns=18510000 (ok)
[L4_MapControl] space=0x80000100 control=0x80000000 modify count=1
  [ctl 0] whole-space op: va=0xb0d00000 phys=0x160000000 size=4294967296 rwx=2 -> address-space control (flush/perm), no RAM map
[Syscall] L4_MapControl(sid=0x80000100, ctrl=0x80000000) via UTCB@0xdff00000 -> res=0x1
[L4_MapControl] space=0x80000100 control=0x80000000 modify count=1
  [ctl 0] whole-space op: va=0xb0d00000 phys=0x160000000 size=4294967296 rwx=2 -> address-space control (flush/perm), no RAM map
[Syscall] L4_MapControl(sid=0x80000100, ctrl=0x80000000) via UTCB@0xdff00000 -> res=0x1
[L4_MapControl] space=0x80000100 control=0x80000000 modify count=1
  [ctl 0] whole-space op: va=0xb0d00000 phys=0x160000000 size=4294967296 rwx=2 -> address-space control (flush/perm), no RAM map
[Syscall] L4_MapControl(sid=0x80000100, ctrl=0x80000000) via UTCB@0xdff00000 -> res=0x1
[L4_MapControl] space=0x80000100 control=0x80000000 modify count=1
  [ctl 0] whole-space op: va=0xb0d00000 phys=0x160000000 size=4294967296 rwx=2 -> address-space control (flush/perm), no RAM map
[Syscall] L4_MapControl(sid=0x80000100, ctrl=0x80000000) via UTCB@0xdff00000 -> res=0x1
[L4_MapControl] space=0x80000100 control=0x80000000 modify count=1
  [ctl 0] whole-space op: va=0xb0d00000 phys=0x160000000 size=4294967296 rwx=2 -> address-space control (flush/perm), no RAM map
[Syscall] L4_MapControl(sid=0x80000100, ctrl=0x80000000) via UTCB@0xdff00000 -> res=0x1
[L4_MapControl] space=0x80000100 control=0x80000000 modify count=1
  [ctl 0] whole-space op: va=0xb0d00000 phys=0x160000000 size=4294967296 rwx=2 -> address-space control (flush/perm), no RAM map
[Syscall] L4_MapControl(sid=0x80000100, ctrl=0x80000000) via UTCB@0xdff00000 -> res=0x1
[L4_MapControl] space=0x80000100 control=0x80000000 modify count=1
  [ctl 0] whole-space op: va=0xb0d00000 phys=0x160000000 size=4294967296 rwx=2 -> address-space control (flush/perm), no RAM map
[Syscall] L4_MapControl(sid=0x80000100, ctrl=0x80000000) via UTCB@0xdff00000 -> res=0x1
[L4_MapControl] space=0x80000100 control=0x80000000 modify count=1
  [ctl 0] whole-space op: va=0xb0d00000 phys=0x160000000 size=4294967296 rwx=2 -> address-space control (flush/perm), no RAM map
[Syscall] L4_MapControl(sid=0x80000100, ctrl=0x80000000) via UTCB@0xdff00000 -> res=0x1
[L4_MapControl] space=0x80000100 control=0x80000000 modify count=1
  [ctl 0] whole-space op: va=0xb0d00000 phys=0x160000000 size=4294967296 rwx=2 -> address-space control (flush/perm), no RAM map
[Syscall] L4_MapControl(sid=0x80000100, ctrl=0x80000000) via UTCB@0xdff00000 -> res=0x1
[L4_MapControl] space=0x80000100 control=0x80000000 modify count=1
  [ctl 0] whole-space op: va=0xb0d00000 phys=0x160000000 size=4294967296 rwx=2 -> address-space control (flush/perm), no RAM map
[Syscall] L4_MapControl(sid=0x80000100, ctrl=0x80000000) via UTCB@0xdff00000 -> res=0x1
  [Cycle 1860] Core0(ARM11): pc=0xb000d6b8 insns=470354 (ok) | Core1(ARM9): pc=0xf0017890 insns=18610000 (ok)
[L4_MapControl] space=0x80000100 control=0x80000000 modify count=1
  [ctl 0] whole-space op: va=0xb0d00000 phys=0x160000000 size=4294967296 rwx=2 -> address-space control (flush/perm), no RAM map
[Syscall] L4_MapControl(sid=0x80000100, ctrl=0x80000000) via UTCB@0xdff00000 -> res=0x1
[L4_MapControl] space=0x80000100 control=0x80000000 modify count=1
  [ctl 0] whole-space op: va=0xb0d00000 phys=0x160000000 size=4294967296 rwx=2 -> address-space control (flush/perm), no RAM map
[Syscall] L4_MapControl(sid=0x80000100, ctrl=0x80000000) via UTCB@0xdff00000 -> res=0x1
[L4_MapControl] space=0x80000100 control=0x80000000 modify count=1
  [ctl 0] whole-space op: va=0xb0d00000 phys=0x160000000 size=4294967296 rwx=2 -> address-space control (flush/perm), no RAM map
[Syscall] L4_MapControl(sid=0x80000100, ctrl=0x80000000) via UTCB@0xdff00000 -> res=0x1
[L4_MapControl] space=0x80000100 control=0x80000000 modify count=1
  [ctl 0] whole-space op: va=0xb0d00000 phys=0x160000000 size=4294967296 rwx=2 -> address-space control (flush/perm), no RAM map
[Syscall] L4_MapControl(sid=0x80000100, ctrl=0x80000000) via UTCB@0xdff00000 -> res=0x1
[L4_MapControl] space=0x80000100 control=0x80000000 modify count=1
  [ctl 0] whole-space op: va=0xb0d00000 phys=0x160000000 size=4294967296 rwx=2 -> address-space control (flush/perm), no RAM map
[Syscall] L4_MapControl(sid=0x80000100, ctrl=0x80000000) via UTCB@0xdff00000 -> res=0x1
[L4_MapControl] space=0x80000100 control=0x80000000 modify count=1
  [ctl 0] whole-space op: va=0xb0d00000 phys=0x160000000 size=4294967296 rwx=2 -> address-space control (flush/perm), no RAM map
[Syscall] L4_MapControl(sid=0x80000100, ctrl=0x80000000) via UTCB@0xdff00000 -> res=0x1
[L4_MapControl] space=0x80000100 control=0x80000000 modify count=1
  [ctl 0] whole-space op: va=0xb0d00000 phys=0x160000000 size=4294967296 rwx=2 -> address-space control (flush/perm), no RAM map
[Syscall] L4_MapControl(sid=0x80000100, ctrl=0x80000000) via UTCB@0xdff00000 -> res=0x1
[L4_MapControl] space=0x80000100 control=0x80000000 modify count=1
  [ctl 0] whole-space op: va=0xb0d00000 phys=0x160000000 size=4294967296 rwx=2 -> address-space control (flush/perm), no RAM map
[Syscall] L4_MapControl(sid=0x80000100, ctrl=0x80000000) via UTCB@0xdff00000 -> res=0x1
[L4_MapControl] space=0x80000100 control=0x80000000 modify count=1
  [ctl 0] whole-space op: va=0xb0d00000 phys=0x160000000 size=4294967296 rwx=2 -> address-space control (flush/perm), no RAM map
[Syscall] L4_MapControl(sid=0x80000100, ctrl=0x80000000) via UTCB@0xdff00000 -> res=0x1
[L4_MapControl] space=0x80000100 control=0x80000000 modify count=1
  [ctl 0] whole-space op: va=0xb0d00000 phys=0x160000000 size=4294967296 rwx=2 -> address-space control (flush/perm), no RAM map
[Syscall] L4_MapControl(sid=0x80000100, ctrl=0x80000000) via UTCB@0xdff00000 -> res=0x1
  [Cycle 1870] Core0(ARM11): pc=0xb000d6b8 insns=471694 (ok) | Core1(ARM9): pc=0xf0017890 insns=18710000 (ok)
[L4_MapControl] space=0x80000100 control=0x80000000 modify count=1
  [ctl 0] whole-space op: va=0xb0d00000 phys=0x160000000 size=4294967296 rwx=2 -> address-space control (flush/perm), no RAM map
[Syscall] L4_MapControl(sid=0x80000100, ctrl=0x80000000) via UTCB@0xdff00000 -> res=0x1
[L4_MapControl] space=0x80000100 control=0x80000000 modify count=1
  [ctl 0] whole-space op: va=0xb0d00000 phys=0x160000000 size=4294967296 rwx=2 -> address-space control (flush/perm), no RAM map
[Syscall] L4_MapControl(sid=0x80000100, ctrl=0x80000000) via UTCB@0xdff00000 -> res=0x1
[L4_MapControl] space=0x80000100 control=0x80000000 modify count=1
  [ctl 0] whole-space op: va=0xb0d00000 phys=0x160000000 size=4294967296 rwx=2 -> address-space control (flush/perm), no RAM map
[Syscall] L4_MapControl(sid=0x80000100, ctrl=0x80000000) via UTCB@0xdff00000 -> res=0x1
[L4_MapControl] space=0x80000100 control=0x80000000 modify count=1
  [ctl 0] whole-space op: va=0xb0d00000 phys=0x160000000 size=4294967296 rwx=2 -> address-space control (flush/perm), no RAM map
[Syscall] L4_MapControl(sid=0x80000100, ctrl=0x80000000) via UTCB@0xdff00000 -> res=0x1
[L4_MapControl] space=0x80000100 control=0x80000000 modify count=1
  [ctl 0] whole-space op: va=0xb0d00000 phys=0x160000000 size=4294967296 rwx=2 -> address-space control (flush/perm), no RAM map
[Syscall] L4_MapControl(sid=0x80000100, ctrl=0x80000000) via UTCB@0xdff00000 -> res=0x1
[L4_MapControl] space=0x80000100 control=0x80000000 modify count=1
  [ctl 0] whole-space op: va=0xb0d00000 phys=0x160000000 size=4294967296 rwx=2 -> address-space control (flush/perm), no RAM map
[Syscall] L4_MapControl(sid=0x80000100, ctrl=0x80000000) via UTCB@0xdff00000 -> res=0x1
[L4_MapControl] space=0x80000100 control=0x80000000 modify count=1
  [ctl 0] whole-space op: va=0xb0d00000 phys=0x160000000 size=4294967296 rwx=2 -> address-space control (flush/perm), no RAM map
[Syscall] L4_MapControl(sid=0x80000100, ctrl=0x80000000) via UTCB@0xdff00000 -> res=0x1
[L4_MapControl] space=0x80000100 control=0x80000000 modify count=1
  [ctl 0] whole-space op: va=0xb0d00000 phys=0x160000000 size=4294967296 rwx=2 -> address-space control (flush/perm), no RAM map
[Syscall] L4_MapControl(sid=0x80000100, ctrl=0x80000000) via UTCB@0xdff00000 -> res=0x1
[L4_MapControl] space=0x80000100 control=0x80000000 modify count=1
  [ctl 0] whole-space op: va=0xb0d00000 phys=0x160000000 size=4294967296 rwx=2 -> address-space control (flush/perm), no RAM map
[Syscall] L4_MapControl(sid=0x80000100, ctrl=0x80000000) via UTCB@0xdff00000 -> res=0x1
[L4_MapControl] space=0x80000100 control=0x80000000 modify count=1
  [ctl 0] whole-space op: va=0xb0d00000 phys=0x160000000 size=4294967296 rwx=2 -> address-space control (flush/perm), no RAM map
[Syscall] L4_MapControl(sid=0x80000100, ctrl=0x80000000) via UTCB@0xdff00000 -> res=0x1
  [Cycle 1880] Core0(ARM11): pc=0xb000d6b8 insns=473034 (ok) | Core1(ARM9): pc=0xf0017890 insns=18810000 (ok)
[L4_MapControl] space=0x80000100 control=0x80000000 modify count=1
  [ctl 0] whole-space op: va=0xb0d00000 phys=0x160000000 size=4294967296 rwx=2 -> address-space control (flush/perm), no RAM map
[Syscall] L4_MapControl(sid=0x80000100, ctrl=0x80000000) via UTCB@0xdff00000 -> res=0x1
[L4_MapControl] space=0x80000100 control=0x80000000 modify count=1
  [ctl 0] whole-space op: va=0xb0d00000 phys=0x160000000 size=4294967296 rwx=2 -> address-space control (flush/perm), no RAM map
[Syscall] L4_MapControl(sid=0x80000100, ctrl=0x80000000) via UTCB@0xdff00000 -> res=0x1
[L4_MapControl] space=0x80000100 control=0x80000000 modify count=1
  [ctl 0] whole-space op: va=0xb0d00000 phys=0x160000000 size=4294967296 rwx=2 -> address-space control (flush/perm), no RAM map
[Syscall] L4_MapControl(sid=0x80000100, ctrl=0x80000000) via UTCB@0xdff00000 -> res=0x1
[L4_MapControl] space=0x80000100 control=0x80000000 modify count=1
  [ctl 0] whole-space op: va=0xb0d00000 phys=0x160000000 size=4294967296 rwx=2 -> address-space control (flush/perm), no RAM map
[Syscall] L4_MapControl(sid=0x80000100, ctrl=0x80000000) via UTCB@0xdff00000 -> res=0x1
[L4_MapControl] space=0x80000100 control=0x80000000 modify count=1
  [ctl 0] whole-space op: va=0xb0d00000 phys=0x160000000 size=4294967296 rwx=2 -> address-space control (flush/perm), no RAM map
[Syscall] L4_MapControl(sid=0x80000100, ctrl=0x80000000) via UTCB@0xdff00000 -> res=0x1
[L4_MapControl] space=0x80000100 control=0x80000000 modify count=1
  [ctl 0] whole-space op: va=0xb0d00000 phys=0x160000000 size=4294967296 rwx=2 -> address-space control (flush/perm), no RAM map
[Syscall] L4_MapControl(sid=0x80000100, ctrl=0x80000000) via UTCB@0xdff00000 -> res=0x1
[L4_MapControl] space=0x80000100 control=0x80000000 modify count=1
  [ctl 0] whole-space op: va=0xb0d00000 phys=0x160000000 size=4294967296 rwx=2 -> address-space control (flush/perm), no RAM map
[Syscall] L4_MapControl(sid=0x80000100, ctrl=0x80000000) via UTCB@0xdff00000 -> res=0x1
[L4_MapControl] space=0x80000100 control=0x80000000 modify count=1
  [ctl 0] whole-space op: va=0xb0d00000 phys=0x160000000 size=4294967296 rwx=2 -> address-space control (flush/perm), no RAM map
[Syscall] L4_MapControl(sid=0x80000100, ctrl=0x80000000) via UTCB@0xdff00000 -> res=0x1
[L4_MapControl] space=0x80000100 control=0x80000000 modify count=1
  [ctl 0] whole-space op: va=0xb0d00000 phys=0x160000000 size=4294967296 rwx=2 -> address-space control (flush/perm), no RAM map
[Syscall] L4_MapControl(sid=0x80000100, ctrl=0x80000000) via UTCB@0xdff00000 -> res=0x1
[L4_MapControl] space=0x80000100 control=0x80000000 modify count=1
  [ctl 0] whole-space op: va=0xb0d00000 phys=0x160000000 size=4294967296 rwx=2 -> address-space control (flush/perm), no RAM map
[Syscall] L4_MapControl(sid=0x80000100, ctrl=0x80000000) via UTCB@0xdff00000 -> res=0x1
  [Cycle 1890] Core0(ARM11): pc=0xb000d6b8 insns=474374 (ok) | Core1(ARM9): pc=0xf0017890 insns=18910000 (ok)
[L4_MapControl] space=0x80000100 control=0x80000000 modify count=1
  [ctl 0] whole-space op: va=0xb0d00000 phys=0x160000000 size=4294967296 rwx=2 -> address-space control (flush/perm), no RAM map
[Syscall] L4_MapControl(sid=0x80000100, ctrl=0x80000000) via UTCB@0xdff00000 -> res=0x1
[L4_MapControl] space=0x80000100 control=0x80000000 modify count=1
  [ctl 0] whole-space op: va=0xb0d00000 phys=0x160000000 size=4294967296 rwx=2 -> address-space control (flush/perm), no RAM map
[Syscall] L4_MapControl(sid=0x80000100, ctrl=0x80000000) via UTCB@0xdff00000 -> res=0x1
[L4_MapControl] space=0x80000100 control=0x80000000 modify count=1
  [ctl 0] whole-space op: va=0xb0d00000 phys=0x160000000 size=4294967296 rwx=2 -> address-space control (flush/perm), no RAM map
[Syscall] L4_MapControl(sid=0x80000100, ctrl=0x80000000) via UTCB@0xdff00000 -> res=0x1
[L4_MapControl] space=0x80000100 control=0x80000000 modify count=1
  [ctl 0] whole-space op: va=0xb0d00000 phys=0x160000000 size=4294967296 rwx=2 -> address-space control (flush/perm), no RAM map
[Syscall] L4_MapControl(sid=0x80000100, ctrl=0x80000000) via UTCB@0xdff00000 -> res=0x1
[L4_MapControl] space=0x80000100 control=0x80000000 modify count=1
  [ctl 0] whole-space op: va=0xb0d00000 phys=0x160000000 size=4294967296 rwx=2 -> address-space control (flush/perm), no RAM map
[Syscall] L4_MapControl(sid=0x80000100, ctrl=0x80000000) via UTCB@0xdff00000 -> res=0x1
[L4_MapControl] space=0x80000100 control=0x80000000 modify count=1
  [ctl 0] whole-space op: va=0xb0d00000 phys=0x160000000 size=4294967296 rwx=2 -> address-space control (flush/perm), no RAM map
[Syscall] L4_MapControl(sid=0x80000100, ctrl=0x80000000) via UTCB@0xdff00000 -> res=0x1
[L4_MapControl] space=0x80000100 control=0x80000000 modify count=1
  [ctl 0] whole-space op: va=0xb0d00000 phys=0x160000000 size=4294967296 rwx=2 -> address-space control (flush/perm), no RAM map
[Syscall] L4_MapControl(sid=0x80000100, ctrl=0x80000000) via UTCB@0xdff00000 -> res=0x1
[L4_MapControl] space=0x80000100 control=0x80000000 modify count=1
  [ctl 0] whole-space op: va=0xb0d00000 phys=0x160000000 size=4294967296 rwx=2 -> address-space control (flush/perm), no RAM map
[Syscall] L4_MapControl(sid=0x80000100, ctrl=0x80000000) via UTCB@0xdff00000 -> res=0x1
[L4_MapControl] space=0x80000100 control=0x80000000 modify count=1
  [ctl 0] whole-space op: va=0xb0d00000 phys=0x160000000 size=4294967296 rwx=2 -> address-space control (flush/perm), no RAM map
[Syscall] L4_MapControl(sid=0x80000100, ctrl=0x80000000) via UTCB@0xdff00000 -> res=0x1
[L4_MapControl] space=0x80000100 control=0x80000000 modify count=1
  [ctl 0] whole-space op: va=0xb0d00000 phys=0x160000000 size=4294967296 rwx=2 -> address-space control (flush/perm), no RAM map
[Syscall] L4_MapControl(sid=0x80000100, ctrl=0x80000000) via UTCB@0xdff00000 -> res=0x1
  [Cycle 1900] Core0(ARM11): pc=0xb000d6b8 insns=475714 (ok) | Core1(ARM9): pc=0xf0017890 insns=19010000 (ok)
[L4_MapControl] space=0x80000100 control=0x80000000 modify count=1
  [ctl 0] whole-space op: va=0xb0d00000 phys=0x160000000 size=4294967296 rwx=2 -> address-space control (flush/perm), no RAM map
[Syscall] L4_MapControl(sid=0x80000100, ctrl=0x80000000) via UTCB@0xdff00000 -> res=0x1
[L4_MapControl] space=0x80000100 control=0x80000000 modify count=1
  [ctl 0] whole-space op: va=0xb0d00000 phys=0x160000000 size=4294967296 rwx=2 -> address-space control (flush/perm), no RAM map
[Syscall] L4_MapControl(sid=0x80000100, ctrl=0x80000000) via UTCB@0xdff00000 -> res=0x1
[L4_MapControl] space=0x80000100 control=0x80000000 modify count=1
  [ctl 0] whole-space op: va=0xb0d00000 phys=0x160000000 size=4294967296 rwx=2 -> address-space control (flush/perm), no RAM map
[Syscall] L4_MapControl(sid=0x80000100, ctrl=0x80000000) via UTCB@0xdff00000 -> res=0x1
[L4_MapControl] space=0x80000100 control=0x80000000 modify count=1
  [ctl 0] whole-space op: va=0xb0d00000 phys=0x160000000 size=4294967296 rwx=2 -> address-space control (flush/perm), no RAM map
[Syscall] L4_MapControl(sid=0x80000100, ctrl=0x80000000) via UTCB@0xdff00000 -> res=0x1
[L4_MapControl] space=0x80000100 control=0x80000000 modify count=1
  [ctl 0] whole-space op: va=0xb0d00000 phys=0x160000000 size=4294967296 rwx=2 -> address-space control (flush/perm), no RAM map
[Syscall] L4_MapControl(sid=0x80000100, ctrl=0x80000000) via UTCB@0xdff00000 -> res=0x1
[L4_MapControl] space=0x80000100 control=0x80000000 modify count=1
  [ctl 0] whole-space op: va=0xb0d00000 phys=0x160000000 size=4294967296 rwx=2 -> address-space control (flush/perm), no RAM map
[Syscall] L4_MapControl(sid=0x80000100, ctrl=0x80000000) via UTCB@0xdff00000 -> res=0x1
[L4_MapControl] space=0x80000100 control=0x80000000 modify count=1
  [ctl 0] whole-space op: va=0xb0d00000 phys=0x160000000 size=4294967296 rwx=2 -> address-space control (flush/perm), no RAM map
[Syscall] L4_MapControl(sid=0x80000100, ctrl=0x80000000) via UTCB@0xdff00000 -> res=0x1
[L4_MapControl] space=0x80000100 control=0x80000000 modify count=1
  [ctl 0] whole-space op: va=0xb0d00000 phys=0x160000000 size=4294967296 rwx=2 -> address-space control (flush/perm), no RAM map
[Syscall] L4_MapControl(sid=0x80000100, ctrl=0x80000000) via UTCB@0xdff00000 -> res=0x1
[L4_MapControl] space=0x80000100 control=0x80000000 modify count=1
  [ctl 0] whole-space op: va=0xb0d00000 phys=0x160000000 size=4294967296 rwx=2 -> address-space control (flush/perm), no RAM map
[Syscall] L4_MapControl(sid=0x80000100, ctrl=0x80000000) via UTCB@0xdff00000 -> res=0x1
[L4_MapControl] space=0x80000100 control=0x80000000 modify count=1
  [ctl 0] whole-space op: va=0xb0d00000 phys=0x160000000 size=4294967296 rwx=2 -> address-space control (flush/perm), no RAM map
[Syscall] L4_MapControl(sid=0x80000100, ctrl=0x80000000) via UTCB@0xdff00000 -> res=0x1
  [Cycle 1910] Core0(ARM11): pc=0xb000d6b8 insns=477054 (ok) | Core1(ARM9): pc=0xf0017890 insns=19110000 (ok)
[L4_MapControl] space=0x80000100 control=0x80000000 modify count=1
  [ctl 0] whole-space op: va=0xb0d00000 phys=0x160000000 size=4294967296 rwx=2 -> address-space control (flush/perm), no RAM map
[Syscall] L4_MapControl(sid=0x80000100, ctrl=0x80000000) via UTCB@0xdff00000 -> res=0x1
[L4_MapControl] space=0x80000100 control=0x80000000 modify count=1
  [ctl 0] whole-space op: va=0xb0d00000 phys=0x160000000 size=4294967296 rwx=2 -> address-space control (flush/perm), no RAM map
[Syscall] L4_MapControl(sid=0x80000100, ctrl=0x80000000) via UTCB@0xdff00000 -> res=0x1
[L4_MapControl] space=0x80000100 control=0x80000000 modify count=1
  [ctl 0] whole-space op: va=0xb0d00000 phys=0x160000000 size=4294967296 rwx=2 -> address-space control (flush/perm), no RAM map
[Syscall] L4_MapControl(sid=0x80000100, ctrl=0x80000000) via UTCB@0xdff00000 -> res=0x1
[L4_MapControl] space=0x80000100 control=0x80000000 modify count=1
  [ctl 0] whole-space op: va=0xb0d00000 phys=0x160000000 size=4294967296 rwx=2 -> address-space control (flush/perm), no RAM map
[Syscall] L4_MapControl(sid=0x80000100, ctrl=0x80000000) via UTCB@0xdff00000 -> res=0x1
[L4_MapControl] space=0x80000100 control=0x80000000 modify count=1
  [ctl 0] whole-space op: va=0xb0d00000 phys=0x160000000 size=4294967296 rwx=2 -> address-space control (flush/perm), no RAM map
[Syscall] L4_MapControl(sid=0x80000100, ctrl=0x80000000) via UTCB@0xdff00000 -> res=0x1
[L4_MapControl] space=0x80000100 control=0x80000000 modify count=1
  [ctl 0] whole-space op: va=0xb0d00000 phys=0x160000000 size=4294967296 rwx=2 -> address-space control (flush/perm), no RAM map
[Syscall] L4_MapControl(sid=0x80000100, ctrl=0x80000000) via UTCB@0xdff00000 -> res=0x1
[L4_MapControl] space=0x80000100 control=0x80000000 modify count=1
  [ctl 0] whole-space op: va=0xb0d00000 phys=0x160000000 size=4294967296 rwx=2 -> address-space control (flush/perm), no RAM map
[Syscall] L4_MapControl(sid=0x80000100, ctrl=0x80000000) via UTCB@0xdff00000 -> res=0x1
[L4_MapControl] space=0x80000100 control=0x80000000 modify count=1
  [ctl 0] whole-space op: va=0xb0d00000 phys=0x160000000 size=4294967296 rwx=2 -> address-space control (flush/perm), no RAM map
[Syscall] L4_MapControl(sid=0x80000100, ctrl=0x80000000) via UTCB@0xdff00000 -> res=0x1
[L4_MapControl] space=0x80000100 control=0x80000000 modify count=1
  [ctl 0] whole-space op: va=0xb0d00000 phys=0x160000000 size=4294967296 rwx=2 -> address-space control (flush/perm), no RAM map
[Syscall] L4_MapControl(sid=0x80000100, ctrl=0x80000000) via UTCB@0xdff00000 -> res=0x1
[L4_MapControl] space=0x80000100 control=0x80000000 modify count=1
  [ctl 0] whole-space op: va=0xb0d00000 phys=0x160000000 size=4294967296 rwx=2 -> address-space control (flush/perm), no RAM map
[Syscall] L4_MapControl(sid=0x80000100, ctrl=0x80000000) via UTCB@0xdff00000 -> res=0x1
  [Cycle 1920] Core0(ARM11): pc=0xb000d6b8 insns=478394 (ok) | Core1(ARM9): pc=0xf0017890 insns=19210000 (ok)
[L4_MapControl] space=0x80000100 control=0x80000000 modify count=1
  [ctl 0] whole-space op: va=0xb0d00000 phys=0x160000000 size=4294967296 rwx=2 -> address-space control (flush/perm), no RAM map
[Syscall] L4_MapControl(sid=0x80000100, ctrl=0x80000000) via UTCB@0xdff00000 -> res=0x1
[L4_MapControl] space=0x80000100 control=0x80000000 modify count=1
  [ctl 0] whole-space op: va=0xb0d00000 phys=0x160000000 size=4294967296 rwx=2 -> address-space control (flush/perm), no RAM map
[Syscall] L4_MapControl(sid=0x80000100, ctrl=0x80000000) via UTCB@0xdff00000 -> res=0x1
[L4_MapControl] space=0x80000100 control=0x80000000 modify count=1
  [ctl 0] whole-space op: va=0xb0d00000 phys=0x160000000 size=4294967296 rwx=2 -> address-space control (flush/perm), no RAM map
[Syscall] L4_MapControl(sid=0x80000100, ctrl=0x80000000) via UTCB@0xdff00000 -> res=0x1
[L4_MapControl] space=0x80000100 control=0x80000000 modify count=1
  [ctl 0] whole-space op: va=0xb0d00000 phys=0x160000000 size=4294967296 rwx=2 -> address-space control (flush/perm), no RAM map
[Syscall] L4_MapControl(sid=0x80000100, ctrl=0x80000000) via UTCB@0xdff00000 -> res=0x1
[L4_MapControl] space=0x80000100 control=0x80000000 modify count=1
  [ctl 0] whole-space op: va=0xb0d00000 phys=0x160000000 size=4294967296 rwx=2 -> address-space control (flush/perm), no RAM map
[Syscall] L4_MapControl(sid=0x80000100, ctrl=0x80000000) via UTCB@0xdff00000 -> res=0x1
[L4_MapControl] space=0x80000100 control=0x80000000 modify count=1
  [ctl 0] whole-space op: va=0xb0d00000 phys=0x160000000 size=4294967296 rwx=2 -> address-space control (flush/perm), no RAM map
[Syscall] L4_MapControl(sid=0x80000100, ctrl=0x80000000) via UTCB@0xdff00000 -> res=0x1
[L4_MapControl] space=0x80000100 control=0x80000000 modify count=1
  [ctl 0] whole-space op: va=0xb0d00000 phys=0x160000000 size=4294967296 rwx=2 -> address-space control (flush/perm), no RAM map
[Syscall] L4_MapControl(sid=0x80000100, ctrl=0x80000000) via UTCB@0xdff00000 -> res=0x1
[L4_MapControl] space=0x80000100 control=0x80000000 modify count=1
  [ctl 0] whole-space op: va=0xb0d00000 phys=0x160000000 size=4294967296 rwx=2 -> address-space control (flush/perm), no RAM map
[Syscall] L4_MapControl(sid=0x80000100, ctrl=0x80000000) via UTCB@0xdff00000 -> res=0x1
[L4_MapControl] space=0x80000100 control=0x80000000 modify count=1
  [ctl 0] whole-space op: va=0xb0d00000 phys=0x160000000 size=4294967296 rwx=2 -> address-space control (flush/perm), no RAM map
[Syscall] L4_MapControl(sid=0x80000100, ctrl=0x80000000) via UTCB@0xdff00000 -> res=0x1
[L4_MapControl] space=0x80000100 control=0x80000000 modify count=1
  [ctl 0] whole-space op: va=0xb0d00000 phys=0x160000000 size=4294967296 rwx=2 -> address-space control (flush/perm), no RAM map
[Syscall] L4_MapControl(sid=0x80000100, ctrl=0x80000000) via UTCB@0xdff00000 -> res=0x1
  [Cycle 1930] Core0(ARM11): pc=0xb000d6b8 insns=479734 (ok) | Core1(ARM9): pc=0xf0017890 insns=19310000 (ok)
[L4_MapControl] space=0x80000100 control=0x80000000 modify count=1
  [ctl 0] whole-space op: va=0xb0d00000 phys=0x160000000 size=4294967296 rwx=2 -> address-space control (flush/perm), no RAM map
[Syscall] L4_MapControl(sid=0x80000100, ctrl=0x80000000) via UTCB@0xdff00000 -> res=0x1
[L4_MapControl] space=0x80000100 control=0x80000000 modify count=1
  [ctl 0] whole-space op: va=0xb0d00000 phys=0x160000000 size=4294967296 rwx=2 -> address-space control (flush/perm), no RAM map
[Syscall] L4_MapControl(sid=0x80000100, ctrl=0x80000000) via UTCB@0xdff00000 -> res=0x1
[L4_MapControl] space=0x80000100 control=0x80000000 modify count=1
  [ctl 0] whole-space op: va=0xb0d00000 phys=0x160000000 size=4294967296 rwx=2 -> address-space control (flush/perm), no RAM map
[Syscall] L4_MapControl(sid=0x80000100, ctrl=0x80000000) via UTCB@0xdff00000 -> res=0x1
[L4_MapControl] space=0x80000100 control=0x80000000 modify count=1
  [ctl 0] whole-space op: va=0xb0d00000 phys=0x160000000 size=4294967296 rwx=2 -> address-space control (flush/perm), no RAM map
[Syscall] L4_MapControl(sid=0x80000100, ctrl=0x80000000) via UTCB@0xdff00000 -> res=0x1
[L4_MapControl] space=0x80000100 control=0x80000000 modify count=1
  [ctl 0] whole-space op: va=0xb0d00000 phys=0x160000000 size=4294967296 rwx=2 -> address-space control (flush/perm), no RAM map
[Syscall] L4_MapControl(sid=0x80000100, ctrl=0x80000000) via UTCB@0xdff00000 -> res=0x1
[L4_MapControl] space=0x80000100 control=0x80000000 modify count=1
  [ctl 0] whole-space op: va=0xb0d00000 phys=0x160000000 size=4294967296 rwx=2 -> address-space control (flush/perm), no RAM map
[Syscall] L4_MapControl(sid=0x80000100, ctrl=0x80000000) via UTCB@0xdff00000 -> res=0x1
[L4_MapControl] space=0x80000100 control=0x80000000 modify count=1
  [ctl 0] whole-space op: va=0xb0d00000 phys=0x160000000 size=4294967296 rwx=2 -> address-space control (flush/perm), no RAM map
[Syscall] L4_MapControl(sid=0x80000100, ctrl=0x80000000) via UTCB@0xdff00000 -> res=0x1
[L4_MapControl] space=0x80000100 control=0x80000000 modify count=1
  [ctl 0] whole-space op: va=0xb0d00000 phys=0x160000000 size=4294967296 rwx=2 -> address-space control (flush/perm), no RAM map
[Syscall] L4_MapControl(sid=0x80000100, ctrl=0x80000000) via UTCB@0xdff00000 -> res=0x1
[L4_MapControl] space=0x80000100 control=0x80000000 modify count=1
  [ctl 0] whole-space op: va=0xb0d00000 phys=0x160000000 size=4294967296 rwx=2 -> address-space control (flush/perm), no RAM map
[Syscall] L4_MapControl(sid=0x80000100, ctrl=0x80000000) via UTCB@0xdff00000 -> res=0x1
[L4_MapControl] space=0x80000100 control=0x80000000 modify count=1
  [ctl 0] whole-space op: va=0xb0d00000 phys=0x160000000 size=4294967296 rwx=2 -> address-space control (flush/perm), no RAM map
[Syscall] L4_MapControl(sid=0x80000100, ctrl=0x80000000) via UTCB@0xdff00000 -> res=0x1
  [Cycle 1940] Core0(ARM11): pc=0xb000d6b8 insns=481074 (ok) | Core1(ARM9): pc=0xf0017890 insns=19410000 (ok)
[L4_MapControl] space=0x80000100 control=0x80000000 modify count=1
  [ctl 0] whole-space op: va=0xb0d00000 phys=0x160000000 size=4294967296 rwx=2 -> address-space control (flush/perm), no RAM map
[Syscall] L4_MapControl(sid=0x80000100, ctrl=0x80000000) via UTCB@0xdff00000 -> res=0x1
[L4_MapControl] space=0x80000100 control=0x80000000 modify count=1
  [ctl 0] whole-space op: va=0xb0d00000 phys=0x160000000 size=4294967296 rwx=2 -> address-space control (flush/perm), no RAM map
[Syscall] L4_MapControl(sid=0x80000100, ctrl=0x80000000) via UTCB@0xdff00000 -> res=0x1
[L4_MapControl] space=0x80000100 control=0x80000000 modify count=1
  [ctl 0] whole-space op: va=0xb0d00000 phys=0x160000000 size=4294967296 rwx=2 -> address-space control (flush/perm), no RAM map
[Syscall] L4_MapControl(sid=0x80000100, ctrl=0x80000000) via UTCB@0xdff00000 -> res=0x1
[L4_MapControl] space=0x80000100 control=0x80000000 modify count=1
  [ctl 0] whole-space op: va=0xb0d00000 phys=0x160000000 size=4294967296 rwx=2 -> address-space control (flush/perm), no RAM map
[Syscall] L4_MapControl(sid=0x80000100, ctrl=0x80000000) via UTCB@0xdff00000 -> res=0x1
[L4_MapControl] space=0x80000100 control=0x80000000 modify count=1
  [ctl 0] whole-space op: va=0xb0d00000 phys=0x160000000 size=4294967296 rwx=2 -> address-space control (flush/perm), no RAM map
[Syscall] L4_MapControl(sid=0x80000100, ctrl=0x80000000) via UTCB@0xdff00000 -> res=0x1
[L4_MapControl] space=0x80000100 control=0x80000000 modify count=1
  [ctl 0] whole-space op: va=0xb0d00000 phys=0x160000000 size=4294967296 rwx=2 -> address-space control (flush/perm), no RAM map
[Syscall] L4_MapControl(sid=0x80000100, ctrl=0x80000000) via UTCB@0xdff00000 -> res=0x1
[L4_MapControl] space=0x80000100 control=0x80000000 modify count=1
  [ctl 0] whole-space op: va=0xb0d00000 phys=0x160000000 size=4294967296 rwx=2 -> address-space control (flush/perm), no RAM map
[Syscall] L4_MapControl(sid=0x80000100, ctrl=0x80000000) via UTCB@0xdff00000 -> res=0x1
[L4_MapControl] space=0x80000100 control=0x80000000 modify count=1
  [ctl 0] whole-space op: va=0xb0d00000 phys=0x160000000 size=4294967296 rwx=2 -> address-space control (flush/perm), no RAM map
[Syscall] L4_MapControl(sid=0x80000100, ctrl=0x80000000) via UTCB@0xdff00000 -> res=0x1
[L4_MapControl] space=0x80000100 control=0x80000000 modify count=1
  [ctl 0] whole-space op: va=0xb0d00000 phys=0x160000000 size=4294967296 rwx=2 -> address-space control (flush/perm), no RAM map
[Syscall] L4_MapControl(sid=0x80000100, ctrl=0x80000000) via UTCB@0xdff00000 -> res=0x1
[L4_MapControl] space=0x80000100 control=0x80000000 modify count=1
  [ctl 0] whole-space op: va=0xb0d00000 phys=0x160000000 size=4294967296 rwx=2 -> address-space control (flush/perm), no RAM map
[Syscall] L4_MapControl(sid=0x80000100, ctrl=0x80000000) via UTCB@0xdff00000 -> res=0x1
  [Cycle 1950] Core0(ARM11): pc=0xb000d6b8 insns=482414 (ok) | Core1(ARM9): pc=0xf0017890 insns=19510000 (ok)
[L4_MapControl] space=0x80000100 control=0x80000000 modify count=1
  [ctl 0] whole-space op: va=0xb0d00000 phys=0x160000000 size=4294967296 rwx=2 -> address-space control (flush/perm), no RAM map
[Syscall] L4_MapControl(sid=0x80000100, ctrl=0x80000000) via UTCB@0xdff00000 -> res=0x1
[L4_MapControl] space=0x80000100 control=0x80000000 modify count=1
  [ctl 0] whole-space op: va=0xb0d00000 phys=0x160000000 size=4294967296 rwx=2 -> address-space control (flush/perm), no RAM map
[Syscall] L4_MapControl(sid=0x80000100, ctrl=0x80000000) via UTCB@0xdff00000 -> res=0x1
[L4_MapControl] space=0x80000100 control=0x80000000 modify count=1
  [ctl 0] whole-space op: va=0xb0d00000 phys=0x160000000 size=4294967296 rwx=2 -> address-space control (flush/perm), no RAM map
[Syscall] L4_MapControl(sid=0x80000100, ctrl=0x80000000) via UTCB@0xdff00000 -> res=0x1
[L4_MapControl] space=0x80000100 control=0x80000000 modify count=1
  [ctl 0] whole-space op: va=0xb0d00000 phys=0x160000000 size=4294967296 rwx=2 -> address-space control (flush/perm), no RAM map
[Syscall] L4_MapControl(sid=0x80000100, ctrl=0x80000000) via UTCB@0xdff00000 -> res=0x1
[L4_MapControl] space=0x80000100 control=0x80000000 modify count=1
  [ctl 0] whole-space op: va=0xb0d00000 phys=0x160000000 size=4294967296 rwx=2 -> address-space control (flush/perm), no RAM map
[Syscall] L4_MapControl(sid=0x80000100, ctrl=0x80000000) via UTCB@0xdff00000 -> res=0x1
[L4_MapControl] space=0x80000100 control=0x80000000 modify count=1
  [ctl 0] whole-space op: va=0xb0d00000 phys=0x160000000 size=4294967296 rwx=2 -> address-space control (flush/perm), no RAM map
[Syscall] L4_MapControl(sid=0x80000100, ctrl=0x80000000) via UTCB@0xdff00000 -> res=0x1
[L4_MapControl] space=0x80000100 control=0x80000000 modify count=1
  [ctl 0] whole-space op: va=0xb0d00000 phys=0x160000000 size=4294967296 rwx=2 -> address-space control (flush/perm), no RAM map
[Syscall] L4_MapControl(sid=0x80000100, ctrl=0x80000000) via UTCB@0xdff00000 -> res=0x1
[L4_MapControl] space=0x80000100 control=0x80000000 modify count=1
  [ctl 0] whole-space op: va=0xb0d00000 phys=0x160000000 size=4294967296 rwx=2 -> address-space control (flush/perm), no RAM map
[Syscall] L4_MapControl(sid=0x80000100, ctrl=0x80000000) via UTCB@0xdff00000 -> res=0x1
[L4_MapControl] space=0x80000100 control=0x80000000 modify count=1
  [ctl 0] whole-space op: va=0xb0d00000 phys=0x160000000 size=4294967296 rwx=2 -> address-space control (flush/perm), no RAM map
[Syscall] L4_MapControl(sid=0x80000100, ctrl=0x80000000) via UTCB@0xdff00000 -> res=0x1
[L4_MapControl] space=0x80000100 control=0x80000000 modify count=1
  [ctl 0] whole-space op: va=0xb0d00000 phys=0x160000000 size=4294967296 rwx=2 -> address-space control (flush/perm), no RAM map
[Syscall] L4_MapControl(sid=0x80000100, ctrl=0x80000000) via UTCB@0xdff00000 -> res=0x1
  [Cycle 1960] Core0(ARM11): pc=0xb000d6b8 insns=483754 (ok) | Core1(ARM9): pc=0xf0017890 insns=19610000 (ok)
[L4_MapControl] space=0x80000100 control=0x80000000 modify count=1
  [ctl 0] whole-space op: va=0xb0d00000 phys=0x160000000 size=4294967296 rwx=2 -> address-space control (flush/perm), no RAM map
[Syscall] L4_MapControl(sid=0x80000100, ctrl=0x80000000) via UTCB@0xdff00000 -> res=0x1
[L4_MapControl] space=0x80000100 control=0x80000000 modify count=1
  [ctl 0] whole-space op: va=0xb0d00000 phys=0x160000000 size=4294967296 rwx=2 -> address-space control (flush/perm), no RAM map
[Syscall] L4_MapControl(sid=0x80000100, ctrl=0x80000000) via UTCB@0xdff00000 -> res=0x1
[L4_MapControl] space=0x80000100 control=0x80000000 modify count=1
  [ctl 0] whole-space op: va=0xb0d00000 phys=0x160000000 size=4294967296 rwx=2 -> address-space control (flush/perm), no RAM map
[Syscall] L4_MapControl(sid=0x80000100, ctrl=0x80000000) via UTCB@0xdff00000 -> res=0x1
[L4_MapControl] space=0x80000100 control=0x80000000 modify count=1
  [ctl 0] whole-space op: va=0xb0d00000 phys=0x160000000 size=4294967296 rwx=2 -> address-space control (flush/perm), no RAM map
[Syscall] L4_MapControl(sid=0x80000100, ctrl=0x80000000) via UTCB@0xdff00000 -> res=0x1
[L4_MapControl] space=0x80000100 control=0x80000000 modify count=1
  [ctl 0] whole-space op: va=0xb0d00000 phys=0x160000000 size=4294967296 rwx=2 -> address-space control (flush/perm), no RAM map
[Syscall] L4_MapControl(sid=0x80000100, ctrl=0x80000000) via UTCB@0xdff00000 -> res=0x1
[L4_MapControl] space=0x80000100 control=0x80000000 modify count=1
  [ctl 0] whole-space op: va=0xb0d00000 phys=0x160000000 size=4294967296 rwx=2 -> address-space control (flush/perm), no RAM map
[Syscall] L4_MapControl(sid=0x80000100, ctrl=0x80000000) via UTCB@0xdff00000 -> res=0x1
[L4_MapControl] space=0x80000100 control=0x80000000 modify count=1
  [ctl 0] whole-space op: va=0xb0d00000 phys=0x160000000 size=4294967296 rwx=2 -> address-space control (flush/perm), no RAM map
[Syscall] L4_MapControl(sid=0x80000100, ctrl=0x80000000) via UTCB@0xdff00000 -> res=0x1
[L4_MapControl] space=0x80000100 control=0x80000000 modify count=1
  [ctl 0] whole-space op: va=0xb0d00000 phys=0x160000000 size=4294967296 rwx=2 -> address-space control (flush/perm), no RAM map
[Syscall] L4_MapControl(sid=0x80000100, ctrl=0x80000000) via UTCB@0xdff00000 -> res=0x1
[L4_MapControl] space=0x80000100 control=0x80000000 modify count=1
  [ctl 0] whole-space op: va=0xb0d00000 phys=0x160000000 size=4294967296 rwx=2 -> address-space control (flush/perm), no RAM map
[Syscall] L4_MapControl(sid=0x80000100, ctrl=0x80000000) via UTCB@0xdff00000 -> res=0x1
[L4_MapControl] space=0x80000100 control=0x80000000 modify count=1
  [ctl 0] whole-space op: va=0xb0d00000 phys=0x160000000 size=4294967296 rwx=2 -> address-space control (flush/perm), no RAM map
[Syscall] L4_MapControl(sid=0x80000100, ctrl=0x80000000) via UTCB@0xdff00000 -> res=0x1
  [Cycle 1970] Core0(ARM11): pc=0xb000d6b8 insns=485094 (ok) | Core1(ARM9): pc=0xf0017890 insns=19710000 (ok)
[L4_MapControl] space=0x80000100 control=0x80000000 modify count=1
  [ctl 0] whole-space op: va=0xb0d00000 phys=0x160000000 size=4294967296 rwx=2 -> address-space control (flush/perm), no RAM map
[Syscall] L4_MapControl(sid=0x80000100, ctrl=0x80000000) via UTCB@0xdff00000 -> res=0x1
[L4_MapControl] space=0x80000100 control=0x80000000 modify count=1
  [ctl 0] whole-space op: va=0xb0d00000 phys=0x160000000 size=4294967296 rwx=2 -> address-space control (flush/perm), no RAM map
[Syscall] L4_MapControl(sid=0x80000100, ctrl=0x80000000) via UTCB@0xdff00000 -> res=0x1
[L4_MapControl] space=0x80000100 control=0x80000000 modify count=1
  [ctl 0] whole-space op: va=0xb0d00000 phys=0x160000000 size=4294967296 rwx=2 -> address-space control (flush/perm), no RAM map
[Syscall] L4_MapControl(sid=0x80000100, ctrl=0x80000000) via UTCB@0xdff00000 -> res=0x1
[L4_MapControl] space=0x80000100 control=0x80000000 modify count=1
  [ctl 0] whole-space op: va=0xb0d00000 phys=0x160000000 size=4294967296 rwx=2 -> address-space control (flush/perm), no RAM map
[Syscall] L4_MapControl(sid=0x80000100, ctrl=0x80000000) via UTCB@0xdff00000 -> res=0x1
[L4_MapControl] space=0x80000100 control=0x80000000 modify count=1
  [ctl 0] whole-space op: va=0xb0d00000 phys=0x160000000 size=4294967296 rwx=2 -> address-space control (flush/perm), no RAM map
[Syscall] L4_MapControl(sid=0x80000100, ctrl=0x80000000) via UTCB@0xdff00000 -> res=0x1
[L4_MapControl] space=0x80000100 control=0x80000000 modify count=1
  [ctl 0] whole-space op: va=0xb0d00000 phys=0x160000000 size=4294967296 rwx=2 -> address-space control (flush/perm), no RAM map
[Syscall] L4_MapControl(sid=0x80000100, ctrl=0x80000000) via UTCB@0xdff00000 -> res=0x1
[L4_MapControl] space=0x80000100 control=0x80000000 modify count=1
  [ctl 0] whole-space op: va=0xb0d00000 phys=0x160000000 size=4294967296 rwx=2 -> address-space control (flush/perm), no RAM map
[Syscall] L4_MapControl(sid=0x80000100, ctrl=0x80000000) via UTCB@0xdff00000 -> res=0x1
[L4_MapControl] space=0x80000100 control=0x80000000 modify count=1
  [ctl 0] whole-space op: va=0xb0d00000 phys=0x160000000 size=4294967296 rwx=2 -> address-space control (flush/perm), no RAM map
[Syscall] L4_MapControl(sid=0x80000100, ctrl=0x80000000) via UTCB@0xdff00000 -> res=0x1
[L4_MapControl] space=0x80000100 control=0x80000000 modify count=1
  [ctl 0] whole-space op: va=0xb0d00000 phys=0x160000000 size=4294967296 rwx=2 -> address-space control (flush/perm), no RAM map
[Syscall] L4_MapControl(sid=0x80000100, ctrl=0x80000000) via UTCB@0xdff00000 -> res=0x1
[L4_MapControl] space=0x80000100 control=0x80000000 modify count=1
  [ctl 0] whole-space op: va=0xb0d00000 phys=0x160000000 size=4294967296 rwx=2 -> address-space control (flush/perm), no RAM map
[Syscall] L4_MapControl(sid=0x80000100, ctrl=0x80000000) via UTCB@0xdff00000 -> res=0x1
  [Cycle 1980] Core0(ARM11): pc=0xb000d6b8 insns=486434 (ok) | Core1(ARM9): pc=0xf0017890 insns=19810000 (ok)
[L4_MapControl] space=0x80000100 control=0x80000000 modify count=1
  [ctl 0] whole-space op: va=0xb0d00000 phys=0x160000000 size=4294967296 rwx=2 -> address-space control (flush/perm), no RAM map
[Syscall] L4_MapControl(sid=0x80000100, ctrl=0x80000000) via UTCB@0xdff00000 -> res=0x1
[L4_MapControl] space=0x80000100 control=0x80000000 modify count=1
  [ctl 0] whole-space op: va=0xb0d00000 phys=0x160000000 size=4294967296 rwx=2 -> address-space control (flush/perm), no RAM map
[Syscall] L4_MapControl(sid=0x80000100, ctrl=0x80000000) via UTCB@0xdff00000 -> res=0x1
[L4_MapControl] space=0x80000100 control=0x80000000 modify count=1
  [ctl 0] whole-space op: va=0xb0d00000 phys=0x160000000 size=4294967296 rwx=2 -> address-space control (flush/perm), no RAM map
[Syscall] L4_MapControl(sid=0x80000100, ctrl=0x80000000) via UTCB@0xdff00000 -> res=0x1
[L4_MapControl] space=0x80000100 control=0x80000000 modify count=1
  [ctl 0] whole-space op: va=0xb0d00000 phys=0x160000000 size=4294967296 rwx=2 -> address-space control (flush/perm), no RAM map
[Syscall] L4_MapControl(sid=0x80000100, ctrl=0x80000000) via UTCB@0xdff00000 -> res=0x1
[L4_MapControl] space=0x80000100 control=0x80000000 modify count=1
  [ctl 0] whole-space op: va=0xb0d00000 phys=0x160000000 size=4294967296 rwx=2 -> address-space control (flush/perm), no RAM map
[Syscall] L4_MapControl(sid=0x80000100, ctrl=0x80000000) via UTCB@0xdff00000 -> res=0x1
[L4_MapControl] space=0x80000100 control=0x80000000 modify count=1
  [ctl 0] whole-space op: va=0xb0d00000 phys=0x160000000 size=4294967296 rwx=2 -> address-space control (flush/perm), no RAM map
[Syscall] L4_MapControl(sid=0x80000100, ctrl=0x80000000) via UTCB@0xdff00000 -> res=0x1
[L4_MapControl] space=0x80000100 control=0x80000000 modify count=1
  [ctl 0] whole-space op: va=0xb0d00000 phys=0x160000000 size=4294967296 rwx=2 -> address-space control (flush/perm), no RAM map
[Syscall] L4_MapControl(sid=0x80000100, ctrl=0x80000000) via UTCB@0xdff00000 -> res=0x1
[L4_MapControl] space=0x80000100 control=0x80000000 modify count=1
  [ctl 0] whole-space op: va=0xb0d00000 phys=0x160000000 size=4294967296 rwx=2 -> address-space control (flush/perm), no RAM map
[Syscall] L4_MapControl(sid=0x80000100, ctrl=0x80000000) via UTCB@0xdff00000 -> res=0x1
[L4_MapControl] space=0x80000100 control=0x80000000 modify count=1
  [ctl 0] whole-space op: va=0xb0d00000 phys=0x160000000 size=4294967296 rwx=2 -> address-space control (flush/perm), no RAM map
[Syscall] L4_MapControl(sid=0x80000100, ctrl=0x80000000) via UTCB@0xdff00000 -> res=0x1
[L4_MapControl] space=0x80000100 control=0x80000000 modify count=1
  [ctl 0] whole-space op: va=0xb0d00000 phys=0x160000000 size=4294967296 rwx=2 -> address-space control (flush/perm), no RAM map
[Syscall] L4_MapControl(sid=0x80000100, ctrl=0x80000000) via UTCB@0xdff00000 -> res=0x1
  [Cycle 1990] Core0(ARM11): pc=0xb000d6b8 insns=487774 (ok) | Core1(ARM9): pc=0xf0017890 insns=19910000 (ok)
[L4_MapControl] space=0x80000100 control=0x80000000 modify count=1
  [ctl 0] whole-space op: va=0xb0d00000 phys=0x160000000 size=4294967296 rwx=2 -> address-space control (flush/perm), no RAM map
[Syscall] L4_MapControl(sid=0x80000100, ctrl=0x80000000) via UTCB@0xdff00000 -> res=0x1
[L4_MapControl] space=0x80000100 control=0x80000000 modify count=1
  [ctl 0] whole-space op: va=0xb0d00000 phys=0x160000000 size=4294967296 rwx=2 -> address-space control (flush/perm), no RAM map
[Syscall] L4_MapControl(sid=0x80000100, ctrl=0x80000000) via UTCB@0xdff00000 -> res=0x1
[L4_MapControl] space=0x80000100 control=0x80000000 modify count=1
  [ctl 0] whole-space op: va=0xb0d00000 phys=0x160000000 size=4294967296 rwx=2 -> address-space control (flush/perm), no RAM map
[Syscall] L4_MapControl(sid=0x80000100, ctrl=0x80000000) via UTCB@0xdff00000 -> res=0x1
[L4_MapControl] space=0x80000100 control=0x80000000 modify count=1
  [ctl 0] whole-space op: va=0xb0d00000 phys=0x160000000 size=4294967296 rwx=2 -> address-space control (flush/perm), no RAM map
[Syscall] L4_MapControl(sid=0x80000100, ctrl=0x80000000) via UTCB@0xdff00000 -> res=0x1
[L4_MapControl] space=0x80000100 control=0x80000000 modify count=1
  [ctl 0] whole-space op: va=0xb0d00000 phys=0x160000000 size=4294967296 rwx=2 -> address-space control (flush/perm), no RAM map
[Syscall] L4_MapControl(sid=0x80000100, ctrl=0x80000000) via UTCB@0xdff00000 -> res=0x1
[L4_MapControl] space=0x80000100 control=0x80000000 modify count=1
  [ctl 0] whole-space op: va=0xb0d00000 phys=0x160000000 size=4294967296 rwx=2 -> address-space control (flush/perm), no RAM map
[Syscall] L4_MapControl(sid=0x80000100, ctrl=0x80000000) via UTCB@0xdff00000 -> res=0x1
[L4_MapControl] space=0x80000100 control=0x80000000 modify count=1
  [ctl 0] whole-space op: va=0xb0d00000 phys=0x160000000 size=4294967296 rwx=2 -> address-space control (flush/perm), no RAM map
[Syscall] L4_MapControl(sid=0x80000100, ctrl=0x80000000) via UTCB@0xdff00000 -> res=0x1
[L4_MapControl] space=0x80000100 control=0x80000000 modify count=1
  [ctl 0] whole-space op: va=0xb0d00000 phys=0x160000000 size=4294967296 rwx=2 -> address-space control (flush/perm), no RAM map
[Syscall] L4_MapControl(sid=0x80000100, ctrl=0x80000000) via UTCB@0xdff00000 -> res=0x1
[L4_MapControl] space=0x80000100 control=0x80000000 modify count=1
  [ctl 0] whole-space op: va=0xb0d00000 phys=0x160000000 size=4294967296 rwx=2 -> address-space control (flush/perm), no RAM map
[Syscall] L4_MapControl(sid=0x80000100, ctrl=0x80000000) via UTCB@0xdff00000 -> res=0x1
[L4_MapControl] space=0x80000100 control=0x80000000 modify count=1
  [ctl 0] whole-space op: va=0xb0d00000 phys=0x160000000 size=4294967296 rwx=2 -> address-space control (flush/perm), no RAM map
[Syscall] L4_MapControl(sid=0x80000100, ctrl=0x80000000) via UTCB@0xdff00000 -> res=0x1
  [Cycle 2000] Core0(ARM11): pc=0xb000d6b8 insns=489114 (ok) | Core1(ARM9): pc=0xf0017890 insns=20010000 (ok)
[L4_MapControl] space=0x80000100 control=0x80000000 modify count=1
  [ctl 0] whole-space op: va=0xb0d00000 phys=0x160000000 size=4294967296 rwx=2 -> address-space control (flush/perm), no RAM map
[Syscall] L4_MapControl(sid=0x80000100, ctrl=0x80000000) via UTCB@0xdff00000 -> res=0x1
[L4_MapControl] space=0x80000100 control=0x80000000 modify count=1
  [ctl 0] whole-space op: va=0xb0d00000 phys=0x160000000 size=4294967296 rwx=2 -> address-space control (flush/perm), no RAM map
[Syscall] L4_MapControl(sid=0x80000100, ctrl=0x80000000) via UTCB@0xdff00000 -> res=0x1
[L4_MapControl] space=0x80000100 control=0x80000000 modify count=1
  [ctl 0] whole-space op: va=0xb0d00000 phys=0x160000000 size=4294967296 rwx=2 -> address-space control (flush/perm), no RAM map
[Syscall] L4_MapControl(sid=0x80000100, ctrl=0x80000000) via UTCB@0xdff00000 -> res=0x1
[L4_MapControl] space=0x80000100 control=0x80000000 modify count=1
  [ctl 0] whole-space op: va=0xb0d00000 phys=0x160000000 size=4294967296 rwx=2 -> address-space control (flush/perm), no RAM map
[Syscall] L4_MapControl(sid=0x80000100, ctrl=0x80000000) via UTCB@0xdff00000 -> res=0x1
[L4_MapControl] space=0x80000100 control=0x80000000 modify count=1
  [ctl 0] whole-space op: va=0xb0d00000 phys=0x160000000 size=4294967296 rwx=2 -> address-space control (flush/perm), no RAM map
[Syscall] L4_MapControl(sid=0x80000100, ctrl=0x80000000) via UTCB@0xdff00000 -> res=0x1
[L4_MapControl] space=0x80000100 control=0x80000000 modify count=1
  [ctl 0] whole-space op: va=0xb0d00000 phys=0x160000000 size=4294967296 rwx=2 -> address-space control (flush/perm), no RAM map
[Syscall] L4_MapControl(sid=0x80000100, ctrl=0x80000000) via UTCB@0xdff00000 -> res=0x1
[L4_MapControl] space=0x80000100 control=0x80000000 modify count=1
  [ctl 0] whole-space op: va=0xb0d00000 phys=0x160000000 size=4294967296 rwx=2 -> address-space control (flush/perm), no RAM map
[Syscall] L4_MapControl(sid=0x80000100, ctrl=0x80000000) via UTCB@0xdff00000 -> res=0x1
[L4_MapControl] space=0x80000100 control=0x80000000 modify count=1
  [ctl 0] whole-space op: va=0xb0d00000 phys=0x160000000 size=4294967296 rwx=2 -> address-space control (flush/perm), no RAM map
[Syscall] L4_MapControl(sid=0x80000100, ctrl=0x80000000) via UTCB@0xdff00000 -> res=0x1
[L4_MapControl] space=0x80000100 control=0x80000000 modify count=1
  [ctl 0] whole-space op: va=0xb0d00000 phys=0x160000000 size=4294967296 rwx=2 -> address-space control (flush/perm), no RAM map
[Syscall] L4_MapControl(sid=0x80000100, ctrl=0x80000000) via UTCB@0xdff00000 -> res=0x1
[L4_MapControl] space=0x80000100 control=0x80000000 modify count=1
  [ctl 0] whole-space op: va=0xb0d00000 phys=0x160000000 size=4294967296 rwx=2 -> address-space control (flush/perm), no RAM map
[Syscall] L4_MapControl(sid=0x80000100, ctrl=0x80000000) via UTCB@0xdff00000 -> res=0x1
  [Cycle 2010] Core0(ARM11): pc=0xb000d6b8 insns=490454 (ok) | Core1(ARM9): pc=0xf0017890 insns=20110000 (ok)
[L4_MapControl] space=0x80000100 control=0x80000000 modify count=1
  [ctl 0] whole-space op: va=0xb0d00000 phys=0x160000000 size=4294967296 rwx=2 -> address-space control (flush/perm), no RAM map
[Syscall] L4_MapControl(sid=0x80000100, ctrl=0x80000000) via UTCB@0xdff00000 -> res=0x1
[L4_MapControl] space=0x80000100 control=0x80000000 modify count=1
  [ctl 0] whole-space op: va=0xb0d00000 phys=0x160000000 size=4294967296 rwx=2 -> address-space control (flush/perm), no RAM map
[Syscall] L4_MapControl(sid=0x80000100, ctrl=0x80000000) via UTCB@0xdff00000 -> res=0x1
[L4_MapControl] space=0x80000100 control=0x80000000 modify count=1
  [ctl 0] whole-space op: va=0xb0d00000 phys=0x160000000 size=4294967296 rwx=2 -> address-space control (flush/perm), no RAM map
[Syscall] L4_MapControl(sid=0x80000100, ctrl=0x80000000) via UTCB@0xdff00000 -> res=0x1
[L4_MapControl] space=0x80000100 control=0x80000000 modify count=1
  [ctl 0] whole-space op: va=0xb0d00000 phys=0x160000000 size=4294967296 rwx=2 -> address-space control (flush/perm), no RAM map
[Syscall] L4_MapControl(sid=0x80000100, ctrl=0x80000000) via UTCB@0xdff00000 -> res=0x1
[L4_MapControl] space=0x80000100 control=0x80000000 modify count=1
  [ctl 0] whole-space op: va=0xb0d00000 phys=0x160000000 size=4294967296 rwx=2 -> address-space control (flush/perm), no RAM map
[Syscall] L4_MapControl(sid=0x80000100, ctrl=0x80000000) via UTCB@0xdff00000 -> res=0x1
[L4_MapControl] space=0x80000100 control=0x80000000 modify count=1
  [ctl 0] whole-space op: va=0xb0d00000 phys=0x160000000 size=4294967296 rwx=2 -> address-space control (flush/perm), no RAM map
[Syscall] L4_MapControl(sid=0x80000100, ctrl=0x80000000) via UTCB@0xdff00000 -> res=0x1
[L4_MapControl] space=0x80000100 control=0x80000000 modify count=1
  [ctl 0] whole-space op: va=0xb0d00000 phys=0x160000000 size=4294967296 rwx=2 -> address-space control (flush/perm), no RAM map
[Syscall] L4_MapControl(sid=0x80000100, ctrl=0x80000000) via UTCB@0xdff00000 -> res=0x1
[L4_MapControl] space=0x80000100 control=0x80000000 modify count=1
  [ctl 0] whole-space op: va=0xb0d00000 phys=0x160000000 size=4294967296 rwx=2 -> address-space control (flush/perm), no RAM map
[Syscall] L4_MapControl(sid=0x80000100, ctrl=0x80000000) via UTCB@0xdff00000 -> res=0x1
[L4_MapControl] space=0x80000100 control=0x80000000 modify count=1
  [ctl 0] whole-space op: va=0xb0d00000 phys=0x160000000 size=4294967296 rwx=2 -> address-space control (flush/perm), no RAM map
[Syscall] L4_MapControl(sid=0x80000100, ctrl=0x80000000) via UTCB@0xdff00000 -> res=0x1
[L4_MapControl] space=0x80000100 control=0x80000000 modify count=1
  [ctl 0] whole-space op: va=0xb0d00000 phys=0x160000000 size=4294967296 rwx=2 -> address-space control (flush/perm), no RAM map
[Syscall] L4_MapControl(sid=0x80000100, ctrl=0x80000000) via UTCB@0xdff00000 -> res=0x1
  [Cycle 2020] Core0(ARM11): pc=0xb000d6b8 insns=491794 (ok) | Core1(ARM9): pc=0xf0017890 insns=20210000 (ok)
[L4_MapControl] space=0x80000100 control=0x80000000 modify count=1
  [ctl 0] whole-space op: va=0xb0d00000 phys=0x160000000 size=4294967296 rwx=2 -> address-space control (flush/perm), no RAM map
[Syscall] L4_MapControl(sid=0x80000100, ctrl=0x80000000) via UTCB@0xdff00000 -> res=0x1
[L4_MapControl] space=0x80000100 control=0x80000000 modify count=1
  [ctl 0] whole-space op: va=0xb0d00000 phys=0x160000000 size=4294967296 rwx=2 -> address-space control (flush/perm), no RAM map
[Syscall] L4_MapControl(sid=0x80000100, ctrl=0x80000000) via UTCB@0xdff00000 -> res=0x1
[L4_MapControl] space=0x80000100 control=0x80000000 modify count=1
  [ctl 0] whole-space op: va=0xb0d00000 phys=0x160000000 size=4294967296 rwx=2 -> address-space control (flush/perm), no RAM map
[Syscall] L4_MapControl(sid=0x80000100, ctrl=0x80000000) via UTCB@0xdff00000 -> res=0x1
[L4_MapControl] space=0x80000100 control=0x80000000 modify count=1
  [ctl 0] whole-space op: va=0xb0d00000 phys=0x160000000 size=4294967296 rwx=2 -> address-space control (flush/perm), no RAM map
[Syscall] L4_MapControl(sid=0x80000100, ctrl=0x80000000) via UTCB@0xdff00000 -> res=0x1
[L4_MapControl] space=0x80000100 control=0x80000000 modify count=1
  [ctl 0] whole-space op: va=0xb0d00000 phys=0x160000000 size=4294967296 rwx=2 -> address-space control (flush/perm), no RAM map
[Syscall] L4_MapControl(sid=0x80000100, ctrl=0x80000000) via UTCB@0xdff00000 -> res=0x1
[L4_MapControl] space=0x80000100 control=0x80000000 modify count=1
  [ctl 0] whole-space op: va=0xb0d00000 phys=0x160000000 size=4294967296 rwx=2 -> address-space control (flush/perm), no RAM map
[Syscall] L4_MapControl(sid=0x80000100, ctrl=0x80000000) via UTCB@0xdff00000 -> res=0x1
[L4_MapControl] space=0x80000100 control=0x80000000 modify count=1
  [ctl 0] whole-space op: va=0xb0d00000 phys=0x160000000 size=4294967296 rwx=2 -> address-space control (flush/perm), no RAM map
[Syscall] L4_MapControl(sid=0x80000100, ctrl=0x80000000) via UTCB@0xdff00000 -> res=0x1
[L4_MapControl] space=0x80000100 control=0x80000000 modify count=1
  [ctl 0] whole-space op: va=0xb0d00000 phys=0x160000000 size=4294967296 rwx=2 -> address-space control (flush/perm), no RAM map
[Syscall] L4_MapControl(sid=0x80000100, ctrl=0x80000000) via UTCB@0xdff00000 -> res=0x1
[L4_MapControl] space=0x80000100 control=0x80000000 modify count=1
  [ctl 0] whole-space op: va=0xb0d00000 phys=0x160000000 size=4294967296 rwx=2 -> address-space control (flush/perm), no RAM map
[Syscall] L4_MapControl(sid=0x80000100, ctrl=0x80000000) via UTCB@0xdff00000 -> res=0x1
[L4_MapControl] space=0x80000100 control=0x80000000 modify count=1
  [ctl 0] whole-space op: va=0xb0d00000 phys=0x160000000 size=4294967296 rwx=2 -> address-space control (flush/perm), no RAM map
[Syscall] L4_MapControl(sid=0x80000100, ctrl=0x80000000) via UTCB@0xdff00000 -> res=0x1
  [Cycle 2030] Core0(ARM11): pc=0xb000d6b8 insns=493134 (ok) | Core1(ARM9): pc=0xf0017890 insns=20310000 (ok)
[L4_MapControl] space=0x80000100 control=0x80000000 modify count=1
  [ctl 0] whole-space op: va=0xb0d00000 phys=0x160000000 size=4294967296 rwx=2 -> address-space control (flush/perm), no RAM map
[Syscall] L4_MapControl(sid=0x80000100, ctrl=0x80000000) via UTCB@0xdff00000 -> res=0x1
[L4_MapControl] space=0x80000100 control=0x80000000 modify count=1
  [ctl 0] whole-space op: va=0xb0d00000 phys=0x160000000 size=4294967296 rwx=2 -> address-space control (flush/perm), no RAM map
[Syscall] L4_MapControl(sid=0x80000100, ctrl=0x80000000) via UTCB@0xdff00000 -> res=0x1
[L4_MapControl] space=0x80000100 control=0x80000000 modify count=1
  [ctl 0] whole-space op: va=0xb0d00000 phys=0x160000000 size=4294967296 rwx=2 -> address-space control (flush/perm), no RAM map
[Syscall] L4_MapControl(sid=0x80000100, ctrl=0x80000000) via UTCB@0xdff00000 -> res=0x1
[L4_MapControl] space=0x80000100 control=0x80000000 modify count=1
  [ctl 0] whole-space op: va=0xb0d00000 phys=0x160000000 size=4294967296 rwx=2 -> address-space control (flush/perm), no RAM map
[Syscall] L4_MapControl(sid=0x80000100, ctrl=0x80000000) via UTCB@0xdff00000 -> res=0x1
[L4_MapControl] space=0x80000100 control=0x80000000 modify count=1
  [ctl 0] whole-space op: va=0xb0d00000 phys=0x160000000 size=4294967296 rwx=2 -> address-space control (flush/perm), no RAM map
[Syscall] L4_MapControl(sid=0x80000100, ctrl=0x80000000) via UTCB@0xdff00000 -> res=0x1
[L4_MapControl] space=0x80000100 control=0x80000000 modify count=1
  [ctl 0] whole-space op: va=0xb0d00000 phys=0x160000000 size=4294967296 rwx=2 -> address-space control (flush/perm), no RAM map
[Syscall] L4_MapControl(sid=0x80000100, ctrl=0x80000000) via UTCB@0xdff00000 -> res=0x1
[L4_MapControl] space=0x80000100 control=0x80000000 modify count=1
  [ctl 0] whole-space op: va=0xb0d00000 phys=0x160000000 size=4294967296 rwx=2 -> address-space control (flush/perm), no RAM map
[Syscall] L4_MapControl(sid=0x80000100, ctrl=0x80000000) via UTCB@0xdff00000 -> res=0x1
[L4_MapControl] space=0x80000100 control=0x80000000 modify count=1
  [ctl 0] whole-space op: va=0xb0d00000 phys=0x160000000 size=4294967296 rwx=2 -> address-space control (flush/perm), no RAM map
[Syscall] L4_MapControl(sid=0x80000100, ctrl=0x80000000) via UTCB@0xdff00000 -> res=0x1
[L4_MapControl] space=0x80000100 control=0x80000000 modify count=1
  [ctl 0] whole-space op: va=0xb0d00000 phys=0x160000000 size=4294967296 rwx=2 -> address-space control (flush/perm), no RAM map
[Syscall] L4_MapControl(sid=0x80000100, ctrl=0x80000000) via UTCB@0xdff00000 -> res=0x1
[L4_MapControl] space=0x80000100 control=0x80000000 modify count=1
  [ctl 0] whole-space op: va=0xb0d00000 phys=0x160000000 size=4294967296 rwx=2 -> address-space control (flush/perm), no RAM map
[Syscall] L4_MapControl(sid=0x80000100, ctrl=0x80000000) via UTCB@0xdff00000 -> res=0x1
  [Cycle 2040] Core0(ARM11): pc=0xb000d6b8 insns=494474 (ok) | Core1(ARM9): pc=0xf0017890 insns=20410000 (ok)
[L4_MapControl] space=0x80000100 control=0x80000000 modify count=1
  [ctl 0] whole-space op: va=0xb0d00000 phys=0x160000000 size=4294967296 rwx=2 -> address-space control (flush/perm), no RAM map
[Syscall] L4_MapControl(sid=0x80000100, ctrl=0x80000000) via UTCB@0xdff00000 -> res=0x1
[L4_MapControl] space=0x80000100 control=0x80000000 modify count=1
  [ctl 0] whole-space op: va=0xb0d00000 phys=0x160000000 size=4294967296 rwx=2 -> address-space control (flush/perm), no RAM map
[Syscall] L4_MapControl(sid=0x80000100, ctrl=0x80000000) via UTCB@0xdff00000 -> res=0x1
[L4_MapControl] space=0x80000100 control=0x80000000 modify count=1
  [ctl 0] whole-space op: va=0xb0d00000 phys=0x160000000 size=4294967296 rwx=2 -> address-space control (flush/perm), no RAM map
[Syscall] L4_MapControl(sid=0x80000100, ctrl=0x80000000) via UTCB@0xdff00000 -> res=0x1
[L4_MapControl] space=0x80000100 control=0x80000000 modify count=1
  [ctl 0] whole-space op: va=0xb0d00000 phys=0x160000000 size=4294967296 rwx=2 -> address-space control (flush/perm), no RAM map
[Syscall] L4_MapControl(sid=0x80000100, ctrl=0x80000000) via UTCB@0xdff00000 -> res=0x1
[L4_MapControl] space=0x80000100 control=0x80000000 modify count=1
  [ctl 0] whole-space op: va=0xb0d00000 phys=0x160000000 size=4294967296 rwx=2 -> address-space control (flush/perm), no RAM map
[Syscall] L4_MapControl(sid=0x80000100, ctrl=0x80000000) via UTCB@0xdff00000 -> res=0x1
[L4_MapControl] space=0x80000100 control=0x80000000 modify count=1
  [ctl 0] whole-space op: va=0xb0d00000 phys=0x160000000 size=4294967296 rwx=2 -> address-space control (flush/perm), no RAM map
[Syscall] L4_MapControl(sid=0x80000100, ctrl=0x80000000) via UTCB@0xdff00000 -> res=0x1
[L4_MapControl] space=0x80000100 control=0x80000000 modify count=1
  [ctl 0] whole-space op: va=0xb0d00000 phys=0x160000000 size=4294967296 rwx=2 -> address-space control (flush/perm), no RAM map
[Syscall] L4_MapControl(sid=0x80000100, ctrl=0x80000000) via UTCB@0xdff00000 -> res=0x1
[L4_MapControl] space=0x80000100 control=0x80000000 modify count=1
  [ctl 0] whole-space op: va=0xb0d00000 phys=0x160000000 size=4294967296 rwx=2 -> address-space control (flush/perm), no RAM map
[Syscall] L4_MapControl(sid=0x80000100, ctrl=0x80000000) via UTCB@0xdff00000 -> res=0x1
[L4_MapControl] space=0x80000100 control=0x80000000 modify count=1
  [ctl 0] whole-space op: va=0xb0d00000 phys=0x160000000 size=4294967296 rwx=2 -> address-space control (flush/perm), no RAM map
[Syscall] L4_MapControl(sid=0x80000100, ctrl=0x80000000) via UTCB@0xdff00000 -> res=0x1
[L4_MapControl] space=0x80000100 control=0x80000000 modify count=1
  [ctl 0] whole-space op: va=0xb0d00000 phys=0x160000000 size=4294967296 rwx=2 -> address-space control (flush/perm), no RAM map
[Syscall] L4_MapControl(sid=0x80000100, ctrl=0x80000000) via UTCB@0xdff00000 -> res=0x1
  [Cycle 2050] Core0(ARM11): pc=0xb000d6b8 insns=495814 (ok) | Core1(ARM9): pc=0xf0017890 insns=20510000 (ok)
[L4_MapControl] space=0x80000100 control=0x80000000 modify count=1
  [ctl 0] whole-space op: va=0xb0d00000 phys=0x160000000 size=4294967296 rwx=2 -> address-space control (flush/perm), no RAM map
[Syscall] L4_MapControl(sid=0x80000100, ctrl=0x80000000) via UTCB@0xdff00000 -> res=0x1
[L4_MapControl] space=0x80000100 control=0x80000000 modify count=1
  [ctl 0] whole-space op: va=0xb0d00000 phys=0x160000000 size=4294967296 rwx=2 -> address-space control (flush/perm), no RAM map
[Syscall] L4_MapControl(sid=0x80000100, ctrl=0x80000000) via UTCB@0xdff00000 -> res=0x1
[L4_MapControl] space=0x80000100 control=0x80000000 modify count=1
  [ctl 0] whole-space op: va=0xb0d00000 phys=0x160000000 size=4294967296 rwx=2 -> address-space control (flush/perm), no RAM map
[Syscall] L4_MapControl(sid=0x80000100, ctrl=0x80000000) via UTCB@0xdff00000 -> res=0x1
[L4_MapControl] space=0x80000100 control=0x80000000 modify count=1
  [ctl 0] whole-space op: va=0xb0d00000 phys=0x160000000 size=4294967296 rwx=2 -> address-space control (flush/perm), no RAM map
[Syscall] L4_MapControl(sid=0x80000100, ctrl=0x80000000) via UTCB@0xdff00000 -> res=0x1
[L4_MapControl] space=0x80000100 control=0x80000000 modify count=1
  [ctl 0] whole-space op: va=0xb0d00000 phys=0x160000000 size=4294967296 rwx=2 -> address-space control (flush/perm), no RAM map
[Syscall] L4_MapControl(sid=0x80000100, ctrl=0x80000000) via UTCB@0xdff00000 -> res=0x1
[L4_MapControl] space=0x80000100 control=0x80000000 modify count=1
  [ctl 0] whole-space op: va=0xb0d00000 phys=0x160000000 size=4294967296 rwx=2 -> address-space control (flush/perm), no RAM map
[Syscall] L4_MapControl(sid=0x80000100, ctrl=0x80000000) via UTCB@0xdff00000 -> res=0x1
[L4_MapControl] space=0x80000100 control=0x80000000 modify count=1
  [ctl 0] whole-space op: va=0xb0d00000 phys=0x160000000 size=4294967296 rwx=2 -> address-space control (flush/perm), no RAM map
[Syscall] L4_MapControl(sid=0x80000100, ctrl=0x80000000) via UTCB@0xdff00000 -> res=0x1
[L4_MapControl] space=0x80000100 control=0x80000000 modify count=1
  [ctl 0] whole-space op: va=0xb0d00000 phys=0x160000000 size=4294967296 rwx=2 -> address-space control (flush/perm), no RAM map
[Syscall] L4_MapControl(sid=0x80000100, ctrl=0x80000000) via UTCB@0xdff00000 -> res=0x1
[L4_MapControl] space=0x80000100 control=0x80000000 modify count=1
  [ctl 0] whole-space op: va=0xb0d00000 phys=0x160000000 size=4294967296 rwx=2 -> address-space control (flush/perm), no RAM map
[Syscall] L4_MapControl(sid=0x80000100, ctrl=0x80000000) via UTCB@0xdff00000 -> res=0x1
[L4_MapControl] space=0x80000100 control=0x80000000 modify count=1
  [ctl 0] whole-space op: va=0xb0d00000 phys=0x160000000 size=4294967296 rwx=2 -> address-space control (flush/perm), no RAM map
[Syscall] L4_MapControl(sid=0x80000100, ctrl=0x80000000) via UTCB@0xdff00000 -> res=0x1
  [Cycle 2060] Core0(ARM11): pc=0xb000d6b8 insns=497154 (ok) | Core1(ARM9): pc=0xf0017890 insns=20610000 (ok)
[L4_MapControl] space=0x80000100 control=0x80000000 modify count=1
  [ctl 0] whole-space op: va=0xb0d00000 phys=0x160000000 size=4294967296 rwx=2 -> address-space control (flush/perm), no RAM map
[Syscall] L4_MapControl(sid=0x80000100, ctrl=0x80000000) via UTCB@0xdff00000 -> res=0x1
[L4_MapControl] space=0x80000100 control=0x80000000 modify count=1
  [ctl 0] whole-space op: va=0xb0d00000 phys=0x160000000 size=4294967296 rwx=2 -> address-space control (flush/perm), no RAM map
[Syscall] L4_MapControl(sid=0x80000100, ctrl=0x80000000) via UTCB@0xdff00000 -> res=0x1
[L4_MapControl] space=0x80000100 control=0x80000000 modify count=1
  [ctl 0] whole-space op: va=0xb0d00000 phys=0x160000000 size=4294967296 rwx=2 -> address-space control (flush/perm), no RAM map
[Syscall] L4_MapControl(sid=0x80000100, ctrl=0x80000000) via UTCB@0xdff00000 -> res=0x1
[L4_MapControl] space=0x80000100 control=0x80000000 modify count=1
  [ctl 0] whole-space op: va=0xb0d00000 phys=0x160000000 size=4294967296 rwx=2 -> address-space control (flush/perm), no RAM map
[Syscall] L4_MapControl(sid=0x80000100, ctrl=0x80000000) via UTCB@0xdff00000 -> res=0x1
[L4_MapControl] space=0x80000100 control=0x80000000 modify count=1
  [ctl 0] whole-space op: va=0xb0d00000 phys=0x160000000 size=4294967296 rwx=2 -> address-space control (flush/perm), no RAM map
[Syscall] L4_MapControl(sid=0x80000100, ctrl=0x80000000) via UTCB@0xdff00000 -> res=0x1
[L4_MapControl] space=0x80000100 control=0x80000000 modify count=1
  [ctl 0] whole-space op: va=0xb0d00000 phys=0x160000000 size=4294967296 rwx=2 -> address-space control (flush/perm), no RAM map
[Syscall] L4_MapControl(sid=0x80000100, ctrl=0x80000000) via UTCB@0xdff00000 -> res=0x1
[L4_MapControl] space=0x80000100 control=0x80000000 modify count=1
  [ctl 0] whole-space op: va=0xb0d00000 phys=0x160000000 size=4294967296 rwx=2 -> address-space control (flush/perm), no RAM map
[Syscall] L4_MapControl(sid=0x80000100, ctrl=0x80000000) via UTCB@0xdff00000 -> res=0x1
[L4_MapControl] space=0x80000100 control=0x80000000 modify count=1
  [ctl 0] whole-space op: va=0xb0d00000 phys=0x160000000 size=4294967296 rwx=2 -> address-space control (flush/perm), no RAM map
[Syscall] L4_MapControl(sid=0x80000100, ctrl=0x80000000) via UTCB@0xdff00000 -> res=0x1
[L4_MapControl] space=0x80000100 control=0x80000000 modify count=1
  [ctl 0] whole-space op: va=0xb0d00000 phys=0x160000000 size=4294967296 rwx=2 -> address-space control (flush/perm), no RAM map
[Syscall] L4_MapControl(sid=0x80000100, ctrl=0x80000000) via UTCB@0xdff00000 -> res=0x1
[L4_MapControl] space=0x80000100 control=0x80000000 modify count=1
  [ctl 0] whole-space op: va=0xb0d00000 phys=0x160000000 size=4294967296 rwx=2 -> address-space control (flush/perm), no RAM map
[Syscall] L4_MapControl(sid=0x80000100, ctrl=0x80000000) via UTCB@0xdff00000 -> res=0x1
  [Cycle 2070] Core0(ARM11): pc=0xb000d6b8 insns=498494 (ok) | Core1(ARM9): pc=0xf0017890 insns=20710000 (ok)
[L4_MapControl] space=0x80000100 control=0x80000000 modify count=1
  [ctl 0] whole-space op: va=0xb0d00000 phys=0x160000000 size=4294967296 rwx=2 -> address-space control (flush/perm), no RAM map
[Syscall] L4_MapControl(sid=0x80000100, ctrl=0x80000000) via UTCB@0xdff00000 -> res=0x1
[L4_MapControl] space=0x80000100 control=0x80000000 modify count=1
  [ctl 0] whole-space op: va=0xb0d00000 phys=0x160000000 size=4294967296 rwx=2 -> address-space control (flush/perm), no RAM map
[Syscall] L4_MapControl(sid=0x80000100, ctrl=0x80000000) via UTCB@0xdff00000 -> res=0x1
[L4_MapControl] space=0x80000100 control=0x80000000 modify count=1
  [ctl 0] whole-space op: va=0xb0d00000 phys=0x160000000 size=4294967296 rwx=2 -> address-space control (flush/perm), no RAM map
[Syscall] L4_MapControl(sid=0x80000100, ctrl=0x80000000) via UTCB@0xdff00000 -> res=0x1
[L4_MapControl] space=0x80000100 control=0x80000000 modify count=1
  [ctl 0] whole-space op: va=0xb0d00000 phys=0x160000000 size=4294967296 rwx=2 -> address-space control (flush/perm), no RAM map
[Syscall] L4_MapControl(sid=0x80000100, ctrl=0x80000000) via UTCB@0xdff00000 -> res=0x1
[L4_MapControl] space=0x80000100 control=0x80000000 modify count=1
  [ctl 0] whole-space op: va=0xb0d00000 phys=0x160000000 size=4294967296 rwx=2 -> address-space control (flush/perm), no RAM map
[Syscall] L4_MapControl(sid=0x80000100, ctrl=0x80000000) via UTCB@0xdff00000 -> res=0x1
[L4_MapControl] space=0x80000100 control=0x80000000 modify count=1
  [ctl 0] whole-space op: va=0xb0d00000 phys=0x160000000 size=4294967296 rwx=2 -> address-space control (flush/perm), no RAM map
[Syscall] L4_MapControl(sid=0x80000100, ctrl=0x80000000) via UTCB@0xdff00000 -> res=0x1
[L4_MapControl] space=0x80000100 control=0x80000000 modify count=1
  [ctl 0] whole-space op: va=0xb0d00000 phys=0x160000000 size=4294967296 rwx=2 -> address-space control (flush/perm), no RAM map
[Syscall] L4_MapControl(sid=0x80000100, ctrl=0x80000000) via UTCB@0xdff00000 -> res=0x1
[L4_MapControl] space=0x80000100 control=0x80000000 modify count=1
  [ctl 0] whole-space op: va=0xb0d00000 phys=0x160000000 size=4294967296 rwx=2 -> address-space control (flush/perm), no RAM map
[Syscall] L4_MapControl(sid=0x80000100, ctrl=0x80000000) via UTCB@0xdff00000 -> res=0x1
[L4_MapControl] space=0x80000100 control=0x80000000 modify count=1
  [ctl 0] whole-space op: va=0xb0d00000 phys=0x160000000 size=4294967296 rwx=2 -> address-space control (flush/perm), no RAM map
[Syscall] L4_MapControl(sid=0x80000100, ctrl=0x80000000) via UTCB@0xdff00000 -> res=0x1
[L4_MapControl] space=0x80000100 control=0x80000000 modify count=1
  [ctl 0] whole-space op: va=0xb0d00000 phys=0x160000000 size=4294967296 rwx=2 -> address-space control (flush/perm), no RAM map
[Syscall] L4_MapControl(sid=0x80000100, ctrl=0x80000000) via UTCB@0xdff00000 -> res=0x1
  [Cycle 2080] Core0(ARM11): pc=0xb000d6b8 insns=499834 (ok) | Core1(ARM9): pc=0xf0017890 insns=20810000 (ok)
[L4_MapControl] space=0x80000100 control=0x80000000 modify count=1
  [ctl 0] whole-space op: va=0xb0d00000 phys=0x160000000 size=4294967296 rwx=2 -> address-space control (flush/perm), no RAM map
[Syscall] L4_MapControl(sid=0x80000100, ctrl=0x80000000) via UTCB@0xdff00000 -> res=0x1
[L4_MapControl] space=0x80000100 control=0x80000000 modify count=1
  [ctl 0] whole-space op: va=0xb0d00000 phys=0x160000000 size=4294967296 rwx=2 -> address-space control (flush/perm), no RAM map
[Syscall] L4_MapControl(sid=0x80000100, ctrl=0x80000000) via UTCB@0xdff00000 -> res=0x1
[L4_MapControl] space=0x80000100 control=0x80000000 modify count=1
  [ctl 0] whole-space op: va=0xb0d00000 phys=0x160000000 size=4294967296 rwx=2 -> address-space control (flush/perm), no RAM map
[Syscall] L4_MapControl(sid=0x80000100, ctrl=0x80000000) via UTCB@0xdff00000 -> res=0x1
[L4_MapControl] space=0x80000100 control=0x80000000 modify count=1
  [ctl 0] whole-space op: va=0xb0d00000 phys=0x160000000 size=4294967296 rwx=2 -> address-space control (flush/perm), no RAM map
[Syscall] L4_MapControl(sid=0x80000100, ctrl=0x80000000) via UTCB@0xdff00000 -> res=0x1
[L4_MapControl] space=0x80000100 control=0x80000000 modify count=1
  [ctl 0] whole-space op: va=0xb0d00000 phys=0x160000000 size=4294967296 rwx=2 -> address-space control (flush/perm), no RAM map
[Syscall] L4_MapControl(sid=0x80000100, ctrl=0x80000000) via UTCB@0xdff00000 -> res=0x1
[L4_MapControl] space=0x80000100 control=0x80000000 modify count=1
  [ctl 0] whole-space op: va=0xb0d00000 phys=0x160000000 size=4294967296 rwx=2 -> address-space control (flush/perm), no RAM map
[Syscall] L4_MapControl(sid=0x80000100, ctrl=0x80000000) via UTCB@0xdff00000 -> res=0x1
[L4_MapControl] space=0x80000100 control=0x80000000 modify count=1
  [ctl 0] whole-space op: va=0xb0d00000 phys=0x160000000 size=4294967296 rwx=2 -> address-space control (flush/perm), no RAM map
[Syscall] L4_MapControl(sid=0x80000100, ctrl=0x80000000) via UTCB@0xdff00000 -> res=0x1
[L4_MapControl] space=0x80000100 control=0x80000000 modify count=1
  [ctl 0] whole-space op: va=0xb0d00000 phys=0x160000000 size=4294967296 rwx=2 -> address-space control (flush/perm), no RAM map
[Syscall] L4_MapControl(sid=0x80000100, ctrl=0x80000000) via UTCB@0xdff00000 -> res=0x1
[L4_MapControl] space=0x80000100 control=0x80000000 modify count=1
  [ctl 0] whole-space op: va=0xb0d00000 phys=0x160000000 size=4294967296 rwx=2 -> address-space control (flush/perm), no RAM map
[Syscall] L4_MapControl(sid=0x80000100, ctrl=0x80000000) via UTCB@0xdff00000 -> res=0x1
[L4_MapControl] space=0x80000100 control=0x80000000 modify count=1
  [ctl 0] whole-space op: va=0xb0d00000 phys=0x160000000 size=4294967296 rwx=2 -> address-space control (flush/perm), no RAM map
[Syscall] L4_MapControl(sid=0x80000100, ctrl=0x80000000) via UTCB@0xdff00000 -> res=0x1
  [Cycle 2090] Core0(ARM11): pc=0xb000d6b8 insns=501174 (ok) | Core1(ARM9): pc=0xf0017890 insns=20910000 (ok)
[L4_MapControl] space=0x80000100 control=0x80000000 modify count=1
  [ctl 0] whole-space op: va=0xb0d00000 phys=0x160000000 size=4294967296 rwx=2 -> address-space control (flush/perm), no RAM map
[Syscall] L4_MapControl(sid=0x80000100, ctrl=0x80000000) via UTCB@0xdff00000 -> res=0x1
[L4_MapControl] space=0x80000100 control=0x80000000 modify count=1
  [ctl 0] whole-space op: va=0xb0d00000 phys=0x160000000 size=4294967296 rwx=2 -> address-space control (flush/perm), no RAM map
[Syscall] L4_MapControl(sid=0x80000100, ctrl=0x80000000) via UTCB@0xdff00000 -> res=0x1
[L4_MapControl] space=0x80000100 control=0x80000000 modify count=1
  [ctl 0] whole-space op: va=0xb0d00000 phys=0x160000000 size=4294967296 rwx=2 -> address-space control (flush/perm), no RAM map
[Syscall] L4_MapControl(sid=0x80000100, ctrl=0x80000000) via UTCB@0xdff00000 -> res=0x1
[L4_MapControl] space=0x80000100 control=0x80000000 modify count=1
  [ctl 0] whole-space op: va=0xb0d00000 phys=0x160000000 size=4294967296 rwx=2 -> address-space control (flush/perm), no RAM map
[Syscall] L4_MapControl(sid=0x80000100, ctrl=0x80000000) via UTCB@0xdff00000 -> res=0x1
[L4_MapControl] space=0x80000100 control=0x80000000 modify count=1
  [ctl 0] whole-space op: va=0xb0d00000 phys=0x160000000 size=4294967296 rwx=2 -> address-space control (flush/perm), no RAM map
[Syscall] L4_MapControl(sid=0x80000100, ctrl=0x80000000) via UTCB@0xdff00000 -> res=0x1
[L4_MapControl] space=0x80000100 control=0x80000000 modify count=1
  [ctl 0] whole-space op: va=0xb0d00000 phys=0x160000000 size=4294967296 rwx=2 -> address-space control (flush/perm), no RAM map
[Syscall] L4_MapControl(sid=0x80000100, ctrl=0x80000000) via UTCB@0xdff00000 -> res=0x1
[L4_MapControl] space=0x80000100 control=0x80000000 modify count=1
  [ctl 0] whole-space op: va=0xb0d00000 phys=0x160000000 size=4294967296 rwx=2 -> address-space control (flush/perm), no RAM map
[Syscall] L4_MapControl(sid=0x80000100, ctrl=0x80000000) via UTCB@0xdff00000 -> res=0x1
[L4_MapControl] space=0x80000100 control=0x80000000 modify count=1
  [ctl 0] whole-space op: va=0xb0d00000 phys=0x160000000 size=4294967296 rwx=2 -> address-space control (flush/perm), no RAM map
[Syscall] L4_MapControl(sid=0x80000100, ctrl=0x80000000) via UTCB@0xdff00000 -> res=0x1
[L4_MapControl] space=0x80000100 control=0x80000000 modify count=1
  [ctl 0] whole-space op: va=0xb0d00000 phys=0x160000000 size=4294967296 rwx=2 -> address-space control (flush/perm), no RAM map
[Syscall] L4_MapControl(sid=0x80000100, ctrl=0x80000000) via UTCB@0xdff00000 -> res=0x1
[L4_MapControl] space=0x80000100 control=0x80000000 modify count=1
  [ctl 0] whole-space op: va=0xb0d00000 phys=0x160000000 size=4294967296 rwx=2 -> address-space control (flush/perm), no RAM map
[Syscall] L4_MapControl(sid=0x80000100, ctrl=0x80000000) via UTCB@0xdff00000 -> res=0x1
  [Cycle 2100] Core0(ARM11): pc=0xb000d6b8 insns=502514 (ok) | Core1(ARM9): pc=0xf0017890 insns=21010000 (ok)
[L4_MapControl] space=0x80000100 control=0x80000000 modify count=1
  [ctl 0] whole-space op: va=0xb0d00000 phys=0x160000000 size=4294967296 rwx=2 -> address-space control (flush/perm), no RAM map
[Syscall] L4_MapControl(sid=0x80000100, ctrl=0x80000000) via UTCB@0xdff00000 -> res=0x1
[L4_MapControl] space=0x80000100 control=0x80000000 modify count=1
  [ctl 0] whole-space op: va=0xb0d00000 phys=0x160000000 size=4294967296 rwx=2 -> address-space control (flush/perm), no RAM map
[Syscall] L4_MapControl(sid=0x80000100, ctrl=0x80000000) via UTCB@0xdff00000 -> res=0x1
[L4_MapControl] space=0x80000100 control=0x80000000 modify count=1
  [ctl 0] whole-space op: va=0xb0d00000 phys=0x160000000 size=4294967296 rwx=2 -> address-space control (flush/perm), no RAM map
[Syscall] L4_MapControl(sid=0x80000100, ctrl=0x80000000) via UTCB@0xdff00000 -> res=0x1
[L4_MapControl] space=0x80000100 control=0x80000000 modify count=1
  [ctl 0] whole-space op: va=0xb0d00000 phys=0x160000000 size=4294967296 rwx=2 -> address-space control (flush/perm), no RAM map
[Syscall] L4_MapControl(sid=0x80000100, ctrl=0x80000000) via UTCB@0xdff00000 -> res=0x1
[L4_MapControl] space=0x80000100 control=0x80000000 modify count=1
  [ctl 0] whole-space op: va=0xb0d00000 phys=0x160000000 size=4294967296 rwx=2 -> address-space control (flush/perm), no RAM map
[Syscall] L4_MapControl(sid=0x80000100, ctrl=0x80000000) via UTCB@0xdff00000 -> res=0x1
[L4_MapControl] space=0x80000100 control=0x80000000 modify count=1
  [ctl 0] whole-space op: va=0xb0d00000 phys=0x160000000 size=4294967296 rwx=2 -> address-space control (flush/perm), no RAM map
[Syscall] L4_MapControl(sid=0x80000100, ctrl=0x80000000) via UTCB@0xdff00000 -> res=0x1
[L4_MapControl] space=0x80000100 control=0x80000000 modify count=1
  [ctl 0] whole-space op: va=0xb0d00000 phys=0x160000000 size=4294967296 rwx=2 -> address-space control (flush/perm), no RAM map
[Syscall] L4_MapControl(sid=0x80000100, ctrl=0x80000000) via UTCB@0xdff00000 -> res=0x1
[L4_MapControl] space=0x80000100 control=0x80000000 modify count=1
  [ctl 0] whole-space op: va=0xb0d00000 phys=0x160000000 size=4294967296 rwx=2 -> address-space control (flush/perm), no RAM map
[Syscall] L4_MapControl(sid=0x80000100, ctrl=0x80000000) via UTCB@0xdff00000 -> res=0x1
[L4_MapControl] space=0x80000100 control=0x80000000 modify count=1
  [ctl 0] whole-space op: va=0xb0d00000 phys=0x160000000 size=4294967296 rwx=2 -> address-space control (flush/perm), no RAM map
[Syscall] L4_MapControl(sid=0x80000100, ctrl=0x80000000) via UTCB@0xdff00000 -> res=0x1
[L4_MapControl] space=0x80000100 control=0x80000000 modify count=1
  [ctl 0] whole-space op: va=0xb0d00000 phys=0x160000000 size=4294967296 rwx=2 -> address-space control (flush/perm), no RAM map
[Syscall] L4_MapControl(sid=0x80000100, ctrl=0x80000000) via UTCB@0xdff00000 -> res=0x1
  [Cycle 2110] Core0(ARM11): pc=0xb000d6b8 insns=503854 (ok) | Core1(ARM9): pc=0xf0017890 insns=21110000 (ok)
[L4_MapControl] space=0x80000100 control=0x80000000 modify count=1
  [ctl 0] whole-space op: va=0xb0d00000 phys=0x160000000 size=4294967296 rwx=2 -> address-space control (flush/perm), no RAM map
[Syscall] L4_MapControl(sid=0x80000100, ctrl=0x80000000) via UTCB@0xdff00000 -> res=0x1
[L4_MapControl] space=0x80000100 control=0x80000000 modify count=1
  [ctl 0] whole-space op: va=0xb0d00000 phys=0x160000000 size=4294967296 rwx=2 -> address-space control (flush/perm), no RAM map
[Syscall] L4_MapControl(sid=0x80000100, ctrl=0x80000000) via UTCB@0xdff00000 -> res=0x1
[L4_MapControl] space=0x80000100 control=0x80000000 modify count=1
  [ctl 0] whole-space op: va=0xb0d00000 phys=0x160000000 size=4294967296 rwx=2 -> address-space control (flush/perm), no RAM map
[Syscall] L4_MapControl(sid=0x80000100, ctrl=0x80000000) via UTCB@0xdff00000 -> res=0x1
[L4_MapControl] space=0x80000100 control=0x80000000 modify count=1
  [ctl 0] whole-space op: va=0xb0d00000 phys=0x160000000 size=4294967296 rwx=2 -> address-space control (flush/perm), no RAM map
[Syscall] L4_MapControl(sid=0x80000100, ctrl=0x80000000) via UTCB@0xdff00000 -> res=0x1
[L4_MapControl] space=0x80000100 control=0x80000000 modify count=1
  [ctl 0] whole-space op: va=0xb0d00000 phys=0x160000000 size=4294967296 rwx=2 -> address-space control (flush/perm), no RAM map
[Syscall] L4_MapControl(sid=0x80000100, ctrl=0x80000000) via UTCB@0xdff00000 -> res=0x1
[L4_MapControl] space=0x80000100 control=0x80000000 modify count=1
  [ctl 0] whole-space op: va=0xb0d00000 phys=0x160000000 size=4294967296 rwx=2 -> address-space control (flush/perm), no RAM map
[Syscall] L4_MapControl(sid=0x80000100, ctrl=0x80000000) via UTCB@0xdff00000 -> res=0x1
[L4_MapControl] space=0x80000100 control=0x80000000 modify count=1
  [ctl 0] whole-space op: va=0xb0d00000 phys=0x160000000 size=4294967296 rwx=2 -> address-space control (flush/perm), no RAM map
[Syscall] L4_MapControl(sid=0x80000100, ctrl=0x80000000) via UTCB@0xdff00000 -> res=0x1
[L4_MapControl] space=0x80000100 control=0x80000000 modify count=1
  [ctl 0] whole-space op: va=0xb0d00000 phys=0x160000000 size=4294967296 rwx=2 -> address-space control (flush/perm), no RAM map
[Syscall] L4_MapControl(sid=0x80000100, ctrl=0x80000000) via UTCB@0xdff00000 -> res=0x1
[L4_MapControl] space=0x80000100 control=0x80000000 modify count=1
  [ctl 0] whole-space op: va=0xb0d00000 phys=0x160000000 size=4294967296 rwx=2 -> address-space control (flush/perm), no RAM map
[Syscall] L4_MapControl(sid=0x80000100, ctrl=0x80000000) via UTCB@0xdff00000 -> res=0x1
[L4_MapControl] space=0x80000100 control=0x80000000 modify count=1
  [ctl 0] whole-space op: va=0xb0d00000 phys=0x160000000 size=4294967296 rwx=2 -> address-space control (flush/perm), no RAM map
[Syscall] L4_MapControl(sid=0x80000100, ctrl=0x80000000) via UTCB@0xdff00000 -> res=0x1
  [Cycle 2120] Core0(ARM11): pc=0xb000d6b8 insns=505194 (ok) | Core1(ARM9): pc=0xf0017890 insns=21210000 (ok)
[L4_MapControl] space=0x80000100 control=0x80000000 modify count=1
  [ctl 0] whole-space op: va=0xb0d00000 phys=0x160000000 size=4294967296 rwx=2 -> address-space control (flush/perm), no RAM map
[Syscall] L4_MapControl(sid=0x80000100, ctrl=0x80000000) via UTCB@0xdff00000 -> res=0x1
[L4_MapControl] space=0x80000100 control=0x80000000 modify count=1
  [ctl 0] whole-space op: va=0xb0d00000 phys=0x160000000 size=4294967296 rwx=2 -> address-space control (flush/perm), no RAM map
[Syscall] L4_MapControl(sid=0x80000100, ctrl=0x80000000) via UTCB@0xdff00000 -> res=0x1
[L4_MapControl] space=0x80000100 control=0x80000000 modify count=1
  [ctl 0] whole-space op: va=0xb0d00000 phys=0x160000000 size=4294967296 rwx=2 -> address-space control (flush/perm), no RAM map
[Syscall] L4_MapControl(sid=0x80000100, ctrl=0x80000000) via UTCB@0xdff00000 -> res=0x1
[L4_MapControl] space=0x80000100 control=0x80000000 modify count=1
  [ctl 0] whole-space op: va=0xb0d00000 phys=0x160000000 size=4294967296 rwx=2 -> address-space control (flush/perm), no RAM map
[Syscall] L4_MapControl(sid=0x80000100, ctrl=0x80000000) via UTCB@0xdff00000 -> res=0x1
[L4_MapControl] space=0x80000100 control=0x80000000 modify count=1
  [ctl 0] whole-space op: va=0xb0d00000 phys=0x160000000 size=4294967296 rwx=2 -> address-space control (flush/perm), no RAM map
[Syscall] L4_MapControl(sid=0x80000100, ctrl=0x80000000) via UTCB@0xdff00000 -> res=0x1
[L4_MapControl] space=0x80000100 control=0x80000000 modify count=1
  [ctl 0] whole-space op: va=0xb0d00000 phys=0x160000000 size=4294967296 rwx=2 -> address-space control (flush/perm), no RAM map
[Syscall] L4_MapControl(sid=0x80000100, ctrl=0x80000000) via UTCB@0xdff00000 -> res=0x1
[L4_MapControl] space=0x80000100 control=0x80000000 modify count=1
  [ctl 0] whole-space op: va=0xb0d00000 phys=0x160000000 size=4294967296 rwx=2 -> address-space control (flush/perm), no RAM map
[Syscall] L4_MapControl(sid=0x80000100, ctrl=0x80000000) via UTCB@0xdff00000 -> res=0x1
[L4_MapControl] space=0x80000100 control=0x80000000 modify count=1
  [ctl 0] whole-space op: va=0xb0d00000 phys=0x160000000 size=4294967296 rwx=2 -> address-space control (flush/perm), no RAM map
[Syscall] L4_MapControl(sid=0x80000100, ctrl=0x80000000) via UTCB@0xdff00000 -> res=0x1
[L4_MapControl] space=0x80000100 control=0x80000000 modify count=1
  [ctl 0] whole-space op: va=0xb0d00000 phys=0x160000000 size=4294967296 rwx=2 -> address-space control (flush/perm), no RAM map
[Syscall] L4_MapControl(sid=0x80000100, ctrl=0x80000000) via UTCB@0xdff00000 -> res=0x1
[L4_MapControl] space=0x80000100 control=0x80000000 modify count=1
  [ctl 0] whole-space op: va=0xb0d00000 phys=0x160000000 size=4294967296 rwx=2 -> address-space control (flush/perm), no RAM map
[Syscall] L4_MapControl(sid=0x80000100, ctrl=0x80000000) via UTCB@0xdff00000 -> res=0x1
  [Cycle 2130] Core0(ARM11): pc=0xb000d6b8 insns=506534 (ok) | Core1(ARM9): pc=0xf0017890 insns=21310000 (ok)
[L4_MapControl] space=0x80000100 control=0x80000000 modify count=1
  [ctl 0] whole-space op: va=0xb0d00000 phys=0x160000000 size=4294967296 rwx=2 -> address-space control (flush/perm), no RAM map
[Syscall] L4_MapControl(sid=0x80000100, ctrl=0x80000000) via UTCB@0xdff00000 -> res=0x1
[L4_MapControl] space=0x80000100 control=0x80000000 modify count=1
  [ctl 0] whole-space op: va=0xb0d00000 phys=0x160000000 size=4294967296 rwx=2 -> address-space control (flush/perm), no RAM map
[Syscall] L4_MapControl(sid=0x80000100, ctrl=0x80000000) via UTCB@0xdff00000 -> res=0x1
[L4_MapControl] space=0x80000100 control=0x80000000 modify count=1
  [ctl 0] whole-space op: va=0xb0d00000 phys=0x160000000 size=4294967296 rwx=2 -> address-space control (flush/perm), no RAM map
[Syscall] L4_MapControl(sid=0x80000100, ctrl=0x80000000) via UTCB@0xdff00000 -> res=0x1
[L4_MapControl] space=0x80000100 control=0x80000000 modify count=1
  [ctl 0] whole-space op: va=0xb0d00000 phys=0x160000000 size=4294967296 rwx=2 -> address-space control (flush/perm), no RAM map
[Syscall] L4_MapControl(sid=0x80000100, ctrl=0x80000000) via UTCB@0xdff00000 -> res=0x1
[L4_MapControl] space=0x80000100 control=0x80000000 modify count=1
  [ctl 0] whole-space op: va=0xb0d00000 phys=0x160000000 size=4294967296 rwx=2 -> address-space control (flush/perm), no RAM map
[Syscall] L4_MapControl(sid=0x80000100, ctrl=0x80000000) via UTCB@0xdff00000 -> res=0x1
[L4_MapControl] space=0x80000100 control=0x80000000 modify count=1
  [ctl 0] whole-space op: va=0xb0d00000 phys=0x160000000 size=4294967296 rwx=2 -> address-space control (flush/perm), no RAM map
[Syscall] L4_MapControl(sid=0x80000100, ctrl=0x80000000) via UTCB@0xdff00000 -> res=0x1
[L4_MapControl] space=0x80000100 control=0x80000000 modify count=1
  [ctl 0] whole-space op: va=0xb0d00000 phys=0x160000000 size=4294967296 rwx=2 -> address-space control (flush/perm), no RAM map
[Syscall] L4_MapControl(sid=0x80000100, ctrl=0x80000000) via UTCB@0xdff00000 -> res=0x1
[L4_MapControl] space=0x80000100 control=0x80000000 modify count=1
  [ctl 0] whole-space op: va=0xb0d00000 phys=0x160000000 size=4294967296 rwx=2 -> address-space control (flush/perm), no RAM map
[Syscall] L4_MapControl(sid=0x80000100, ctrl=0x80000000) via UTCB@0xdff00000 -> res=0x1
[L4_MapControl] space=0x80000100 control=0x80000000 modify count=1
  [ctl 0] whole-space op: va=0xb0d00000 phys=0x160000000 size=4294967296 rwx=2 -> address-space control (flush/perm), no RAM map
[Syscall] L4_MapControl(sid=0x80000100, ctrl=0x80000000) via UTCB@0xdff00000 -> res=0x1
[L4_MapControl] space=0x80000100 control=0x80000000 modify count=1
  [ctl 0] whole-space op: va=0xb0d00000 phys=0x160000000 size=4294967296 rwx=2 -> address-space control (flush/perm), no RAM map
[Syscall] L4_MapControl(sid=0x80000100, ctrl=0x80000000) via UTCB@0xdff00000 -> res=0x1
  [Cycle 2140] Core0(ARM11): pc=0xb000d6b8 insns=507874 (ok) | Core1(ARM9): pc=0xf0017890 insns=21410000 (ok)
[L4_MapControl] space=0x80000100 control=0x80000000 modify count=1
  [ctl 0] whole-space op: va=0xb0d00000 phys=0x160000000 size=4294967296 rwx=2 -> address-space control (flush/perm), no RAM map
[Syscall] L4_MapControl(sid=0x80000100, ctrl=0x80000000) via UTCB@0xdff00000 -> res=0x1
[L4_MapControl] space=0x80000100 control=0x80000000 modify count=1
  [ctl 0] whole-space op: va=0xb0d00000 phys=0x160000000 size=4294967296 rwx=2 -> address-space control (flush/perm), no RAM map
[Syscall] L4_MapControl(sid=0x80000100, ctrl=0x80000000) via UTCB@0xdff00000 -> res=0x1
[L4_MapControl] space=0x80000100 control=0x80000000 modify count=1
  [ctl 0] whole-space op: va=0xb0d00000 phys=0x160000000 size=4294967296 rwx=2 -> address-space control (flush/perm), no RAM map
[Syscall] L4_MapControl(sid=0x80000100, ctrl=0x80000000) via UTCB@0xdff00000 -> res=0x1
[L4_MapControl] space=0x80000100 control=0x80000000 modify count=1
  [ctl 0] whole-space op: va=0xb0d00000 phys=0x160000000 size=4294967296 rwx=2 -> address-space control (flush/perm), no RAM map
[Syscall] L4_MapControl(sid=0x80000100, ctrl=0x80000000) via UTCB@0xdff00000 -> res=0x1
[L4_MapControl] space=0x80000100 control=0x80000000 modify count=1
  [ctl 0] whole-space op: va=0xb0d00000 phys=0x160000000 size=4294967296 rwx=2 -> address-space control (flush/perm), no RAM map
[Syscall] L4_MapControl(sid=0x80000100, ctrl=0x80000000) via UTCB@0xdff00000 -> res=0x1
[L4_MapControl] space=0x80000100 control=0x80000000 modify count=1
  [ctl 0] whole-space op: va=0xb0d00000 phys=0x160000000 size=4294967296 rwx=2 -> address-space control (flush/perm), no RAM map
[Syscall] L4_MapControl(sid=0x80000100, ctrl=0x80000000) via UTCB@0xdff00000 -> res=0x1
[L4_MapControl] space=0x80000100 control=0x80000000 modify count=1
  [ctl 0] whole-space op: va=0xb0d00000 phys=0x160000000 size=4294967296 rwx=2 -> address-space control (flush/perm), no RAM map
[Syscall] L4_MapControl(sid=0x80000100, ctrl=0x80000000) via UTCB@0xdff00000 -> res=0x1
[L4_MapControl] space=0x80000100 control=0x80000000 modify count=1
  [ctl 0] whole-space op: va=0xb0d00000 phys=0x160000000 size=4294967296 rwx=2 -> address-space control (flush/perm), no RAM map
[Syscall] L4_MapControl(sid=0x80000100, ctrl=0x80000000) via UTCB@0xdff00000 -> res=0x1
[L4_MapControl] space=0x80000100 control=0x80000000 modify count=1
  [ctl 0] whole-space op: va=0xb0d00000 phys=0x160000000 size=4294967296 rwx=2 -> address-space control (flush/perm), no RAM map
[Syscall] L4_MapControl(sid=0x80000100, ctrl=0x80000000) via UTCB@0xdff00000 -> res=0x1
[L4_MapControl] space=0x80000100 control=0x80000000 modify count=1
  [ctl 0] whole-space op: va=0xb0d00000 phys=0x160000000 size=4294967296 rwx=2 -> address-space control (flush/perm), no RAM map
[Syscall] L4_MapControl(sid=0x80000100, ctrl=0x80000000) via UTCB@0xdff00000 -> res=0x1
  [Cycle 2150] Core0(ARM11): pc=0xb000d6b8 insns=509214 (ok) | Core1(ARM9): pc=0xf0017890 insns=21510000 (ok)
[L4_MapControl] space=0x80000100 control=0x80000000 modify count=1
  [ctl 0] whole-space op: va=0xb0d00000 phys=0x160000000 size=4294967296 rwx=2 -> address-space control (flush/perm), no RAM map
[Syscall] L4_MapControl(sid=0x80000100, ctrl=0x80000000) via UTCB@0xdff00000 -> res=0x1
[L4_MapControl] space=0x80000100 control=0x80000000 modify count=1
  [ctl 0] whole-space op: va=0xb0d00000 phys=0x160000000 size=4294967296 rwx=2 -> address-space control (flush/perm), no RAM map
[Syscall] L4_MapControl(sid=0x80000100, ctrl=0x80000000) via UTCB@0xdff00000 -> res=0x1
[L4_MapControl] space=0x80000100 control=0x80000000 modify count=1
  [ctl 0] whole-space op: va=0xb0d00000 phys=0x160000000 size=4294967296 rwx=2 -> address-space control (flush/perm), no RAM map
[Syscall] L4_MapControl(sid=0x80000100, ctrl=0x80000000) via UTCB@0xdff00000 -> res=0x1
[L4_MapControl] space=0x80000100 control=0x80000000 modify count=1
  [ctl 0] whole-space op: va=0xb0d00000 phys=0x160000000 size=4294967296 rwx=2 -> address-space control (flush/perm), no RAM map
[Syscall] L4_MapControl(sid=0x80000100, ctrl=0x80000000) via UTCB@0xdff00000 -> res=0x1
[L4_MapControl] space=0x80000100 control=0x80000000 modify count=1
  [ctl 0] whole-space op: va=0xb0d00000 phys=0x160000000 size=4294967296 rwx=2 -> address-space control (flush/perm), no RAM map
[Syscall] L4_MapControl(sid=0x80000100, ctrl=0x80000000) via UTCB@0xdff00000 -> res=0x1
[L4_MapControl] space=0x80000100 control=0x80000000 modify count=1
  [ctl 0] whole-space op: va=0xb0d00000 phys=0x160000000 size=4294967296 rwx=2 -> address-space control (flush/perm), no RAM map
[Syscall] L4_MapControl(sid=0x80000100, ctrl=0x80000000) via UTCB@0xdff00000 -> res=0x1
[L4_MapControl] space=0x80000100 control=0x80000000 modify count=1
  [ctl 0] whole-space op: va=0xb0d00000 phys=0x160000000 size=4294967296 rwx=2 -> address-space control (flush/perm), no RAM map
[Syscall] L4_MapControl(sid=0x80000100, ctrl=0x80000000) via UTCB@0xdff00000 -> res=0x1
[L4_MapControl] space=0x80000100 control=0x80000000 modify count=1
  [ctl 0] whole-space op: va=0xb0d00000 phys=0x160000000 size=4294967296 rwx=2 -> address-space control (flush/perm), no RAM map
[Syscall] L4_MapControl(sid=0x80000100, ctrl=0x80000000) via UTCB@0xdff00000 -> res=0x1
[L4_MapControl] space=0x80000100 control=0x80000000 modify count=1
  [ctl 0] whole-space op: va=0xb0d00000 phys=0x160000000 size=4294967296 rwx=2 -> address-space control (flush/perm), no RAM map
[Syscall] L4_MapControl(sid=0x80000100, ctrl=0x80000000) via UTCB@0xdff00000 -> res=0x1
[L4_MapControl] space=0x80000100 control=0x80000000 modify count=1
  [ctl 0] whole-space op: va=0xb0d00000 phys=0x160000000 size=4294967296 rwx=2 -> address-space control (flush/perm), no RAM map
[Syscall] L4_MapControl(sid=0x80000100, ctrl=0x80000000) via UTCB@0xdff00000 -> res=0x1
  [Cycle 2160] Core0(ARM11): pc=0xb000d6b8 insns=510554 (ok) | Core1(ARM9): pc=0xf0017890 insns=21610000 (ok)
[L4_MapControl] space=0x80000100 control=0x80000000 modify count=1
  [ctl 0] whole-space op: va=0xb0d00000 phys=0x160000000 size=4294967296 rwx=2 -> address-space control (flush/perm), no RAM map
[Syscall] L4_MapControl(sid=0x80000100, ctrl=0x80000000) via UTCB@0xdff00000 -> res=0x1
[L4_MapControl] space=0x80000100 control=0x80000000 modify count=1
  [ctl 0] whole-space op: va=0xb0d00000 phys=0x160000000 size=4294967296 rwx=2 -> address-space control (flush/perm), no RAM map
[Syscall] L4_MapControl(sid=0x80000100, ctrl=0x80000000) via UTCB@0xdff00000 -> res=0x1
[L4_MapControl] space=0x80000100 control=0x80000000 modify count=1
  [ctl 0] whole-space op: va=0xb0d00000 phys=0x160000000 size=4294967296 rwx=2 -> address-space control (flush/perm), no RAM map
[Syscall] L4_MapControl(sid=0x80000100, ctrl=0x80000000) via UTCB@0xdff00000 -> res=0x1
[L4_MapControl] space=0x80000100 control=0x80000000 modify count=1
  [ctl 0] whole-space op: va=0xb0d00000 phys=0x160000000 size=4294967296 rwx=2 -> address-space control (flush/perm), no RAM map
[Syscall] L4_MapControl(sid=0x80000100, ctrl=0x80000000) via UTCB@0xdff00000 -> res=0x1
[L4_MapControl] space=0x80000100 control=0x80000000 modify count=1
  [ctl 0] whole-space op: va=0xb0d00000 phys=0x160000000 size=4294967296 rwx=2 -> address-space control (flush/perm), no RAM map
[Syscall] L4_MapControl(sid=0x80000100, ctrl=0x80000000) via UTCB@0xdff00000 -> res=0x1
[L4_MapControl] space=0x80000100 control=0x80000000 modify count=1
  [ctl 0] whole-space op: va=0xb0d00000 phys=0x160000000 size=4294967296 rwx=2 -> address-space control (flush/perm), no RAM map
[Syscall] L4_MapControl(sid=0x80000100, ctrl=0x80000000) via UTCB@0xdff00000 -> res=0x1
[L4_MapControl] space=0x80000100 control=0x80000000 modify count=1
  [ctl 0] whole-space op: va=0xb0d00000 phys=0x160000000 size=4294967296 rwx=2 -> address-space control (flush/perm), no RAM map
[Syscall] L4_MapControl(sid=0x80000100, ctrl=0x80000000) via UTCB@0xdff00000 -> res=0x1
[L4_MapControl] space=0x80000100 control=0x80000000 modify count=1
  [ctl 0] whole-space op: va=0xb0d00000 phys=0x160000000 size=4294967296 rwx=2 -> address-space control (flush/perm), no RAM map
[Syscall] L4_MapControl(sid=0x80000100, ctrl=0x80000000) via UTCB@0xdff00000 -> res=0x1
[L4_MapControl] space=0x80000100 control=0x80000000 modify count=1
  [ctl 0] whole-space op: va=0xb0d00000 phys=0x160000000 size=4294967296 rwx=2 -> address-space control (flush/perm), no RAM map
[Syscall] L4_MapControl(sid=0x80000100, ctrl=0x80000000) via UTCB@0xdff00000 -> res=0x1
[L4_MapControl] space=0x80000100 control=0x80000000 modify count=1
  [ctl 0] whole-space op: va=0xb0d00000 phys=0x160000000 size=4294967296 rwx=2 -> address-space control (flush/perm), no RAM map
[Syscall] L4_MapControl(sid=0x80000100, ctrl=0x80000000) via UTCB@0xdff00000 -> res=0x1
  [Cycle 2170] Core0(ARM11): pc=0xb000d6b8 insns=511894 (ok) | Core1(ARM9): pc=0xf0017890 insns=21710000 (ok)
[L4_MapControl] space=0x80000100 control=0x80000000 modify count=1
  [ctl 0] whole-space op: va=0xb0d00000 phys=0x160000000 size=4294967296 rwx=2 -> address-space control (flush/perm), no RAM map
[Syscall] L4_MapControl(sid=0x80000100, ctrl=0x80000000) via UTCB@0xdff00000 -> res=0x1
[L4_MapControl] space=0x80000100 control=0x80000000 modify count=1
  [ctl 0] whole-space op: va=0xb0d00000 phys=0x160000000 size=4294967296 rwx=2 -> address-space control (flush/perm), no RAM map
[Syscall] L4_MapControl(sid=0x80000100, ctrl=0x80000000) via UTCB@0xdff00000 -> res=0x1
[L4_MapControl] space=0x80000100 control=0x80000000 modify count=1
  [ctl 0] whole-space op: va=0xb0d00000 phys=0x160000000 size=4294967296 rwx=2 -> address-space control (flush/perm), no RAM map
[Syscall] L4_MapControl(sid=0x80000100, ctrl=0x80000000) via UTCB@0xdff00000 -> res=0x1
[L4_MapControl] space=0x80000100 control=0x80000000 modify count=1
  [ctl 0] whole-space op: va=0xb0d00000 phys=0x160000000 size=4294967296 rwx=2 -> address-space control (flush/perm), no RAM map
[Syscall] L4_MapControl(sid=0x80000100, ctrl=0x80000000) via UTCB@0xdff00000 -> res=0x1
[L4_MapControl] space=0x80000100 control=0x80000000 modify count=1
  [ctl 0] whole-space op: va=0xb0d00000 phys=0x160000000 size=4294967296 rwx=2 -> address-space control (flush/perm), no RAM map
[Syscall] L4_MapControl(sid=0x80000100, ctrl=0x80000000) via UTCB@0xdff00000 -> res=0x1
[L4_MapControl] space=0x80000100 control=0x80000000 modify count=1
  [ctl 0] whole-space op: va=0xb0d00000 phys=0x160000000 size=4294967296 rwx=2 -> address-space control (flush/perm), no RAM map
[Syscall] L4_MapControl(sid=0x80000100, ctrl=0x80000000) via UTCB@0xdff00000 -> res=0x1
[L4_MapControl] space=0x80000100 control=0x80000000 modify count=1
  [ctl 0] whole-space op: va=0xb0d00000 phys=0x160000000 size=4294967296 rwx=2 -> address-space control (flush/perm), no RAM map
[Syscall] L4_MapControl(sid=0x80000100, ctrl=0x80000000) via UTCB@0xdff00000 -> res=0x1
[L4_MapControl] space=0x80000100 control=0x80000000 modify count=1
  [ctl 0] whole-space op: va=0xb0d00000 phys=0x160000000 size=4294967296 rwx=2 -> address-space control (flush/perm), no RAM map
[Syscall] L4_MapControl(sid=0x80000100, ctrl=0x80000000) via UTCB@0xdff00000 -> res=0x1
[L4_MapControl] space=0x80000100 control=0x80000000 modify count=1
  [ctl 0] whole-space op: va=0xb0d00000 phys=0x160000000 size=4294967296 rwx=2 -> address-space control (flush/perm), no RAM map
[Syscall] L4_MapControl(sid=0x80000100, ctrl=0x80000000) via UTCB@0xdff00000 -> res=0x1
[L4_MapControl] space=0x80000100 control=0x80000000 modify count=1
  [ctl 0] whole-space op: va=0xb0d00000 phys=0x160000000 size=4294967296 rwx=2 -> address-space control (flush/perm), no RAM map
[Syscall] L4_MapControl(sid=0x80000100, ctrl=0x80000000) via UTCB@0xdff00000 -> res=0x1
  [Cycle 2180] Core0(ARM11): pc=0xb000d6b8 insns=513234 (ok) | Core1(ARM9): pc=0xf0017890 insns=21810000 (ok)
[L4_MapControl] space=0x80000100 control=0x80000000 modify count=1
  [ctl 0] whole-space op: va=0xb0d00000 phys=0x160000000 size=4294967296 rwx=2 -> address-space control (flush/perm), no RAM map
[Syscall] L4_MapControl(sid=0x80000100, ctrl=0x80000000) via UTCB@0xdff00000 -> res=0x1
[L4_MapControl] space=0x80000100 control=0x80000000 modify count=1
  [ctl 0] whole-space op: va=0xb0d00000 phys=0x160000000 size=4294967296 rwx=2 -> address-space control (flush/perm), no RAM map
[Syscall] L4_MapControl(sid=0x80000100, ctrl=0x80000000) via UTCB@0xdff00000 -> res=0x1
[L4_MapControl] space=0x80000100 control=0x80000000 modify count=1
  [ctl 0] whole-space op: va=0xb0d00000 phys=0x160000000 size=4294967296 rwx=2 -> address-space control (flush/perm), no RAM map
[Syscall] L4_MapControl(sid=0x80000100, ctrl=0x80000000) via UTCB@0xdff00000 -> res=0x1
[L4_MapControl] space=0x80000100 control=0x80000000 modify count=1
  [ctl 0] whole-space op: va=0xb0d00000 phys=0x160000000 size=4294967296 rwx=2 -> address-space control (flush/perm), no RAM map
[Syscall] L4_MapControl(sid=0x80000100, ctrl=0x80000000) via UTCB@0xdff00000 -> res=0x1
[L4_MapControl] space=0x80000100 control=0x80000000 modify count=1
  [ctl 0] whole-space op: va=0xb0d00000 phys=0x160000000 size=4294967296 rwx=2 -> address-space control (flush/perm), no RAM map
[Syscall] L4_MapControl(sid=0x80000100, ctrl=0x80000000) via UTCB@0xdff00000 -> res=0x1
[L4_MapControl] space=0x80000100 control=0x80000000 modify count=1
  [ctl 0] whole-space op: va=0xb0d00000 phys=0x160000000 size=4294967296 rwx=2 -> address-space control (flush/perm), no RAM map
[Syscall] L4_MapControl(sid=0x80000100, ctrl=0x80000000) via UTCB@0xdff00000 -> res=0x1
[L4_MapControl] space=0x80000100 control=0x80000000 modify count=1
  [ctl 0] whole-space op: va=0xb0d00000 phys=0x160000000 size=4294967296 rwx=2 -> address-space control (flush/perm), no RAM map
[Syscall] L4_MapControl(sid=0x80000100, ctrl=0x80000000) via UTCB@0xdff00000 -> res=0x1
[L4_MapControl] space=0x80000100 control=0x80000000 modify count=1
  [ctl 0] whole-space op: va=0xb0d00000 phys=0x160000000 size=4294967296 rwx=2 -> address-space control (flush/perm), no RAM map
[Syscall] L4_MapControl(sid=0x80000100, ctrl=0x80000000) via UTCB@0xdff00000 -> res=0x1
[L4_MapControl] space=0x80000100 control=0x80000000 modify count=1
  [ctl 0] whole-space op: va=0xb0d00000 phys=0x160000000 size=4294967296 rwx=2 -> address-space control (flush/perm), no RAM map
[Syscall] L4_MapControl(sid=0x80000100, ctrl=0x80000000) via UTCB@0xdff00000 -> res=0x1
[L4_MapControl] space=0x80000100 control=0x80000000 modify count=1
  [ctl 0] whole-space op: va=0xb0d00000 phys=0x160000000 size=4294967296 rwx=2 -> address-space control (flush/perm), no RAM map
[Syscall] L4_MapControl(sid=0x80000100, ctrl=0x80000000) via UTCB@0xdff00000 -> res=0x1
  [Cycle 2190] Core0(ARM11): pc=0xb000d6b8 insns=514574 (ok) | Core1(ARM9): pc=0xf0017890 insns=21910000 (ok)
[L4_MapControl] space=0x80000100 control=0x80000000 modify count=1
  [ctl 0] whole-space op: va=0xb0d00000 phys=0x160000000 size=4294967296 rwx=2 -> address-space control (flush/perm), no RAM map
[Syscall] L4_MapControl(sid=0x80000100, ctrl=0x80000000) via UTCB@0xdff00000 -> res=0x1
[L4_MapControl] space=0x80000100 control=0x80000000 modify count=1
  [ctl 0] whole-space op: va=0xb0d00000 phys=0x160000000 size=4294967296 rwx=2 -> address-space control (flush/perm), no RAM map
[Syscall] L4_MapControl(sid=0x80000100, ctrl=0x80000000) via UTCB@0xdff00000 -> res=0x1
[L4_MapControl] space=0x80000100 control=0x80000000 modify count=1
  [ctl 0] whole-space op: va=0xb0d00000 phys=0x160000000 size=4294967296 rwx=2 -> address-space control (flush/perm), no RAM map
[Syscall] L4_MapControl(sid=0x80000100, ctrl=0x80000000) via UTCB@0xdff00000 -> res=0x1
[L4_MapControl] space=0x80000100 control=0x80000000 modify count=1
  [ctl 0] whole-space op: va=0xb0d00000 phys=0x160000000 size=4294967296 rwx=2 -> address-space control (flush/perm), no RAM map
[Syscall] L4_MapControl(sid=0x80000100, ctrl=0x80000000) via UTCB@0xdff00000 -> res=0x1
[L4_MapControl] space=0x80000100 control=0x80000000 modify count=1
  [ctl 0] whole-space op: va=0xb0d00000 phys=0x160000000 size=4294967296 rwx=2 -> address-space control (flush/perm), no RAM map
[Syscall] L4_MapControl(sid=0x80000100, ctrl=0x80000000) via UTCB@0xdff00000 -> res=0x1
[L4_MapControl] space=0x80000100 control=0x80000000 modify count=1
  [ctl 0] whole-space op: va=0xb0d00000 phys=0x160000000 size=4294967296 rwx=2 -> address-space control (flush/perm), no RAM map
[Syscall] L4_MapControl(sid=0x80000100, ctrl=0x80000000) via UTCB@0xdff00000 -> res=0x1
[L4_MapControl] space=0x80000100 control=0x80000000 modify count=1
  [ctl 0] whole-space op: va=0xb0d00000 phys=0x160000000 size=4294967296 rwx=2 -> address-space control (flush/perm), no RAM map
[Syscall] L4_MapControl(sid=0x80000100, ctrl=0x80000000) via UTCB@0xdff00000 -> res=0x1
[L4_MapControl] space=0x80000100 control=0x80000000 modify count=1
  [ctl 0] whole-space op: va=0xb0d00000 phys=0x160000000 size=4294967296 rwx=2 -> address-space control (flush/perm), no RAM map
[Syscall] L4_MapControl(sid=0x80000100, ctrl=0x80000000) via UTCB@0xdff00000 -> res=0x1
[L4_MapControl] space=0x80000100 control=0x80000000 modify count=1
  [ctl 0] whole-space op: va=0xb0d00000 phys=0x160000000 size=4294967296 rwx=2 -> address-space control (flush/perm), no RAM map
[Syscall] L4_MapControl(sid=0x80000100, ctrl=0x80000000) via UTCB@0xdff00000 -> res=0x1
[L4_MapControl] space=0x80000100 control=0x80000000 modify count=1
  [ctl 0] whole-space op: va=0xb0d00000 phys=0x160000000 size=4294967296 rwx=2 -> address-space control (flush/perm), no RAM map
[Syscall] L4_MapControl(sid=0x80000100, ctrl=0x80000000) via UTCB@0xdff00000 -> res=0x1
  [Cycle 2200] Core0(ARM11): pc=0xb000d6b8 insns=515914 (ok) | Core1(ARM9): pc=0xf0017890 insns=22010000 (ok)
[L4_MapControl] space=0x80000100 control=0x80000000 modify count=1
  [ctl 0] whole-space op: va=0xb0d00000 phys=0x160000000 size=4294967296 rwx=2 -> address-space control (flush/perm), no RAM map
[Syscall] L4_MapControl(sid=0x80000100, ctrl=0x80000000) via UTCB@0xdff00000 -> res=0x1
[L4_MapControl] space=0x80000100 control=0x80000000 modify count=1
  [ctl 0] whole-space op: va=0xb0d00000 phys=0x160000000 size=4294967296 rwx=2 -> address-space control (flush/perm), no RAM map
[Syscall] L4_MapControl(sid=0x80000100, ctrl=0x80000000) via UTCB@0xdff00000 -> res=0x1
[L4_MapControl] space=0x80000100 control=0x80000000 modify count=1
  [ctl 0] whole-space op: va=0xb0d00000 phys=0x160000000 size=4294967296 rwx=2 -> address-space control (flush/perm), no RAM map
[Syscall] L4_MapControl(sid=0x80000100, ctrl=0x80000000) via UTCB@0xdff00000 -> res=0x1
[L4_MapControl] space=0x80000100 control=0x80000000 modify count=1
  [ctl 0] whole-space op: va=0xb0d00000 phys=0x160000000 size=4294967296 rwx=2 -> address-space control (flush/perm), no RAM map
[Syscall] L4_MapControl(sid=0x80000100, ctrl=0x80000000) via UTCB@0xdff00000 -> res=0x1
[L4_MapControl] space=0x80000100 control=0x80000000 modify count=1
  [ctl 0] whole-space op: va=0xb0d00000 phys=0x160000000 size=4294967296 rwx=2 -> address-space control (flush/perm), no RAM map
[Syscall] L4_MapControl(sid=0x80000100, ctrl=0x80000000) via UTCB@0xdff00000 -> res=0x1
[L4_MapControl] space=0x80000100 control=0x80000000 modify count=1
  [ctl 0] whole-space op: va=0xb0d00000 phys=0x160000000 size=4294967296 rwx=2 -> address-space control (flush/perm), no RAM map
[Syscall] L4_MapControl(sid=0x80000100, ctrl=0x80000000) via UTCB@0xdff00000 -> res=0x1
[L4_MapControl] space=0x80000100 control=0x80000000 modify count=1
  [ctl 0] whole-space op: va=0xb0d00000 phys=0x160000000 size=4294967296 rwx=2 -> address-space control (flush/perm), no RAM map
[Syscall] L4_MapControl(sid=0x80000100, ctrl=0x80000000) via UTCB@0xdff00000 -> res=0x1
[L4_MapControl] space=0x80000100 control=0x80000000 modify count=1
  [ctl 0] whole-space op: va=0xb0d00000 phys=0x160000000 size=4294967296 rwx=2 -> address-space control (flush/perm), no RAM map
[Syscall] L4_MapControl(sid=0x80000100, ctrl=0x80000000) via UTCB@0xdff00000 -> res=0x1
[L4_MapControl] space=0x80000100 control=0x80000000 modify count=1
  [ctl 0] whole-space op: va=0xb0d00000 phys=0x160000000 size=4294967296 rwx=2 -> address-space control (flush/perm), no RAM map
[Syscall] L4_MapControl(sid=0x80000100, ctrl=0x80000000) via UTCB@0xdff00000 -> res=0x1
[L4_MapControl] space=0x80000100 control=0x80000000 modify count=1
  [ctl 0] whole-space op: va=0xb0d00000 phys=0x160000000 size=4294967296 rwx=2 -> address-space control (flush/perm), no RAM map
[Syscall] L4_MapControl(sid=0x80000100, ctrl=0x80000000) via UTCB@0xdff00000 -> res=0x1
  [Cycle 2210] Core0(ARM11): pc=0xb000d6b8 insns=517254 (ok) | Core1(ARM9): pc=0xf0017890 insns=22110000 (ok)
[L4_MapControl] space=0x80000100 control=0x80000000 modify count=1
  [ctl 0] whole-space op: va=0xb0d00000 phys=0x160000000 size=4294967296 rwx=2 -> address-space control (flush/perm), no RAM map
[Syscall] L4_MapControl(sid=0x80000100, ctrl=0x80000000) via UTCB@0xdff00000 -> res=0x1
[L4_MapControl] space=0x80000100 control=0x80000000 modify count=1
  [ctl 0] whole-space op: va=0xb0d00000 phys=0x160000000 size=4294967296 rwx=2 -> address-space control (flush/perm), no RAM map
[Syscall] L4_MapControl(sid=0x80000100, ctrl=0x80000000) via UTCB@0xdff00000 -> res=0x1
[L4_MapControl] space=0x80000100 control=0x80000000 modify count=1
  [ctl 0] whole-space op: va=0xb0d00000 phys=0x160000000 size=4294967296 rwx=2 -> address-space control (flush/perm), no RAM map
[Syscall] L4_MapControl(sid=0x80000100, ctrl=0x80000000) via UTCB@0xdff00000 -> res=0x1
[L4_MapControl] space=0x80000100 control=0x80000000 modify count=1
  [ctl 0] whole-space op: va=0xb0d00000 phys=0x160000000 size=4294967296 rwx=2 -> address-space control (flush/perm), no RAM map
[Syscall] L4_MapControl(sid=0x80000100, ctrl=0x80000000) via UTCB@0xdff00000 -> res=0x1
[L4_MapControl] space=0x80000100 control=0x80000000 modify count=1
  [ctl 0] whole-space op: va=0xb0d00000 phys=0x160000000 size=4294967296 rwx=2 -> address-space control (flush/perm), no RAM map
[Syscall] L4_MapControl(sid=0x80000100, ctrl=0x80000000) via UTCB@0xdff00000 -> res=0x1
[L4_MapControl] space=0x80000100 control=0x80000000 modify count=1
  [ctl 0] whole-space op: va=0xb0d00000 phys=0x160000000 size=4294967296 rwx=2 -> address-space control (flush/perm), no RAM map
[Syscall] L4_MapControl(sid=0x80000100, ctrl=0x80000000) via UTCB@0xdff00000 -> res=0x1
[L4_MapControl] space=0x80000100 control=0x80000000 modify count=1
  [ctl 0] whole-space op: va=0xb0d00000 phys=0x160000000 size=4294967296 rwx=2 -> address-space control (flush/perm), no RAM map
[Syscall] L4_MapControl(sid=0x80000100, ctrl=0x80000000) via UTCB@0xdff00000 -> res=0x1
[L4_MapControl] space=0x80000100 control=0x80000000 modify count=1
  [ctl 0] whole-space op: va=0xb0d00000 phys=0x160000000 size=4294967296 rwx=2 -> address-space control (flush/perm), no RAM map
[Syscall] L4_MapControl(sid=0x80000100, ctrl=0x80000000) via UTCB@0xdff00000 -> res=0x1
[L4_MapControl] space=0x80000100 control=0x80000000 modify count=1
  [ctl 0] whole-space op: va=0xb0d00000 phys=0x160000000 size=4294967296 rwx=2 -> address-space control (flush/perm), no RAM map
[Syscall] L4_MapControl(sid=0x80000100, ctrl=0x80000000) via UTCB@0xdff00000 -> res=0x1
[L4_MapControl] space=0x80000100 control=0x80000000 modify count=1
  [ctl 0] whole-space op: va=0xb0d00000 phys=0x160000000 size=4294967296 rwx=2 -> address-space control (flush/perm), no RAM map
[Syscall] L4_MapControl(sid=0x80000100, ctrl=0x80000000) via UTCB@0xdff00000 -> res=0x1
  [Cycle 2220] Core0(ARM11): pc=0xb000d6b8 insns=518594 (ok) | Core1(ARM9): pc=0xf0017890 insns=22210000 (ok)
[L4_MapControl] space=0x80000100 control=0x80000000 modify count=1
  [ctl 0] whole-space op: va=0xb0d00000 phys=0x160000000 size=4294967296 rwx=2 -> address-space control (flush/perm), no RAM map
[Syscall] L4_MapControl(sid=0x80000100, ctrl=0x80000000) via UTCB@0xdff00000 -> res=0x1
[L4_MapControl] space=0x80000100 control=0x80000000 modify count=1
  [ctl 0] whole-space op: va=0xb0d00000 phys=0x160000000 size=4294967296 rwx=2 -> address-space control (flush/perm), no RAM map
[Syscall] L4_MapControl(sid=0x80000100, ctrl=0x80000000) via UTCB@0xdff00000 -> res=0x1
[L4_MapControl] space=0x80000100 control=0x80000000 modify count=1
  [ctl 0] whole-space op: va=0xb0d00000 phys=0x160000000 size=4294967296 rwx=2 -> address-space control (flush/perm), no RAM map
[Syscall] L4_MapControl(sid=0x80000100, ctrl=0x80000000) via UTCB@0xdff00000 -> res=0x1
[L4_MapControl] space=0x80000100 control=0x80000000 modify count=1
  [ctl 0] whole-space op: va=0xb0d00000 phys=0x160000000 size=4294967296 rwx=2 -> address-space control (flush/perm), no RAM map
[Syscall] L4_MapControl(sid=0x80000100, ctrl=0x80000000) via UTCB@0xdff00000 -> res=0x1
[L4_MapControl] space=0x80000100 control=0x80000000 modify count=1
  [ctl 0] whole-space op: va=0xb0d00000 phys=0x160000000 size=4294967296 rwx=2 -> address-space control (flush/perm), no RAM map
[Syscall] L4_MapControl(sid=0x80000100, ctrl=0x80000000) via UTCB@0xdff00000 -> res=0x1
[L4_MapControl] space=0x80000100 control=0x80000000 modify count=1
  [ctl 0] whole-space op: va=0xb0d00000 phys=0x160000000 size=4294967296 rwx=2 -> address-space control (flush/perm), no RAM map
[Syscall] L4_MapControl(sid=0x80000100, ctrl=0x80000000) via UTCB@0xdff00000 -> res=0x1
[L4_MapControl] space=0x80000100 control=0x80000000 modify count=1
  [ctl 0] whole-space op: va=0xb0d00000 phys=0x160000000 size=4294967296 rwx=2 -> address-space control (flush/perm), no RAM map
[Syscall] L4_MapControl(sid=0x80000100, ctrl=0x80000000) via UTCB@0xdff00000 -> res=0x1
[L4_MapControl] space=0x80000100 control=0x80000000 modify count=1
  [ctl 0] whole-space op: va=0xb0d00000 phys=0x160000000 size=4294967296 rwx=2 -> address-space control (flush/perm), no RAM map
[Syscall] L4_MapControl(sid=0x80000100, ctrl=0x80000000) via UTCB@0xdff00000 -> res=0x1
[L4_MapControl] space=0x80000100 control=0x80000000 modify count=1
  [ctl 0] whole-space op: va=0xb0d00000 phys=0x160000000 size=4294967296 rwx=2 -> address-space control (flush/perm), no RAM map
[Syscall] L4_MapControl(sid=0x80000100, ctrl=0x80000000) via UTCB@0xdff00000 -> res=0x1
[L4_MapControl] space=0x80000100 control=0x80000000 modify count=1
  [ctl 0] whole-space op: va=0xb0d00000 phys=0x160000000 size=4294967296 rwx=2 -> address-space control (flush/perm), no RAM map
[Syscall] L4_MapControl(sid=0x80000100, ctrl=0x80000000) via UTCB@0xdff00000 -> res=0x1
  [Cycle 2230] Core0(ARM11): pc=0xb000d6b8 insns=519934 (ok) | Core1(ARM9): pc=0xf0017890 insns=22310000 (ok)
[L4_MapControl] space=0x80000100 control=0x80000000 modify count=1
  [ctl 0] whole-space op: va=0xb0d00000 phys=0x160000000 size=4294967296 rwx=2 -> address-space control (flush/perm), no RAM map
[Syscall] L4_MapControl(sid=0x80000100, ctrl=0x80000000) via UTCB@0xdff00000 -> res=0x1
[L4_MapControl] space=0x80000100 control=0x80000000 modify count=1
  [ctl 0] whole-space op: va=0xb0d00000 phys=0x160000000 size=4294967296 rwx=2 -> address-space control (flush/perm), no RAM map
[Syscall] L4_MapControl(sid=0x80000100, ctrl=0x80000000) via UTCB@0xdff00000 -> res=0x1
[L4_MapControl] space=0x80000100 control=0x80000000 modify count=1
  [ctl 0] whole-space op: va=0xb0d00000 phys=0x160000000 size=4294967296 rwx=2 -> address-space control (flush/perm), no RAM map
[Syscall] L4_MapControl(sid=0x80000100, ctrl=0x80000000) via UTCB@0xdff00000 -> res=0x1
[L4_MapControl] space=0x80000100 control=0x80000000 modify count=1
  [ctl 0] whole-space op: va=0xb0d00000 phys=0x160000000 size=4294967296 rwx=2 -> address-space control (flush/perm), no RAM map
[Syscall] L4_MapControl(sid=0x80000100, ctrl=0x80000000) via UTCB@0xdff00000 -> res=0x1
[L4_MapControl] space=0x80000100 control=0x80000000 modify count=1
  [ctl 0] whole-space op: va=0xb0d00000 phys=0x160000000 size=4294967296 rwx=2 -> address-space control (flush/perm), no RAM map
[Syscall] L4_MapControl(sid=0x80000100, ctrl=0x80000000) via UTCB@0xdff00000 -> res=0x1
[L4_MapControl] space=0x80000100 control=0x80000000 modify count=1
  [ctl 0] whole-space op: va=0xb0d00000 phys=0x160000000 size=4294967296 rwx=2 -> address-space control (flush/perm), no RAM map
[Syscall] L4_MapControl(sid=0x80000100, ctrl=0x80000000) via UTCB@0xdff00000 -> res=0x1
[L4_MapControl] space=0x80000100 control=0x80000000 modify count=1
  [ctl 0] whole-space op: va=0xb0d00000 phys=0x160000000 size=4294967296 rwx=2 -> address-space control (flush/perm), no RAM map
[Syscall] L4_MapControl(sid=0x80000100, ctrl=0x80000000) via UTCB@0xdff00000 -> res=0x1
[L4_MapControl] space=0x80000100 control=0x80000000 modify count=1
  [ctl 0] whole-space op: va=0xb0d00000 phys=0x160000000 size=4294967296 rwx=2 -> address-space control (flush/perm), no RAM map
[Syscall] L4_MapControl(sid=0x80000100, ctrl=0x80000000) via UTCB@0xdff00000 -> res=0x1
[L4_MapControl] space=0x80000100 control=0x80000000 modify count=1
  [ctl 0] whole-space op: va=0xb0d00000 phys=0x160000000 size=4294967296 rwx=2 -> address-space control (flush/perm), no RAM map
[Syscall] L4_MapControl(sid=0x80000100, ctrl=0x80000000) via UTCB@0xdff00000 -> res=0x1
[L4_MapControl] space=0x80000100 control=0x80000000 modify count=1
  [ctl 0] whole-space op: va=0xb0d00000 phys=0x160000000 size=4294967296 rwx=2 -> address-space control (flush/perm), no RAM map
[Syscall] L4_MapControl(sid=0x80000100, ctrl=0x80000000) via UTCB@0xdff00000 -> res=0x1
  [Cycle 2240] Core0(ARM11): pc=0xb000d6b8 insns=521274 (ok) | Core1(ARM9): pc=0xf0017890 insns=22410000 (ok)
[L4_MapControl] space=0x80000100 control=0x80000000 modify count=1
  [ctl 0] whole-space op: va=0xb0d00000 phys=0x160000000 size=4294967296 rwx=2 -> address-space control (flush/perm), no RAM map
[Syscall] L4_MapControl(sid=0x80000100, ctrl=0x80000000) via UTCB@0xdff00000 -> res=0x1
[L4_MapControl] space=0x80000100 control=0x80000000 modify count=1
  [ctl 0] whole-space op: va=0xb0d00000 phys=0x160000000 size=4294967296 rwx=2 -> address-space control (flush/perm), no RAM map
[Syscall] L4_MapControl(sid=0x80000100, ctrl=0x80000000) via UTCB@0xdff00000 -> res=0x1
[L4_MapControl] space=0x80000100 control=0x80000000 modify count=1
  [ctl 0] whole-space op: va=0xb0d00000 phys=0x160000000 size=4294967296 rwx=2 -> address-space control (flush/perm), no RAM map
[Syscall] L4_MapControl(sid=0x80000100, ctrl=0x80000000) via UTCB@0xdff00000 -> res=0x1
[L4_MapControl] space=0x80000100 control=0x80000000 modify count=1
  [ctl 0] whole-space op: va=0xb0d00000 phys=0x160000000 size=4294967296 rwx=2 -> address-space control (flush/perm), no RAM map
[Syscall] L4_MapControl(sid=0x80000100, ctrl=0x80000000) via UTCB@0xdff00000 -> res=0x1
[L4_MapControl] space=0x80000100 control=0x80000000 modify count=1
  [ctl 0] whole-space op: va=0xb0d00000 phys=0x160000000 size=4294967296 rwx=2 -> address-space control (flush/perm), no RAM map
[Syscall] L4_MapControl(sid=0x80000100, ctrl=0x80000000) via UTCB@0xdff00000 -> res=0x1
[L4_MapControl] space=0x80000100 control=0x80000000 modify count=1
  [ctl 0] whole-space op: va=0xb0d00000 phys=0x160000000 size=4294967296 rwx=2 -> address-space control (flush/perm), no RAM map
[Syscall] L4_MapControl(sid=0x80000100, ctrl=0x80000000) via UTCB@0xdff00000 -> res=0x1
[L4_MapControl] space=0x80000100 control=0x80000000 modify count=1
  [ctl 0] whole-space op: va=0xb0d00000 phys=0x160000000 size=4294967296 rwx=2 -> address-space control (flush/perm), no RAM map
[Syscall] L4_MapControl(sid=0x80000100, ctrl=0x80000000) via UTCB@0xdff00000 -> res=0x1
[L4_MapControl] space=0x80000100 control=0x80000000 modify count=1
  [ctl 0] whole-space op: va=0xb0d00000 phys=0x160000000 size=4294967296 rwx=2 -> address-space control (flush/perm), no RAM map
[Syscall] L4_MapControl(sid=0x80000100, ctrl=0x80000000) via UTCB@0xdff00000 -> res=0x1
[L4_MapControl] space=0x80000100 control=0x80000000 modify count=1
  [ctl 0] whole-space op: va=0xb0d00000 phys=0x160000000 size=4294967296 rwx=2 -> address-space control (flush/perm), no RAM map
[Syscall] L4_MapControl(sid=0x80000100, ctrl=0x80000000) via UTCB@0xdff00000 -> res=0x1
[L4_MapControl] space=0x80000100 control=0x80000000 modify count=1
  [ctl 0] whole-space op: va=0xb0d00000 phys=0x160000000 size=4294967296 rwx=2 -> address-space control (flush/perm), no RAM map
[Syscall] L4_MapControl(sid=0x80000100, ctrl=0x80000000) via UTCB@0xdff00000 -> res=0x1
  [Cycle 2250] Core0(ARM11): pc=0xb000d6b8 insns=522614 (ok) | Core1(ARM9): pc=0xf0017890 insns=22510000 (ok)
[L4_MapControl] space=0x80000100 control=0x80000000 modify count=1
  [ctl 0] whole-space op: va=0xb0d00000 phys=0x160000000 size=4294967296 rwx=2 -> address-space control (flush/perm), no RAM map
[Syscall] L4_MapControl(sid=0x80000100, ctrl=0x80000000) via UTCB@0xdff00000 -> res=0x1
[L4_MapControl] space=0x80000100 control=0x80000000 modify count=1
  [ctl 0] whole-space op: va=0xb0d00000 phys=0x160000000 size=4294967296 rwx=2 -> address-space control (flush/perm), no RAM map
[Syscall] L4_MapControl(sid=0x80000100, ctrl=0x80000000) via UTCB@0xdff00000 -> res=0x1
[L4_MapControl] space=0x80000100 control=0x80000000 modify count=1
  [ctl 0] whole-space op: va=0xb0d00000 phys=0x160000000 size=4294967296 rwx=2 -> address-space control (flush/perm), no RAM map
[Syscall] L4_MapControl(sid=0x80000100, ctrl=0x80000000) via UTCB@0xdff00000 -> res=0x1
[L4_MapControl] space=0x80000100 control=0x80000000 modify count=1
  [ctl 0] whole-space op: va=0xb0d00000 phys=0x160000000 size=4294967296 rwx=2 -> address-space control (flush/perm), no RAM map
[Syscall] L4_MapControl(sid=0x80000100, ctrl=0x80000000) via UTCB@0xdff00000 -> res=0x1
[L4_MapControl] space=0x80000100 control=0x80000000 modify count=1
  [ctl 0] whole-space op: va=0xb0d00000 phys=0x160000000 size=4294967296 rwx=2 -> address-space control (flush/perm), no RAM map
[Syscall] L4_MapControl(sid=0x80000100, ctrl=0x80000000) via UTCB@0xdff00000 -> res=0x1
[L4_MapControl] space=0x80000100 control=0x80000000 modify count=1
  [ctl 0] whole-space op: va=0xb0d00000 phys=0x160000000 size=4294967296 rwx=2 -> address-space control (flush/perm), no RAM map
[Syscall] L4_MapControl(sid=0x80000100, ctrl=0x80000000) via UTCB@0xdff00000 -> res=0x1
[L4_MapControl] space=0x80000100 control=0x80000000 modify count=1
  [ctl 0] whole-space op: va=0xb0d00000 phys=0x160000000 size=4294967296 rwx=2 -> address-space control (flush/perm), no RAM map
[Syscall] L4_MapControl(sid=0x80000100, ctrl=0x80000000) via UTCB@0xdff00000 -> res=0x1
[L4_MapControl] space=0x80000100 control=0x80000000 modify count=1
  [ctl 0] whole-space op: va=0xb0d00000 phys=0x160000000 size=4294967296 rwx=2 -> address-space control (flush/perm), no RAM map
[Syscall] L4_MapControl(sid=0x80000100, ctrl=0x80000000) via UTCB@0xdff00000 -> res=0x1
[L4_MapControl] space=0x80000100 control=0x80000000 modify count=1
  [ctl 0] whole-space op: va=0xb0d00000 phys=0x160000000 size=4294967296 rwx=2 -> address-space control (flush/perm), no RAM map
[Syscall] L4_MapControl(sid=0x80000100, ctrl=0x80000000) via UTCB@0xdff00000 -> res=0x1
[L4_MapControl] space=0x80000100 control=0x80000000 modify count=1
  [ctl 0] whole-space op: va=0xb0d00000 phys=0x160000000 size=4294967296 rwx=2 -> address-space control (flush/perm), no RAM map
[Syscall] L4_MapControl(sid=0x80000100, ctrl=0x80000000) via UTCB@0xdff00000 -> res=0x1
  [Cycle 2260] Core0(ARM11): pc=0xb000d6b8 insns=523954 (ok) | Core1(ARM9): pc=0xf0017890 insns=22610000 (ok)
[L4_MapControl] space=0x80000100 control=0x80000000 modify count=1
  [ctl 0] whole-space op: va=0xb0d00000 phys=0x160000000 size=4294967296 rwx=2 -> address-space control (flush/perm), no RAM map
[Syscall] L4_MapControl(sid=0x80000100, ctrl=0x80000000) via UTCB@0xdff00000 -> res=0x1
[L4_MapControl] space=0x80000100 control=0x80000000 modify count=1
  [ctl 0] whole-space op: va=0xb0d00000 phys=0x160000000 size=4294967296 rwx=2 -> address-space control (flush/perm), no RAM map
[Syscall] L4_MapControl(sid=0x80000100, ctrl=0x80000000) via UTCB@0xdff00000 -> res=0x1
[L4_MapControl] space=0x80000100 control=0x80000000 modify count=1
  [ctl 0] whole-space op: va=0xb0d00000 phys=0x160000000 size=4294967296 rwx=2 -> address-space control (flush/perm), no RAM map
[Syscall] L4_MapControl(sid=0x80000100, ctrl=0x80000000) via UTCB@0xdff00000 -> res=0x1
[L4_MapControl] space=0x80000100 control=0x80000000 modify count=1
  [ctl 0] whole-space op: va=0xb0d00000 phys=0x160000000 size=4294967296 rwx=2 -> address-space control (flush/perm), no RAM map
[Syscall] L4_MapControl(sid=0x80000100, ctrl=0x80000000) via UTCB@0xdff00000 -> res=0x1
[L4_MapControl] space=0x80000100 control=0x80000000 modify count=1
  [ctl 0] whole-space op: va=0xb0d00000 phys=0x160000000 size=4294967296 rwx=2 -> address-space control (flush/perm), no RAM map
[Syscall] L4_MapControl(sid=0x80000100, ctrl=0x80000000) via UTCB@0xdff00000 -> res=0x1
[L4_MapControl] space=0x80000100 control=0x80000000 modify count=1
  [ctl 0] whole-space op: va=0xb0d00000 phys=0x160000000 size=4294967296 rwx=2 -> address-space control (flush/perm), no RAM map
[Syscall] L4_MapControl(sid=0x80000100, ctrl=0x80000000) via UTCB@0xdff00000 -> res=0x1
[L4_MapControl] space=0x80000100 control=0x80000000 modify count=1
  [ctl 0] whole-space op: va=0xb0d00000 phys=0x160000000 size=4294967296 rwx=2 -> address-space control (flush/perm), no RAM map
[Syscall] L4_MapControl(sid=0x80000100, ctrl=0x80000000) via UTCB@0xdff00000 -> res=0x1
[L4_MapControl] space=0x80000100 control=0x80000000 modify count=1
  [ctl 0] whole-space op: va=0xb0d00000 phys=0x160000000 size=4294967296 rwx=2 -> address-space control (flush/perm), no RAM map
[Syscall] L4_MapControl(sid=0x80000100, ctrl=0x80000000) via UTCB@0xdff00000 -> res=0x1
[L4_MapControl] space=0x80000100 control=0x80000000 modify count=1
  [ctl 0] whole-space op: va=0xb0d00000 phys=0x160000000 size=4294967296 rwx=2 -> address-space control (flush/perm), no RAM map
[Syscall] L4_MapControl(sid=0x80000100, ctrl=0x80000000) via UTCB@0xdff00000 -> res=0x1
[L4_MapControl] space=0x80000100 control=0x80000000 modify count=1
  [ctl 0] whole-space op: va=0xb0d00000 phys=0x160000000 size=4294967296 rwx=2 -> address-space control (flush/perm), no RAM map
[Syscall] L4_MapControl(sid=0x80000100, ctrl=0x80000000) via UTCB@0xdff00000 -> res=0x1
  [Cycle 2270] Core0(ARM11): pc=0xb000d6b8 insns=525294 (ok) | Core1(ARM9): pc=0xf0017890 insns=22710000 (ok)
[L4_MapControl] space=0x80000100 control=0x80000000 modify count=1
  [ctl 0] whole-space op: va=0xb0d00000 phys=0x160000000 size=4294967296 rwx=2 -> address-space control (flush/perm), no RAM map
[Syscall] L4_MapControl(sid=0x80000100, ctrl=0x80000000) via UTCB@0xdff00000 -> res=0x1
[L4_MapControl] space=0x80000100 control=0x80000000 modify count=1
  [ctl 0] whole-space op: va=0xb0d00000 phys=0x160000000 size=4294967296 rwx=2 -> address-space control (flush/perm), no RAM map
[Syscall] L4_MapControl(sid=0x80000100, ctrl=0x80000000) via UTCB@0xdff00000 -> res=0x1
[L4_MapControl] space=0x80000100 control=0x80000000 modify count=1
  [ctl 0] whole-space op: va=0xb0d00000 phys=0x160000000 size=4294967296 rwx=2 -> address-space control (flush/perm), no RAM map
[Syscall] L4_MapControl(sid=0x80000100, ctrl=0x80000000) via UTCB@0xdff00000 -> res=0x1
[L4_MapControl] space=0x80000100 control=0x80000000 modify count=1
  [ctl 0] whole-space op: va=0xb0d00000 phys=0x160000000 size=4294967296 rwx=2 -> address-space control (flush/perm), no RAM map
[Syscall] L4_MapControl(sid=0x80000100, ctrl=0x80000000) via UTCB@0xdff00000 -> res=0x1
[L4_MapControl] space=0x80000100 control=0x80000000 modify count=1
  [ctl 0] whole-space op: va=0xb0d00000 phys=0x160000000 size=4294967296 rwx=2 -> address-space control (flush/perm), no RAM map
[Syscall] L4_MapControl(sid=0x80000100, ctrl=0x80000000) via UTCB@0xdff00000 -> res=0x1
[L4_MapControl] space=0x80000100 control=0x80000000 modify count=1
  [ctl 0] whole-space op: va=0xb0d00000 phys=0x160000000 size=4294967296 rwx=2 -> address-space control (flush/perm), no RAM map
[Syscall] L4_MapControl(sid=0x80000100, ctrl=0x80000000) via UTCB@0xdff00000 -> res=0x1
[L4_MapControl] space=0x80000100 control=0x80000000 modify count=1
  [ctl 0] whole-space op: va=0xb0d00000 phys=0x160000000 size=4294967296 rwx=2 -> address-space control (flush/perm), no RAM map
[Syscall] L4_MapControl(sid=0x80000100, ctrl=0x80000000) via UTCB@0xdff00000 -> res=0x1
[L4_MapControl] space=0x80000100 control=0x80000000 modify count=1
  [ctl 0] whole-space op: va=0xb0d00000 phys=0x160000000 size=4294967296 rwx=2 -> address-space control (flush/perm), no RAM map
[Syscall] L4_MapControl(sid=0x80000100, ctrl=0x80000000) via UTCB@0xdff00000 -> res=0x1
[L4_MapControl] space=0x80000100 control=0x80000000 modify count=1
  [ctl 0] whole-space op: va=0xb0d00000 phys=0x160000000 size=4294967296 rwx=2 -> address-space control (flush/perm), no RAM map
[Syscall] L4_MapControl(sid=0x80000100, ctrl=0x80000000) via UTCB@0xdff00000 -> res=0x1
[L4_MapControl] space=0x80000100 control=0x80000000 modify count=1
  [ctl 0] whole-space op: va=0xb0d00000 phys=0x160000000 size=4294967296 rwx=2 -> address-space control (flush/perm), no RAM map
[Syscall] L4_MapControl(sid=0x80000100, ctrl=0x80000000) via UTCB@0xdff00000 -> res=0x1
  [Cycle 2280] Core0(ARM11): pc=0xb000d6b8 insns=526634 (ok) | Core1(ARM9): pc=0xf0017890 insns=22810000 (ok)
[L4_MapControl] space=0x80000100 control=0x80000000 modify count=1
  [ctl 0] whole-space op: va=0xb0d00000 phys=0x160000000 size=4294967296 rwx=2 -> address-space control (flush/perm), no RAM map
[Syscall] L4_MapControl(sid=0x80000100, ctrl=0x80000000) via UTCB@0xdff00000 -> res=0x1
[L4_MapControl] space=0x80000100 control=0x80000000 modify count=1
  [ctl 0] whole-space op: va=0xb0d00000 phys=0x160000000 size=4294967296 rwx=2 -> address-space control (flush/perm), no RAM map
[Syscall] L4_MapControl(sid=0x80000100, ctrl=0x80000000) via UTCB@0xdff00000 -> res=0x1
[L4_MapControl] space=0x80000100 control=0x80000000 modify count=1
  [ctl 0] whole-space op: va=0xb0d00000 phys=0x160000000 size=4294967296 rwx=2 -> address-space control (flush/perm), no RAM map
[Syscall] L4_MapControl(sid=0x80000100, ctrl=0x80000000) via UTCB@0xdff00000 -> res=0x1
[L4_MapControl] space=0x80000100 control=0x80000000 modify count=1
  [ctl 0] whole-space op: va=0xb0d00000 phys=0x160000000 size=4294967296 rwx=2 -> address-space control (flush/perm), no RAM map
[Syscall] L4_MapControl(sid=0x80000100, ctrl=0x80000000) via UTCB@0xdff00000 -> res=0x1
[L4_MapControl] space=0x80000100 control=0x80000000 modify count=1
  [ctl 0] whole-space op: va=0xb0d00000 phys=0x160000000 size=4294967296 rwx=2 -> address-space control (flush/perm), no RAM map
[Syscall] L4_MapControl(sid=0x80000100, ctrl=0x80000000) via UTCB@0xdff00000 -> res=0x1
[L4_MapControl] space=0x80000100 control=0x80000000 modify count=1
  [ctl 0] whole-space op: va=0xb0d00000 phys=0x160000000 size=4294967296 rwx=2 -> address-space control (flush/perm), no RAM map
[Syscall] L4_MapControl(sid=0x80000100, ctrl=0x80000000) via UTCB@0xdff00000 -> res=0x1
[L4_MapControl] space=0x80000100 control=0x80000000 modify count=1
  [ctl 0] whole-space op: va=0xb0d00000 phys=0x160000000 size=4294967296 rwx=2 -> address-space control (flush/perm), no RAM map
[Syscall] L4_MapControl(sid=0x80000100, ctrl=0x80000000) via UTCB@0xdff00000 -> res=0x1
[L4_MapControl] space=0x80000100 control=0x80000000 modify count=1
  [ctl 0] whole-space op: va=0xb0d00000 phys=0x160000000 size=4294967296 rwx=2 -> address-space control (flush/perm), no RAM map
[Syscall] L4_MapControl(sid=0x80000100, ctrl=0x80000000) via UTCB@0xdff00000 -> res=0x1
[L4_MapControl] space=0x80000100 control=0x80000000 modify count=1
  [ctl 0] whole-space op: va=0xb0d00000 phys=0x160000000 size=4294967296 rwx=2 -> address-space control (flush/perm), no RAM map
[Syscall] L4_MapControl(sid=0x80000100, ctrl=0x80000000) via UTCB@0xdff00000 -> res=0x1
[L4_MapControl] space=0x80000100 control=0x80000000 modify count=1
  [ctl 0] whole-space op: va=0xb0d00000 phys=0x160000000 size=4294967296 rwx=2 -> address-space control (flush/perm), no RAM map
[Syscall] L4_MapControl(sid=0x80000100, ctrl=0x80000000) via UTCB@0xdff00000 -> res=0x1
  [Cycle 2290] Core0(ARM11): pc=0xb000d6b8 insns=527974 (ok) | Core1(ARM9): pc=0xf0017890 insns=22910000 (ok)
[L4_MapControl] space=0x80000100 control=0x80000000 modify count=1
  [ctl 0] whole-space op: va=0xb0d00000 phys=0x160000000 size=4294967296 rwx=2 -> address-space control (flush/perm), no RAM map
[Syscall] L4_MapControl(sid=0x80000100, ctrl=0x80000000) via UTCB@0xdff00000 -> res=0x1
[L4_MapControl] space=0x80000100 control=0x80000000 modify count=1
  [ctl 0] whole-space op: va=0xb0d00000 phys=0x160000000 size=4294967296 rwx=2 -> address-space control (flush/perm), no RAM map
[Syscall] L4_MapControl(sid=0x80000100, ctrl=0x80000000) via UTCB@0xdff00000 -> res=0x1
[L4_MapControl] space=0x80000100 control=0x80000000 modify count=1
  [ctl 0] whole-space op: va=0xb0d00000 phys=0x160000000 size=4294967296 rwx=2 -> address-space control (flush/perm), no RAM map
[Syscall] L4_MapControl(sid=0x80000100, ctrl=0x80000000) via UTCB@0xdff00000 -> res=0x1
[L4_MapControl] space=0x80000100 control=0x80000000 modify count=1
  [ctl 0] whole-space op: va=0xb0d00000 phys=0x160000000 size=4294967296 rwx=2 -> address-space control (flush/perm), no RAM map
[Syscall] L4_MapControl(sid=0x80000100, ctrl=0x80000000) via UTCB@0xdff00000 -> res=0x1
[L4_MapControl] space=0x80000100 control=0x80000000 modify count=1
  [ctl 0] whole-space op: va=0xb0d00000 phys=0x160000000 size=4294967296 rwx=2 -> address-space control (flush/perm), no RAM map
[Syscall] L4_MapControl(sid=0x80000100, ctrl=0x80000000) via UTCB@0xdff00000 -> res=0x1
[L4_MapControl] space=0x80000100 control=0x80000000 modify count=1
  [ctl 0] whole-space op: va=0xb0d00000 phys=0x160000000 size=4294967296 rwx=2 -> address-space control (flush/perm), no RAM map
[Syscall] L4_MapControl(sid=0x80000100, ctrl=0x80000000) via UTCB@0xdff00000 -> res=0x1
[L4_MapControl] space=0x80000100 control=0x80000000 modify count=1
  [ctl 0] whole-space op: va=0xb0d00000 phys=0x160000000 size=4294967296 rwx=2 -> address-space control (flush/perm), no RAM map
[Syscall] L4_MapControl(sid=0x80000100, ctrl=0x80000000) via UTCB@0xdff00000 -> res=0x1
[L4_MapControl] space=0x80000100 control=0x80000000 modify count=1
  [ctl 0] whole-space op: va=0xb0d00000 phys=0x160000000 size=4294967296 rwx=2 -> address-space control (flush/perm), no RAM map
[Syscall] L4_MapControl(sid=0x80000100, ctrl=0x80000000) via UTCB@0xdff00000 -> res=0x1
[L4_MapControl] space=0x80000100 control=0x80000000 modify count=1
  [ctl 0] whole-space op: va=0xb0d00000 phys=0x160000000 size=4294967296 rwx=2 -> address-space control (flush/perm), no RAM map
[Syscall] L4_MapControl(sid=0x80000100, ctrl=0x80000000) via UTCB@0xdff00000 -> res=0x1
[L4_MapControl] space=0x80000100 control=0x80000000 modify count=1
  [ctl 0] whole-space op: va=0xb0d00000 phys=0x160000000 size=4294967296 rwx=2 -> address-space control (flush/perm), no RAM map
[Syscall] L4_MapControl(sid=0x80000100, ctrl=0x80000000) via UTCB@0xdff00000 -> res=0x1
  [Cycle 2300] Core0(ARM11): pc=0xb000d6b8 insns=529314 (ok) | Core1(ARM9): pc=0xf0017890 insns=23010000 (ok)
[L4_MapControl] space=0x80000100 control=0x80000000 modify count=1
  [ctl 0] whole-space op: va=0xb0d00000 phys=0x160000000 size=4294967296 rwx=2 -> address-space control (flush/perm), no RAM map
[Syscall] L4_MapControl(sid=0x80000100, ctrl=0x80000000) via UTCB@0xdff00000 -> res=0x1
[L4_MapControl] space=0x80000100 control=0x80000000 modify count=1
  [ctl 0] whole-space op: va=0xb0d00000 phys=0x160000000 size=4294967296 rwx=2 -> address-space control (flush/perm), no RAM map
[Syscall] L4_MapControl(sid=0x80000100, ctrl=0x80000000) via UTCB@0xdff00000 -> res=0x1
[L4_MapControl] space=0x80000100 control=0x80000000 modify count=1
  [ctl 0] whole-space op: va=0xb0d00000 phys=0x160000000 size=4294967296 rwx=2 -> address-space control (flush/perm), no RAM map
[Syscall] L4_MapControl(sid=0x80000100, ctrl=0x80000000) via UTCB@0xdff00000 -> res=0x1
[L4_MapControl] space=0x80000100 control=0x80000000 modify count=1
  [ctl 0] whole-space op: va=0xb0d00000 phys=0x160000000 size=4294967296 rwx=2 -> address-space control (flush/perm), no RAM map
[Syscall] L4_MapControl(sid=0x80000100, ctrl=0x80000000) via UTCB@0xdff00000 -> res=0x1
[L4_MapControl] space=0x80000100 control=0x80000000 modify count=1
  [ctl 0] whole-space op: va=0xb0d00000 phys=0x160000000 size=4294967296 rwx=2 -> address-space control (flush/perm), no RAM map
[Syscall] L4_MapControl(sid=0x80000100, ctrl=0x80000000) via UTCB@0xdff00000 -> res=0x1
[L4_MapControl] space=0x80000100 control=0x80000000 modify count=1
  [ctl 0] whole-space op: va=0xb0d00000 phys=0x160000000 size=4294967296 rwx=2 -> address-space control (flush/perm), no RAM map
[Syscall] L4_MapControl(sid=0x80000100, ctrl=0x80000000) via UTCB@0xdff00000 -> res=0x1
[L4_MapControl] space=0x80000100 control=0x80000000 modify count=1
  [ctl 0] whole-space op: va=0xb0d00000 phys=0x160000000 size=4294967296 rwx=2 -> address-space control (flush/perm), no RAM map
[Syscall] L4_MapControl(sid=0x80000100, ctrl=0x80000000) via UTCB@0xdff00000 -> res=0x1
[L4_MapControl] space=0x80000100 control=0x80000000 modify count=1
  [ctl 0] whole-space op: va=0xb0d00000 phys=0x160000000 size=4294967296 rwx=2 -> address-space control (flush/perm), no RAM map
[Syscall] L4_MapControl(sid=0x80000100, ctrl=0x80000000) via UTCB@0xdff00000 -> res=0x1
[L4_MapControl] space=0x80000100 control=0x80000000 modify count=1
  [ctl 0] whole-space op: va=0xb0d00000 phys=0x160000000 size=4294967296 rwx=2 -> address-space control (flush/perm), no RAM map
[Syscall] L4_MapControl(sid=0x80000100, ctrl=0x80000000) via UTCB@0xdff00000 -> res=0x1
[L4_MapControl] space=0x80000100 control=0x80000000 modify count=1
  [ctl 0] whole-space op: va=0xb0d00000 phys=0x160000000 size=4294967296 rwx=2 -> address-space control (flush/perm), no RAM map
[Syscall] L4_MapControl(sid=0x80000100, ctrl=0x80000000) via UTCB@0xdff00000 -> res=0x1
  [Cycle 2310] Core0(ARM11): pc=0xb000d6b8 insns=530654 (ok) | Core1(ARM9): pc=0xf0017890 insns=23110000 (ok)
[L4_MapControl] space=0x80000100 control=0x80000000 modify count=1
  [ctl 0] whole-space op: va=0xb0d00000 phys=0x160000000 size=4294967296 rwx=2 -> address-space control (flush/perm), no RAM map
[Syscall] L4_MapControl(sid=0x80000100, ctrl=0x80000000) via UTCB@0xdff00000 -> res=0x1
[L4_MapControl] space=0x80000100 control=0x80000000 modify count=1
  [ctl 0] whole-space op: va=0xb0d00000 phys=0x160000000 size=4294967296 rwx=2 -> address-space control (flush/perm), no RAM map
[Syscall] L4_MapControl(sid=0x80000100, ctrl=0x80000000) via UTCB@0xdff00000 -> res=0x1
[L4_MapControl] space=0x80000100 control=0x80000000 modify count=1
  [ctl 0] whole-space op: va=0xb0d00000 phys=0x160000000 size=4294967296 rwx=2 -> address-space control (flush/perm), no RAM map
[Syscall] L4_MapControl(sid=0x80000100, ctrl=0x80000000) via UTCB@0xdff00000 -> res=0x1
[L4_MapControl] space=0x80000100 control=0x80000000 modify count=1
  [ctl 0] whole-space op: va=0xb0d00000 phys=0x160000000 size=4294967296 rwx=2 -> address-space control (flush/perm), no RAM map
[Syscall] L4_MapControl(sid=0x80000100, ctrl=0x80000000) via UTCB@0xdff00000 -> res=0x1
[L4_MapControl] space=0x80000100 control=0x80000000 modify count=1
  [ctl 0] whole-space op: va=0xb0d00000 phys=0x160000000 size=4294967296 rwx=2 -> address-space control (flush/perm), no RAM map
[Syscall] L4_MapControl(sid=0x80000100, ctrl=0x80000000) via UTCB@0xdff00000 -> res=0x1
[L4_MapControl] space=0x80000100 control=0x80000000 modify count=1
  [ctl 0] whole-space op: va=0xb0d00000 phys=0x160000000 size=4294967296 rwx=2 -> address-space control (flush/perm), no RAM map
[Syscall] L4_MapControl(sid=0x80000100, ctrl=0x80000000) via UTCB@0xdff00000 -> res=0x1
[L4_MapControl] space=0x80000100 control=0x80000000 modify count=1
  [ctl 0] whole-space op: va=0xb0d00000 phys=0x160000000 size=4294967296 rwx=2 -> address-space control (flush/perm), no RAM map
[Syscall] L4_MapControl(sid=0x80000100, ctrl=0x80000000) via UTCB@0xdff00000 -> res=0x1
[L4_MapControl] space=0x80000100 control=0x80000000 modify count=1
  [ctl 0] whole-space op: va=0xb0d00000 phys=0x160000000 size=4294967296 rwx=2 -> address-space control (flush/perm), no RAM map
[Syscall] L4_MapControl(sid=0x80000100, ctrl=0x80000000) via UTCB@0xdff00000 -> res=0x1
[L4_MapControl] space=0x80000100 control=0x80000000 modify count=1
  [ctl 0] whole-space op: va=0xb0d00000 phys=0x160000000 size=4294967296 rwx=2 -> address-space control (flush/perm), no RAM map
[Syscall] L4_MapControl(sid=0x80000100, ctrl=0x80000000) via UTCB@0xdff00000 -> res=0x1
[L4_MapControl] space=0x80000100 control=0x80000000 modify count=1
  [ctl 0] whole-space op: va=0xb0d00000 phys=0x160000000 size=4294967296 rwx=2 -> address-space control (flush/perm), no RAM map
[Syscall] L4_MapControl(sid=0x80000100, ctrl=0x80000000) via UTCB@0xdff00000 -> res=0x1
  [Cycle 2320] Core0(ARM11): pc=0xb000d6b8 insns=531994 (ok) | Core1(ARM9): pc=0xf0017890 insns=23210000 (ok)
[L4_MapControl] space=0x80000100 control=0x80000000 modify count=1
  [ctl 0] whole-space op: va=0xb0d00000 phys=0x160000000 size=4294967296 rwx=2 -> address-space control (flush/perm), no RAM map
[Syscall] L4_MapControl(sid=0x80000100, ctrl=0x80000000) via UTCB@0xdff00000 -> res=0x1
[L4_MapControl] space=0x80000100 control=0x80000000 modify count=1
  [ctl 0] whole-space op: va=0xb0d00000 phys=0x160000000 size=4294967296 rwx=2 -> address-space control (flush/perm), no RAM map
[Syscall] L4_MapControl(sid=0x80000100, ctrl=0x80000000) via UTCB@0xdff00000 -> res=0x1
[L4_MapControl] space=0x80000100 control=0x80000000 modify count=1
  [ctl 0] whole-space op: va=0xb0d00000 phys=0x160000000 size=4294967296 rwx=2 -> address-space control (flush/perm), no RAM map
[Syscall] L4_MapControl(sid=0x80000100, ctrl=0x80000000) via UTCB@0xdff00000 -> res=0x1
[L4_MapControl] space=0x80000100 control=0x80000000 modify count=1
  [ctl 0] whole-space op: va=0xb0d00000 phys=0x160000000 size=4294967296 rwx=2 -> address-space control (flush/perm), no RAM map
[Syscall] L4_MapControl(sid=0x80000100, ctrl=0x80000000) via UTCB@0xdff00000 -> res=0x1
[L4_MapControl] space=0x80000100 control=0x80000000 modify count=1
  [ctl 0] whole-space op: va=0xb0d00000 phys=0x160000000 size=4294967296 rwx=2 -> address-space control (flush/perm), no RAM map
[Syscall] L4_MapControl(sid=0x80000100, ctrl=0x80000000) via UTCB@0xdff00000 -> res=0x1
[L4_MapControl] space=0x80000100 control=0x80000000 modify count=1
  [ctl 0] whole-space op: va=0xb0d00000 phys=0x160000000 size=4294967296 rwx=2 -> address-space control (flush/perm), no RAM map
[Syscall] L4_MapControl(sid=0x80000100, ctrl=0x80000000) via UTCB@0xdff00000 -> res=0x1
[L4_MapControl] space=0x80000100 control=0x80000000 modify count=1
  [ctl 0] whole-space op: va=0xb0d00000 phys=0x160000000 size=4294967296 rwx=2 -> address-space control (flush/perm), no RAM map
[Syscall] L4_MapControl(sid=0x80000100, ctrl=0x80000000) via UTCB@0xdff00000 -> res=0x1
[L4_MapControl] space=0x80000100 control=0x80000000 modify count=1
  [ctl 0] whole-space op: va=0xb0d00000 phys=0x160000000 size=4294967296 rwx=2 -> address-space control (flush/perm), no RAM map
[Syscall] L4_MapControl(sid=0x80000100, ctrl=0x80000000) via UTCB@0xdff00000 -> res=0x1
[L4_MapControl] space=0x80000100 control=0x80000000 modify count=1
  [ctl 0] whole-space op: va=0xb0d00000 phys=0x160000000 size=4294967296 rwx=2 -> address-space control (flush/perm), no RAM map
[Syscall] L4_MapControl(sid=0x80000100, ctrl=0x80000000) via UTCB@0xdff00000 -> res=0x1
[L4_MapControl] space=0x80000100 control=0x80000000 modify count=1
  [ctl 0] whole-space op: va=0xb0d00000 phys=0x160000000 size=4294967296 rwx=2 -> address-space control (flush/perm), no RAM map
[Syscall] L4_MapControl(sid=0x80000100, ctrl=0x80000000) via UTCB@0xdff00000 -> res=0x1
  [Cycle 2330] Core0(ARM11): pc=0xb000d6b8 insns=533334 (ok) | Core1(ARM9): pc=0xf0017890 insns=23310000 (ok)
[L4_MapControl] space=0x80000100 control=0x80000000 modify count=1
  [ctl 0] whole-space op: va=0xb0d00000 phys=0x160000000 size=4294967296 rwx=2 -> address-space control (flush/perm), no RAM map
[Syscall] L4_MapControl(sid=0x80000100, ctrl=0x80000000) via UTCB@0xdff00000 -> res=0x1
[L4_MapControl] space=0x80000100 control=0x80000000 modify count=1
  [ctl 0] whole-space op: va=0xb0d00000 phys=0x160000000 size=4294967296 rwx=2 -> address-space control (flush/perm), no RAM map
[Syscall] L4_MapControl(sid=0x80000100, ctrl=0x80000000) via UTCB@0xdff00000 -> res=0x1
[L4_MapControl] space=0x80000100 control=0x80000000 modify count=1
  [ctl 0] whole-space op: va=0xb0d00000 phys=0x160000000 size=4294967296 rwx=2 -> address-space control (flush/perm), no RAM map
[Syscall] L4_MapControl(sid=0x80000100, ctrl=0x80000000) via UTCB@0xdff00000 -> res=0x1
[L4_MapControl] space=0x80000100 control=0x80000000 modify count=1
  [ctl 0] whole-space op: va=0xb0d00000 phys=0x160000000 size=4294967296 rwx=2 -> address-space control (flush/perm), no RAM map
[Syscall] L4_MapControl(sid=0x80000100, ctrl=0x80000000) via UTCB@0xdff00000 -> res=0x1
[L4_MapControl] space=0x80000100 control=0x80000000 modify count=1
  [ctl 0] whole-space op: va=0xb0d00000 phys=0x160000000 size=4294967296 rwx=2 -> address-space control (flush/perm), no RAM map
[Syscall] L4_MapControl(sid=0x80000100, ctrl=0x80000000) via UTCB@0xdff00000 -> res=0x1
[L4_MapControl] space=0x80000100 control=0x80000000 modify count=1
  [ctl 0] whole-space op: va=0xb0d00000 phys=0x160000000 size=4294967296 rwx=2 -> address-space control (flush/perm), no RAM map
[Syscall] L4_MapControl(sid=0x80000100, ctrl=0x80000000) via UTCB@0xdff00000 -> res=0x1
[L4_MapControl] space=0x80000100 control=0x80000000 modify count=1
  [ctl 0] whole-space op: va=0xb0d00000 phys=0x160000000 size=4294967296 rwx=2 -> address-space control (flush/perm), no RAM map
[Syscall] L4_MapControl(sid=0x80000100, ctrl=0x80000000) via UTCB@0xdff00000 -> res=0x1
[L4_MapControl] space=0x80000100 control=0x80000000 modify count=1
  [ctl 0] whole-space op: va=0xb0d00000 phys=0x160000000 size=4294967296 rwx=2 -> address-space control (flush/perm), no RAM map
[Syscall] L4_MapControl(sid=0x80000100, ctrl=0x80000000) via UTCB@0xdff00000 -> res=0x1
[L4_MapControl] space=0x80000100 control=0x80000000 modify count=1
  [ctl 0] whole-space op: va=0xb0d00000 phys=0x160000000 size=4294967296 rwx=2 -> address-space control (flush/perm), no RAM map
[Syscall] L4_MapControl(sid=0x80000100, ctrl=0x80000000) via UTCB@0xdff00000 -> res=0x1
[L4_MapControl] space=0x80000100 control=0x80000000 modify count=1
  [ctl 0] whole-space op: va=0xb0d00000 phys=0x160000000 size=4294967296 rwx=2 -> address-space control (flush/perm), no RAM map
[Syscall] L4_MapControl(sid=0x80000100, ctrl=0x80000000) via UTCB@0xdff00000 -> res=0x1
  [Cycle 2340] Core0(ARM11): pc=0xb000d6b8 insns=534674 (ok) | Core1(ARM9): pc=0xf0017890 insns=23410000 (ok)
[L4_MapControl] space=0x80000100 control=0x80000000 modify count=1
  [ctl 0] whole-space op: va=0xb0d00000 phys=0x160000000 size=4294967296 rwx=2 -> address-space control (flush/perm), no RAM map
[Syscall] L4_MapControl(sid=0x80000100, ctrl=0x80000000) via UTCB@0xdff00000 -> res=0x1
[L4_MapControl] space=0x80000100 control=0x80000000 modify count=1
  [ctl 0] whole-space op: va=0xb0d00000 phys=0x160000000 size=4294967296 rwx=2 -> address-space control (flush/perm), no RAM map
[Syscall] L4_MapControl(sid=0x80000100, ctrl=0x80000000) via UTCB@0xdff00000 -> res=0x1
[L4_MapControl] space=0x80000100 control=0x80000000 modify count=1
  [ctl 0] whole-space op: va=0xb0d00000 phys=0x160000000 size=4294967296 rwx=2 -> address-space control (flush/perm), no RAM map
[Syscall] L4_MapControl(sid=0x80000100, ctrl=0x80000000) via UTCB@0xdff00000 -> res=0x1
[L4_MapControl] space=0x80000100 control=0x80000000 modify count=1
  [ctl 0] whole-space op: va=0xb0d00000 phys=0x160000000 size=4294967296 rwx=2 -> address-space control (flush/perm), no RAM map
[Syscall] L4_MapControl(sid=0x80000100, ctrl=0x80000000) via UTCB@0xdff00000 -> res=0x1
[L4_MapControl] space=0x80000100 control=0x80000000 modify count=1
  [ctl 0] whole-space op: va=0xb0d00000 phys=0x160000000 size=4294967296 rwx=2 -> address-space control (flush/perm), no RAM map
[Syscall] L4_MapControl(sid=0x80000100, ctrl=0x80000000) via UTCB@0xdff00000 -> res=0x1
[L4_MapControl] space=0x80000100 control=0x80000000 modify count=1
  [ctl 0] whole-space op: va=0xb0d00000 phys=0x160000000 size=4294967296 rwx=2 -> address-space control (flush/perm), no RAM map
[Syscall] L4_MapControl(sid=0x80000100, ctrl=0x80000000) via UTCB@0xdff00000 -> res=0x1
[L4_MapControl] space=0x80000100 control=0x80000000 modify count=1
  [ctl 0] whole-space op: va=0xb0d00000 phys=0x160000000 size=4294967296 rwx=2 -> address-space control (flush/perm), no RAM map
[Syscall] L4_MapControl(sid=0x80000100, ctrl=0x80000000) via UTCB@0xdff00000 -> res=0x1
[L4_MapControl] space=0x80000100 control=0x80000000 modify count=1
  [ctl 0] whole-space op: va=0xb0d00000 phys=0x160000000 size=4294967296 rwx=2 -> address-space control (flush/perm), no RAM map
[Syscall] L4_MapControl(sid=0x80000100, ctrl=0x80000000) via UTCB@0xdff00000 -> res=0x1
[L4_MapControl] space=0x80000100 control=0x80000000 modify count=1
  [ctl 0] whole-space op: va=0xb0d00000 phys=0x160000000 size=4294967296 rwx=2 -> address-space control (flush/perm), no RAM map
[Syscall] L4_MapControl(sid=0x80000100, ctrl=0x80000000) via UTCB@0xdff00000 -> res=0x1
[L4_MapControl] space=0x80000100 control=0x80000000 modify count=1
  [ctl 0] whole-space op: va=0xb0d00000 phys=0x160000000 size=4294967296 rwx=2 -> address-space control (flush/perm), no RAM map
[Syscall] L4_MapControl(sid=0x80000100, ctrl=0x80000000) via UTCB@0xdff00000 -> res=0x1
  [Cycle 2350] Core0(ARM11): pc=0xb000d6b8 insns=536014 (ok) | Core1(ARM9): pc=0xf0017890 insns=23510000 (ok)
[L4_MapControl] space=0x80000100 control=0x80000000 modify count=1
  [ctl 0] whole-space op: va=0xb0d00000 phys=0x160000000 size=4294967296 rwx=2 -> address-space control (flush/perm), no RAM map
[Syscall] L4_MapControl(sid=0x80000100, ctrl=0x80000000) via UTCB@0xdff00000 -> res=0x1
[L4_MapControl] space=0x80000100 control=0x80000000 modify count=1
  [ctl 0] whole-space op: va=0xb0d00000 phys=0x160000000 size=4294967296 rwx=2 -> address-space control (flush/perm), no RAM map
[Syscall] L4_MapControl(sid=0x80000100, ctrl=0x80000000) via UTCB@0xdff00000 -> res=0x1
[L4_MapControl] space=0x80000100 control=0x80000000 modify count=1
  [ctl 0] whole-space op: va=0xb0d00000 phys=0x160000000 size=4294967296 rwx=2 -> address-space control (flush/perm), no RAM map
[Syscall] L4_MapControl(sid=0x80000100, ctrl=0x80000000) via UTCB@0xdff00000 -> res=0x1
[L4_MapControl] space=0x80000100 control=0x80000000 modify count=1
  [ctl 0] whole-space op: va=0xb0d00000 phys=0x160000000 size=4294967296 rwx=2 -> address-space control (flush/perm), no RAM map
[Syscall] L4_MapControl(sid=0x80000100, ctrl=0x80000000) via UTCB@0xdff00000 -> res=0x1
[L4_MapControl] space=0x80000100 control=0x80000000 modify count=1
  [ctl 0] whole-space op: va=0xb0d00000 phys=0x160000000 size=4294967296 rwx=2 -> address-space control (flush/perm), no RAM map
[Syscall] L4_MapControl(sid=0x80000100, ctrl=0x80000000) via UTCB@0xdff00000 -> res=0x1
[L4_MapControl] space=0x80000100 control=0x80000000 modify count=1
  [ctl 0] whole-space op: va=0xb0d00000 phys=0x160000000 size=4294967296 rwx=2 -> address-space control (flush/perm), no RAM map
[Syscall] L4_MapControl(sid=0x80000100, ctrl=0x80000000) via UTCB@0xdff00000 -> res=0x1
[L4_MapControl] space=0x80000100 control=0x80000000 modify count=1
  [ctl 0] whole-space op: va=0xb0d00000 phys=0x160000000 size=4294967296 rwx=2 -> address-space control (flush/perm), no RAM map
[Syscall] L4_MapControl(sid=0x80000100, ctrl=0x80000000) via UTCB@0xdff00000 -> res=0x1
[L4_MapControl] space=0x80000100 control=0x80000000 modify count=1
  [ctl 0] whole-space op: va=0xb0d00000 phys=0x160000000 size=4294967296 rwx=2 -> address-space control (flush/perm), no RAM map
[Syscall] L4_MapControl(sid=0x80000100, ctrl=0x80000000) via UTCB@0xdff00000 -> res=0x1
[L4_MapControl] space=0x80000100 control=0x80000000 modify count=1
  [ctl 0] whole-space op: va=0xb0d00000 phys=0x160000000 size=4294967296 rwx=2 -> address-space control (flush/perm), no RAM map
[Syscall] L4_MapControl(sid=0x80000100, ctrl=0x80000000) via UTCB@0xdff00000 -> res=0x1
[L4_MapControl] space=0x80000100 control=0x80000000 modify count=1
  [ctl 0] whole-space op: va=0xb0d00000 phys=0x160000000 size=4294967296 rwx=2 -> address-space control (flush/perm), no RAM map
[Syscall] L4_MapControl(sid=0x80000100, ctrl=0x80000000) via UTCB@0xdff00000 -> res=0x1
  [Cycle 2360] Core0(ARM11): pc=0xb000d6b8 insns=537354 (ok) | Core1(ARM9): pc=0xf0017890 insns=23610000 (ok)
[L4_MapControl] space=0x80000100 control=0x80000000 modify count=1
  [ctl 0] whole-space op: va=0xb0d00000 phys=0x160000000 size=4294967296 rwx=2 -> address-space control (flush/perm), no RAM map
[Syscall] L4_MapControl(sid=0x80000100, ctrl=0x80000000) via UTCB@0xdff00000 -> res=0x1
[L4_MapControl] space=0x80000100 control=0x80000000 modify count=1
  [ctl 0] whole-space op: va=0xb0d00000 phys=0x160000000 size=4294967296 rwx=2 -> address-space control (flush/perm), no RAM map
[Syscall] L4_MapControl(sid=0x80000100, ctrl=0x80000000) via UTCB@0xdff00000 -> res=0x1
[L4_MapControl] space=0x80000100 control=0x80000000 modify count=1
  [ctl 0] whole-space op: va=0xb0d00000 phys=0x160000000 size=4294967296 rwx=2 -> address-space control (flush/perm), no RAM map
[Syscall] L4_MapControl(sid=0x80000100, ctrl=0x80000000) via UTCB@0xdff00000 -> res=0x1
[L4_MapControl] space=0x80000100 control=0x80000000 modify count=1
  [ctl 0] whole-space op: va=0xb0d00000 phys=0x160000000 size=4294967296 rwx=2 -> address-space control (flush/perm), no RAM map
[Syscall] L4_MapControl(sid=0x80000100, ctrl=0x80000000) via UTCB@0xdff00000 -> res=0x1
[L4_MapControl] space=0x80000100 control=0x80000000 modify count=1
  [ctl 0] whole-space op: va=0xb0d00000 phys=0x160000000 size=4294967296 rwx=2 -> address-space control (flush/perm), no RAM map
[Syscall] L4_MapControl(sid=0x80000100, ctrl=0x80000000) via UTCB@0xdff00000 -> res=0x1
[L4_MapControl] space=0x80000100 control=0x80000000 modify count=1
  [ctl 0] whole-space op: va=0xb0d00000 phys=0x160000000 size=4294967296 rwx=2 -> address-space control (flush/perm), no RAM map
[Syscall] L4_MapControl(sid=0x80000100, ctrl=0x80000000) via UTCB@0xdff00000 -> res=0x1
[L4_MapControl] space=0x80000100 control=0x80000000 modify count=1
  [ctl 0] whole-space op: va=0xb0d00000 phys=0x160000000 size=4294967296 rwx=2 -> address-space control (flush/perm), no RAM map
[Syscall] L4_MapControl(sid=0x80000100, ctrl=0x80000000) via UTCB@0xdff00000 -> res=0x1
[L4_MapControl] space=0x80000100 control=0x80000000 modify count=1
  [ctl 0] whole-space op: va=0xb0d00000 phys=0x160000000 size=4294967296 rwx=2 -> address-space control (flush/perm), no RAM map
[Syscall] L4_MapControl(sid=0x80000100, ctrl=0x80000000) via UTCB@0xdff00000 -> res=0x1
[L4_MapControl] space=0x80000100 control=0x80000000 modify count=1
  [ctl 0] whole-space op: va=0xb0d00000 phys=0x160000000 size=4294967296 rwx=2 -> address-space control (flush/perm), no RAM map
[Syscall] L4_MapControl(sid=0x80000100, ctrl=0x80000000) via UTCB@0xdff00000 -> res=0x1
[L4_MapControl] space=0x80000100 control=0x80000000 modify count=1
  [ctl 0] whole-space op: va=0xb0d00000 phys=0x160000000 size=4294967296 rwx=2 -> address-space control (flush/perm), no RAM map
[Syscall] L4_MapControl(sid=0x80000100, ctrl=0x80000000) via UTCB@0xdff00000 -> res=0x1
  [Cycle 2370] Core0(ARM11): pc=0xb000d6b8 insns=538694 (ok) | Core1(ARM9): pc=0xf0017890 insns=23710000 (ok)
[L4_MapControl] space=0x80000100 control=0x80000000 modify count=1
  [ctl 0] whole-space op: va=0xb0d00000 phys=0x160000000 size=4294967296 rwx=2 -> address-space control (flush/perm), no RAM map
[Syscall] L4_MapControl(sid=0x80000100, ctrl=0x80000000) via UTCB@0xdff00000 -> res=0x1
[L4_MapControl] space=0x80000100 control=0x80000000 modify count=1
  [ctl 0] whole-space op: va=0xb0d00000 phys=0x160000000 size=4294967296 rwx=2 -> address-space control (flush/perm), no RAM map
[Syscall] L4_MapControl(sid=0x80000100, ctrl=0x80000000) via UTCB@0xdff00000 -> res=0x1
[L4_MapControl] space=0x80000100 control=0x80000000 modify count=1
  [ctl 0] whole-space op: va=0xb0d00000 phys=0x160000000 size=4294967296 rwx=2 -> address-space control (flush/perm), no RAM map
[Syscall] L4_MapControl(sid=0x80000100, ctrl=0x80000000) via UTCB@0xdff00000 -> res=0x1
[L4_MapControl] space=0x80000100 control=0x80000000 modify count=1
  [ctl 0] whole-space op: va=0xb0d00000 phys=0x160000000 size=4294967296 rwx=2 -> address-space control (flush/perm), no RAM map
[Syscall] L4_MapControl(sid=0x80000100, ctrl=0x80000000) via UTCB@0xdff00000 -> res=0x1
[L4_MapControl] space=0x80000100 control=0x80000000 modify count=1
  [ctl 0] whole-space op: va=0xb0d00000 phys=0x160000000 size=4294967296 rwx=2 -> address-space control (flush/perm), no RAM map
[Syscall] L4_MapControl(sid=0x80000100, ctrl=0x80000000) via UTCB@0xdff00000 -> res=0x1
[L4_MapControl] space=0x80000100 control=0x80000000 modify count=1
  [ctl 0] whole-space op: va=0xb0d00000 phys=0x160000000 size=4294967296 rwx=2 -> address-space control (flush/perm), no RAM map
[Syscall] L4_MapControl(sid=0x80000100, ctrl=0x80000000) via UTCB@0xdff00000 -> res=0x1
[L4_MapControl] space=0x80000100 control=0x80000000 modify count=1
  [ctl 0] whole-space op: va=0xb0d00000 phys=0x160000000 size=4294967296 rwx=2 -> address-space control (flush/perm), no RAM map
[Syscall] L4_MapControl(sid=0x80000100, ctrl=0x80000000) via UTCB@0xdff00000 -> res=0x1
[L4_MapControl] space=0x80000100 control=0x80000000 modify count=1
  [ctl 0] whole-space op: va=0xb0d00000 phys=0x160000000 size=4294967296 rwx=2 -> address-space control (flush/perm), no RAM map
[Syscall] L4_MapControl(sid=0x80000100, ctrl=0x80000000) via UTCB@0xdff00000 -> res=0x1
[L4_MapControl] space=0x80000100 control=0x80000000 modify count=1
  [ctl 0] whole-space op: va=0xb0d00000 phys=0x160000000 size=4294967296 rwx=2 -> address-space control (flush/perm), no RAM map
[Syscall] L4_MapControl(sid=0x80000100, ctrl=0x80000000) via UTCB@0xdff00000 -> res=0x1
[L4_MapControl] space=0x80000100 control=0x80000000 modify count=1
  [ctl 0] whole-space op: va=0xb0d00000 phys=0x160000000 size=4294967296 rwx=2 -> address-space control (flush/perm), no RAM map
[Syscall] L4_MapControl(sid=0x80000100, ctrl=0x80000000) via UTCB@0xdff00000 -> res=0x1
  [Cycle 2380] Core0(ARM11): pc=0xb000d6b8 insns=540034 (ok) | Core1(ARM9): pc=0xf0017890 insns=23810000 (ok)
[L4_MapControl] space=0x80000100 control=0x80000000 modify count=1
  [ctl 0] whole-space op: va=0xb0d00000 phys=0x160000000 size=4294967296 rwx=2 -> address-space control (flush/perm), no RAM map
[Syscall] L4_MapControl(sid=0x80000100, ctrl=0x80000000) via UTCB@0xdff00000 -> res=0x1
[L4_MapControl] space=0x80000100 control=0x80000000 modify count=1
  [ctl 0] whole-space op: va=0xb0d00000 phys=0x160000000 size=4294967296 rwx=2 -> address-space control (flush/perm), no RAM map
[Syscall] L4_MapControl(sid=0x80000100, ctrl=0x80000000) via UTCB@0xdff00000 -> res=0x1
[L4_MapControl] space=0x80000100 control=0x80000000 modify count=1
  [ctl 0] whole-space op: va=0xb0d00000 phys=0x160000000 size=4294967296 rwx=2 -> address-space control (flush/perm), no RAM map
[Syscall] L4_MapControl(sid=0x80000100, ctrl=0x80000000) via UTCB@0xdff00000 -> res=0x1
[L4_MapControl] space=0x80000100 control=0x80000000 modify count=1
  [ctl 0] whole-space op: va=0xb0d00000 phys=0x160000000 size=4294967296 rwx=2 -> address-space control (flush/perm), no RAM map
[Syscall] L4_MapControl(sid=0x80000100, ctrl=0x80000000) via UTCB@0xdff00000 -> res=0x1
[L4_MapControl] space=0x80000100 control=0x80000000 modify count=1
  [ctl 0] whole-space op: va=0xb0d00000 phys=0x160000000 size=4294967296 rwx=2 -> address-space control (flush/perm), no RAM map
[Syscall] L4_MapControl(sid=0x80000100, ctrl=0x80000000) via UTCB@0xdff00000 -> res=0x1
[L4_MapControl] space=0x80000100 control=0x80000000 modify count=1
  [ctl 0] whole-space op: va=0xb0d00000 phys=0x160000000 size=4294967296 rwx=2 -> address-space control (flush/perm), no RAM map
[Syscall] L4_MapControl(sid=0x80000100, ctrl=0x80000000) via UTCB@0xdff00000 -> res=0x1
[L4_MapControl] space=0x80000100 control=0x80000000 modify count=1
  [ctl 0] whole-space op: va=0xb0d00000 phys=0x160000000 size=4294967296 rwx=2 -> address-space control (flush/perm), no RAM map
[Syscall] L4_MapControl(sid=0x80000100, ctrl=0x80000000) via UTCB@0xdff00000 -> res=0x1
[L4_MapControl] space=0x80000100 control=0x80000000 modify count=1
  [ctl 0] whole-space op: va=0xb0d00000 phys=0x160000000 size=4294967296 rwx=2 -> address-space control (flush/perm), no RAM map
[Syscall] L4_MapControl(sid=0x80000100, ctrl=0x80000000) via UTCB@0xdff00000 -> res=0x1
[L4_MapControl] space=0x80000100 control=0x80000000 modify count=1
  [ctl 0] whole-space op: va=0xb0d00000 phys=0x160000000 size=4294967296 rwx=2 -> address-space control (flush/perm), no RAM map
[Syscall] L4_MapControl(sid=0x80000100, ctrl=0x80000000) via UTCB@0xdff00000 -> res=0x1
[L4_MapControl] space=0x80000100 control=0x80000000 modify count=1
  [ctl 0] whole-space op: va=0xb0d00000 phys=0x160000000 size=4294967296 rwx=2 -> address-space control (flush/perm), no RAM map
[Syscall] L4_MapControl(sid=0x80000100, ctrl=0x80000000) via UTCB@0xdff00000 -> res=0x1
  [Cycle 2390] Core0(ARM11): pc=0xb000d6b8 insns=541374 (ok) | Core1(ARM9): pc=0xf0017890 insns=23910000 (ok)
[L4_MapControl] space=0x80000100 control=0x80000000 modify count=1
  [ctl 0] whole-space op: va=0xb0d00000 phys=0x160000000 size=4294967296 rwx=2 -> address-space control (flush/perm), no RAM map
[Syscall] L4_MapControl(sid=0x80000100, ctrl=0x80000000) via UTCB@0xdff00000 -> res=0x1
[L4_MapControl] space=0x80000100 control=0x80000000 modify count=1
  [ctl 0] whole-space op: va=0xb0d00000 phys=0x160000000 size=4294967296 rwx=2 -> address-space control (flush/perm), no RAM map
[Syscall] L4_MapControl(sid=0x80000100, ctrl=0x80000000) via UTCB@0xdff00000 -> res=0x1
[L4_MapControl] space=0x80000100 control=0x80000000 modify count=1
  [ctl 0] whole-space op: va=0xb0d00000 phys=0x160000000 size=4294967296 rwx=2 -> address-space control (flush/perm), no RAM map
[Syscall] L4_MapControl(sid=0x80000100, ctrl=0x80000000) via UTCB@0xdff00000 -> res=0x1
[L4_MapControl] space=0x80000100 control=0x80000000 modify count=1
  [ctl 0] whole-space op: va=0xb0d00000 phys=0x160000000 size=4294967296 rwx=2 -> address-space control (flush/perm), no RAM map
[Syscall] L4_MapControl(sid=0x80000100, ctrl=0x80000000) via UTCB@0xdff00000 -> res=0x1
[L4_MapControl] space=0x80000100 control=0x80000000 modify count=1
  [ctl 0] whole-space op: va=0xb0d00000 phys=0x160000000 size=4294967296 rwx=2 -> address-space control (flush/perm), no RAM map
[Syscall] L4_MapControl(sid=0x80000100, ctrl=0x80000000) via UTCB@0xdff00000 -> res=0x1
[L4_MapControl] space=0x80000100 control=0x80000000 modify count=1
  [ctl 0] whole-space op: va=0xb0d00000 phys=0x160000000 size=4294967296 rwx=2 -> address-space control (flush/perm), no RAM map
[Syscall] L4_MapControl(sid=0x80000100, ctrl=0x80000000) via UTCB@0xdff00000 -> res=0x1
[L4_MapControl] space=0x80000100 control=0x80000000 modify count=1
  [ctl 0] whole-space op: va=0xb0d00000 phys=0x160000000 size=4294967296 rwx=2 -> address-space control (flush/perm), no RAM map
[Syscall] L4_MapControl(sid=0x80000100, ctrl=0x80000000) via UTCB@0xdff00000 -> res=0x1
[L4_MapControl] space=0x80000100 control=0x80000000 modify count=1
  [ctl 0] whole-space op: va=0xb0d00000 phys=0x160000000 size=4294967296 rwx=2 -> address-space control (flush/perm), no RAM map
[Syscall] L4_MapControl(sid=0x80000100, ctrl=0x80000000) via UTCB@0xdff00000 -> res=0x1
[L4_MapControl] space=0x80000100 control=0x80000000 modify count=1
  [ctl 0] whole-space op: va=0xb0d00000 phys=0x160000000 size=4294967296 rwx=2 -> address-space control (flush/perm), no RAM map
[Syscall] L4_MapControl(sid=0x80000100, ctrl=0x80000000) via UTCB@0xdff00000 -> res=0x1
[L4_MapControl] space=0x80000100 control=0x80000000 modify count=1
  [ctl 0] whole-space op: va=0xb0d00000 phys=0x160000000 size=4294967296 rwx=2 -> address-space control (flush/perm), no RAM map
[Syscall] L4_MapControl(sid=0x80000100, ctrl=0x80000000) via UTCB@0xdff00000 -> res=0x1
  [Cycle 2400] Core0(ARM11): pc=0xb000d6b8 insns=542714 (ok) | Core1(ARM9): pc=0xf0017890 insns=24010000 (ok)
[L4_MapControl] space=0x80000100 control=0x80000000 modify count=1
  [ctl 0] whole-space op: va=0xb0d00000 phys=0x160000000 size=4294967296 rwx=2 -> address-space control (flush/perm), no RAM map
[Syscall] L4_MapControl(sid=0x80000100, ctrl=0x80000000) via UTCB@0xdff00000 -> res=0x1
[L4_MapControl] space=0x80000100 control=0x80000000 modify count=1
  [ctl 0] whole-space op: va=0xb0d00000 phys=0x160000000 size=4294967296 rwx=2 -> address-space control (flush/perm), no RAM map
[Syscall] L4_MapControl(sid=0x80000100, ctrl=0x80000000) via UTCB@0xdff00000 -> res=0x1
[L4_MapControl] space=0x80000100 control=0x80000000 modify count=1
  [ctl 0] whole-space op: va=0xb0d00000 phys=0x160000000 size=4294967296 rwx=2 -> address-space control (flush/perm), no RAM map
[Syscall] L4_MapControl(sid=0x80000100, ctrl=0x80000000) via UTCB@0xdff00000 -> res=0x1
[L4_MapControl] space=0x80000100 control=0x80000000 modify count=1
  [ctl 0] whole-space op: va=0xb0d00000 phys=0x160000000 size=4294967296 rwx=2 -> address-space control (flush/perm), no RAM map
[Syscall] L4_MapControl(sid=0x80000100, ctrl=0x80000000) via UTCB@0xdff00000 -> res=0x1
[L4_MapControl] space=0x80000100 control=0x80000000 modify count=1
  [ctl 0] whole-space op: va=0xb0d00000 phys=0x160000000 size=4294967296 rwx=2 -> address-space control (flush/perm), no RAM map
[Syscall] L4_MapControl(sid=0x80000100, ctrl=0x80000000) via UTCB@0xdff00000 -> res=0x1
[L4_MapControl] space=0x80000100 control=0x80000000 modify count=1
  [ctl 0] whole-space op: va=0xb0d00000 phys=0x160000000 size=4294967296 rwx=2 -> address-space control (flush/perm), no RAM map
[Syscall] L4_MapControl(sid=0x80000100, ctrl=0x80000000) via UTCB@0xdff00000 -> res=0x1
[L4_MapControl] space=0x80000100 control=0x80000000 modify count=1
  [ctl 0] whole-space op: va=0xb0d00000 phys=0x160000000 size=4294967296 rwx=2 -> address-space control (flush/perm), no RAM map
[Syscall] L4_MapControl(sid=0x80000100, ctrl=0x80000000) via UTCB@0xdff00000 -> res=0x1
[L4_MapControl] space=0x80000100 control=0x80000000 modify count=1
  [ctl 0] whole-space op: va=0xb0d00000 phys=0x160000000 size=4294967296 rwx=2 -> address-space control (flush/perm), no RAM map
[Syscall] L4_MapControl(sid=0x80000100, ctrl=0x80000000) via UTCB@0xdff00000 -> res=0x1
[L4_MapControl] space=0x80000100 control=0x80000000 modify count=1
  [ctl 0] whole-space op: va=0xb0d00000 phys=0x160000000 size=4294967296 rwx=2 -> address-space control (flush/perm), no RAM map
[Syscall] L4_MapControl(sid=0x80000100, ctrl=0x80000000) via UTCB@0xdff00000 -> res=0x1
[L4_MapControl] space=0x80000100 control=0x80000000 modify count=1
  [ctl 0] whole-space op: va=0xb0d00000 phys=0x160000000 size=4294967296 rwx=2 -> address-space control (flush/perm), no RAM map
[Syscall] L4_MapControl(sid=0x80000100, ctrl=0x80000000) via UTCB@0xdff00000 -> res=0x1
  [Cycle 2410] Core0(ARM11): pc=0xb000d6b8 insns=544054 (ok) | Core1(ARM9): pc=0xf0017890 insns=24110000 (ok)
[L4_MapControl] space=0x80000100 control=0x80000000 modify count=1
  [ctl 0] whole-space op: va=0xb0d00000 phys=0x160000000 size=4294967296 rwx=2 -> address-space control (flush/perm), no RAM map
[Syscall] L4_MapControl(sid=0x80000100, ctrl=0x80000000) via UTCB@0xdff00000 -> res=0x1
[L4_MapControl] space=0x80000100 control=0x80000000 modify count=1
  [ctl 0] whole-space op: va=0xb0d00000 phys=0x160000000 size=4294967296 rwx=2 -> address-space control (flush/perm), no RAM map
[Syscall] L4_MapControl(sid=0x80000100, ctrl=0x80000000) via UTCB@0xdff00000 -> res=0x1
[L4_MapControl] space=0x80000100 control=0x80000000 modify count=1
  [ctl 0] whole-space op: va=0xb0d00000 phys=0x160000000 size=4294967296 rwx=2 -> address-space control (flush/perm), no RAM map
[Syscall] L4_MapControl(sid=0x80000100, ctrl=0x80000000) via UTCB@0xdff00000 -> res=0x1
[L4_MapControl] space=0x80000100 control=0x80000000 modify count=1
  [ctl 0] whole-space op: va=0xb0d00000 phys=0x160000000 size=4294967296 rwx=2 -> address-space control (flush/perm), no RAM map
[Syscall] L4_MapControl(sid=0x80000100, ctrl=0x80000000) via UTCB@0xdff00000 -> res=0x1
[L4_MapControl] space=0x80000100 control=0x80000000 modify count=1
  [ctl 0] whole-space op: va=0xb0d00000 phys=0x160000000 size=4294967296 rwx=2 -> address-space control (flush/perm), no RAM map
[Syscall] L4_MapControl(sid=0x80000100, ctrl=0x80000000) via UTCB@0xdff00000 -> res=0x1
[L4_MapControl] space=0x80000100 control=0x80000000 modify count=1
  [ctl 0] whole-space op: va=0xb0d00000 phys=0x160000000 size=4294967296 rwx=2 -> address-space control (flush/perm), no RAM map
[Syscall] L4_MapControl(sid=0x80000100, ctrl=0x80000000) via UTCB@0xdff00000 -> res=0x1
[L4_MapControl] space=0x80000100 control=0x80000000 modify count=1
  [ctl 0] whole-space op: va=0xb0d00000 phys=0x160000000 size=4294967296 rwx=2 -> address-space control (flush/perm), no RAM map
[Syscall] L4_MapControl(sid=0x80000100, ctrl=0x80000000) via UTCB@0xdff00000 -> res=0x1
[L4_MapControl] space=0x80000100 control=0x80000000 modify count=1
  [ctl 0] whole-space op: va=0xb0d00000 phys=0x160000000 size=4294967296 rwx=2 -> address-space control (flush/perm), no RAM map
[Syscall] L4_MapControl(sid=0x80000100, ctrl=0x80000000) via UTCB@0xdff00000 -> res=0x1
[L4_MapControl] space=0x80000100 control=0x80000000 modify count=1
  [ctl 0] whole-space op: va=0xb0d00000 phys=0x160000000 size=4294967296 rwx=2 -> address-space control (flush/perm), no RAM map
[Syscall] L4_MapControl(sid=0x80000100, ctrl=0x80000000) via UTCB@0xdff00000 -> res=0x1
[L4_MapControl] space=0x80000100 control=0x80000000 modify count=1
  [ctl 0] whole-space op: va=0xb0d00000 phys=0x160000000 size=4294967296 rwx=2 -> address-space control (flush/perm), no RAM map
[Syscall] L4_MapControl(sid=0x80000100, ctrl=0x80000000) via UTCB@0xdff00000 -> res=0x1
  [Cycle 2420] Core0(ARM11): pc=0xb000d6b8 insns=545394 (ok) | Core1(ARM9): pc=0xf0017890 insns=24210000 (ok)
[L4_MapControl] space=0x80000100 control=0x80000000 modify count=1
  [ctl 0] whole-space op: va=0xb0d00000 phys=0x160000000 size=4294967296 rwx=2 -> address-space control (flush/perm), no RAM map
[Syscall] L4_MapControl(sid=0x80000100, ctrl=0x80000000) via UTCB@0xdff00000 -> res=0x1
[L4_MapControl] space=0x80000100 control=0x80000000 modify count=1
  [ctl 0] whole-space op: va=0xb0d00000 phys=0x160000000 size=4294967296 rwx=2 -> address-space control (flush/perm), no RAM map
[Syscall] L4_MapControl(sid=0x80000100, ctrl=0x80000000) via UTCB@0xdff00000 -> res=0x1
[L4_MapControl] space=0x80000100 control=0x80000000 modify count=1
  [ctl 0] whole-space op: va=0xb0d00000 phys=0x160000000 size=4294967296 rwx=2 -> address-space control (flush/perm), no RAM map
[Syscall] L4_MapControl(sid=0x80000100, ctrl=0x80000000) via UTCB@0xdff00000 -> res=0x1
[L4_MapControl] space=0x80000100 control=0x80000000 modify count=1
  [ctl 0] whole-space op: va=0xb0d00000 phys=0x160000000 size=4294967296 rwx=2 -> address-space control (flush/perm), no RAM map
[Syscall] L4_MapControl(sid=0x80000100, ctrl=0x80000000) via UTCB@0xdff00000 -> res=0x1
[L4_MapControl] space=0x80000100 control=0x80000000 modify count=1
  [ctl 0] whole-space op: va=0xb0d00000 phys=0x160000000 size=4294967296 rwx=2 -> address-space control (flush/perm), no RAM map
[Syscall] L4_MapControl(sid=0x80000100, ctrl=0x80000000) via UTCB@0xdff00000 -> res=0x1
[L4_MapControl] space=0x80000100 control=0x80000000 modify count=1
  [ctl 0] whole-space op: va=0xb0d00000 phys=0x160000000 size=4294967296 rwx=2 -> address-space control (flush/perm), no RAM map
[Syscall] L4_MapControl(sid=0x80000100, ctrl=0x80000000) via UTCB@0xdff00000 -> res=0x1
[L4_MapControl] space=0x80000100 control=0x80000000 modify count=1
  [ctl 0] whole-space op: va=0xb0d00000 phys=0x160000000 size=4294967296 rwx=2 -> address-space control (flush/perm), no RAM map
[Syscall] L4_MapControl(sid=0x80000100, ctrl=0x80000000) via UTCB@0xdff00000 -> res=0x1
[L4_MapControl] space=0x80000100 control=0x80000000 modify count=1
  [ctl 0] whole-space op: va=0xb0d00000 phys=0x160000000 size=4294967296 rwx=2 -> address-space control (flush/perm), no RAM map
[Syscall] L4_MapControl(sid=0x80000100, ctrl=0x80000000) via UTCB@0xdff00000 -> res=0x1
[L4_MapControl] space=0x80000100 control=0x80000000 modify count=1
  [ctl 0] whole-space op: va=0xb0d00000 phys=0x160000000 size=4294967296 rwx=2 -> address-space control (flush/perm), no RAM map
[Syscall] L4_MapControl(sid=0x80000100, ctrl=0x80000000) via UTCB@0xdff00000 -> res=0x1
[L4_MapControl] space=0x80000100 control=0x80000000 modify count=1
  [ctl 0] whole-space op: va=0xb0d00000 phys=0x160000000 size=4294967296 rwx=2 -> address-space control (flush/perm), no RAM map
[Syscall] L4_MapControl(sid=0x80000100, ctrl=0x80000000) via UTCB@0xdff00000 -> res=0x1
  [Cycle 2430] Core0(ARM11): pc=0xb000d6b8 insns=546734 (ok) | Core1(ARM9): pc=0xf0017890 insns=24310000 (ok)
[L4_MapControl] space=0x80000100 control=0x80000000 modify count=1
  [ctl 0] whole-space op: va=0xb0d00000 phys=0x160000000 size=4294967296 rwx=2 -> address-space control (flush/perm), no RAM map
[Syscall] L4_MapControl(sid=0x80000100, ctrl=0x80000000) via UTCB@0xdff00000 -> res=0x1
[L4_MapControl] space=0x80000100 control=0x80000000 modify count=1
  [ctl 0] whole-space op: va=0xb0d00000 phys=0x160000000 size=4294967296 rwx=2 -> address-space control (flush/perm), no RAM map
[Syscall] L4_MapControl(sid=0x80000100, ctrl=0x80000000) via UTCB@0xdff00000 -> res=0x1
[L4_MapControl] space=0x80000100 control=0x80000000 modify count=1
  [ctl 0] whole-space op: va=0xb0d00000 phys=0x160000000 size=4294967296 rwx=2 -> address-space control (flush/perm), no RAM map
[Syscall] L4_MapControl(sid=0x80000100, ctrl=0x80000000) via UTCB@0xdff00000 -> res=0x1
[L4_MapControl] space=0x80000100 control=0x80000000 modify count=1
  [ctl 0] whole-space op: va=0xb0d00000 phys=0x160000000 size=4294967296 rwx=2 -> address-space control (flush/perm), no RAM map
[Syscall] L4_MapControl(sid=0x80000100, ctrl=0x80000000) via UTCB@0xdff00000 -> res=0x1
[L4_MapControl] space=0x80000100 control=0x80000000 modify count=1
  [ctl 0] whole-space op: va=0xb0d00000 phys=0x160000000 size=4294967296 rwx=2 -> address-space control (flush/perm), no RAM map
[Syscall] L4_MapControl(sid=0x80000100, ctrl=0x80000000) via UTCB@0xdff00000 -> res=0x1
[L4_MapControl] space=0x80000100 control=0x80000000 modify count=1
  [ctl 0] whole-space op: va=0xb0d00000 phys=0x160000000 size=4294967296 rwx=2 -> address-space control (flush/perm), no RAM map
[Syscall] L4_MapControl(sid=0x80000100, ctrl=0x80000000) via UTCB@0xdff00000 -> res=0x1
[L4_MapControl] space=0x80000100 control=0x80000000 modify count=1
  [ctl 0] whole-space op: va=0xb0d00000 phys=0x160000000 size=4294967296 rwx=2 -> address-space control (flush/perm), no RAM map
[Syscall] L4_MapControl(sid=0x80000100, ctrl=0x80000000) via UTCB@0xdff00000 -> res=0x1
[L4_MapControl] space=0x80000100 control=0x80000000 modify count=1
  [ctl 0] whole-space op: va=0xb0d00000 phys=0x160000000 size=4294967296 rwx=2 -> address-space control (flush/perm), no RAM map
[Syscall] L4_MapControl(sid=0x80000100, ctrl=0x80000000) via UTCB@0xdff00000 -> res=0x1
[L4_MapControl] space=0x80000100 control=0x80000000 modify count=1
  [ctl 0] whole-space op: va=0xb0d00000 phys=0x160000000 size=4294967296 rwx=2 -> address-space control (flush/perm), no RAM map
[Syscall] L4_MapControl(sid=0x80000100, ctrl=0x80000000) via UTCB@0xdff00000 -> res=0x1
[L4_MapControl] space=0x80000100 control=0x80000000 modify count=1
  [ctl 0] whole-space op: va=0xb0d00000 phys=0x160000000 size=4294967296 rwx=2 -> address-space control (flush/perm), no RAM map
[Syscall] L4_MapControl(sid=0x80000100, ctrl=0x80000000) via UTCB@0xdff00000 -> res=0x1
  [Cycle 2440] Core0(ARM11): pc=0xb000d6b8 insns=548074 (ok) | Core1(ARM9): pc=0xf0017890 insns=24410000 (ok)
[L4_MapControl] space=0x80000100 control=0x80000000 modify count=1
  [ctl 0] whole-space op: va=0xb0d00000 phys=0x160000000 size=4294967296 rwx=2 -> address-space control (flush/perm), no RAM map
[Syscall] L4_MapControl(sid=0x80000100, ctrl=0x80000000) via UTCB@0xdff00000 -> res=0x1
[L4_MapControl] space=0x80000100 control=0x80000000 modify count=1
  [ctl 0] whole-space op: va=0xb0d00000 phys=0x160000000 size=4294967296 rwx=2 -> address-space control (flush/perm), no RAM map
[Syscall] L4_MapControl(sid=0x80000100, ctrl=0x80000000) via UTCB@0xdff00000 -> res=0x1
[L4_MapControl] space=0x80000100 control=0x80000000 modify count=1
  [ctl 0] whole-space op: va=0xb0d00000 phys=0x160000000 size=4294967296 rwx=2 -> address-space control (flush/perm), no RAM map
[Syscall] L4_MapControl(sid=0x80000100, ctrl=0x80000000) via UTCB@0xdff00000 -> res=0x1
[L4_MapControl] space=0x80000100 control=0x80000000 modify count=1
  [ctl 0] whole-space op: va=0xb0d00000 phys=0x160000000 size=4294967296 rwx=2 -> address-space control (flush/perm), no RAM map
[Syscall] L4_MapControl(sid=0x80000100, ctrl=0x80000000) via UTCB@0xdff00000 -> res=0x1
[L4_MapControl] space=0x80000100 control=0x80000000 modify count=1
  [ctl 0] whole-space op: va=0xb0d00000 phys=0x160000000 size=4294967296 rwx=2 -> address-space control (flush/perm), no RAM map
[Syscall] L4_MapControl(sid=0x80000100, ctrl=0x80000000) via UTCB@0xdff00000 -> res=0x1
[L4_MapControl] space=0x80000100 control=0x80000000 modify count=1
  [ctl 0] whole-space op: va=0xb0d00000 phys=0x160000000 size=4294967296 rwx=2 -> address-space control (flush/perm), no RAM map
[Syscall] L4_MapControl(sid=0x80000100, ctrl=0x80000000) via UTCB@0xdff00000 -> res=0x1
[L4_MapControl] space=0x80000100 control=0x80000000 modify count=1
  [ctl 0] whole-space op: va=0xb0d00000 phys=0x160000000 size=4294967296 rwx=2 -> address-space control (flush/perm), no RAM map
[Syscall] L4_MapControl(sid=0x80000100, ctrl=0x80000000) via UTCB@0xdff00000 -> res=0x1
[L4_MapControl] space=0x80000100 control=0x80000000 modify count=1
  [ctl 0] whole-space op: va=0xb0d00000 phys=0x160000000 size=4294967296 rwx=2 -> address-space control (flush/perm), no RAM map
[Syscall] L4_MapControl(sid=0x80000100, ctrl=0x80000000) via UTCB@0xdff00000 -> res=0x1
[L4_MapControl] space=0x80000100 control=0x80000000 modify count=1
  [ctl 0] whole-space op: va=0xb0d00000 phys=0x160000000 size=4294967296 rwx=2 -> address-space control (flush/perm), no RAM map
[Syscall] L4_MapControl(sid=0x80000100, ctrl=0x80000000) via UTCB@0xdff00000 -> res=0x1
[L4_MapControl] space=0x80000100 control=0x80000000 modify count=1
  [ctl 0] whole-space op: va=0xb0d00000 phys=0x160000000 size=4294967296 rwx=2 -> address-space control (flush/perm), no RAM map
[Syscall] L4_MapControl(sid=0x80000100, ctrl=0x80000000) via UTCB@0xdff00000 -> res=0x1
  [Cycle 2450] Core0(ARM11): pc=0xb000d6b8 insns=549414 (ok) | Core1(ARM9): pc=0xf0017890 insns=24510000 (ok)
[L4_MapControl] space=0x80000100 control=0x80000000 modify count=1
  [ctl 0] whole-space op: va=0xb0d00000 phys=0x160000000 size=4294967296 rwx=2 -> address-space control (flush/perm), no RAM map
[Syscall] L4_MapControl(sid=0x80000100, ctrl=0x80000000) via UTCB@0xdff00000 -> res=0x1
[L4_MapControl] space=0x80000100 control=0x80000000 modify count=1
  [ctl 0] whole-space op: va=0xb0d00000 phys=0x160000000 size=4294967296 rwx=2 -> address-space control (flush/perm), no RAM map
[Syscall] L4_MapControl(sid=0x80000100, ctrl=0x80000000) via UTCB@0xdff00000 -> res=0x1
[L4_MapControl] space=0x80000100 control=0x80000000 modify count=1
  [ctl 0] whole-space op: va=0xb0d00000 phys=0x160000000 size=4294967296 rwx=2 -> address-space control (flush/perm), no RAM map
[Syscall] L4_MapControl(sid=0x80000100, ctrl=0x80000000) via UTCB@0xdff00000 -> res=0x1
[L4_MapControl] space=0x80000100 control=0x80000000 modify count=1
  [ctl 0] whole-space op: va=0xb0d00000 phys=0x160000000 size=4294967296 rwx=2 -> address-space control (flush/perm), no RAM map
[Syscall] L4_MapControl(sid=0x80000100, ctrl=0x80000000) via UTCB@0xdff00000 -> res=0x1
[L4_MapControl] space=0x80000100 control=0x80000000 modify count=1
  [ctl 0] whole-space op: va=0xb0d00000 phys=0x160000000 size=4294967296 rwx=2 -> address-space control (flush/perm), no RAM map
[Syscall] L4_MapControl(sid=0x80000100, ctrl=0x80000000) via UTCB@0xdff00000 -> res=0x1
[L4_MapControl] space=0x80000100 control=0x80000000 modify count=1
  [ctl 0] whole-space op: va=0xb0d00000 phys=0x160000000 size=4294967296 rwx=2 -> address-space control (flush/perm), no RAM map
[Syscall] L4_MapControl(sid=0x80000100, ctrl=0x80000000) via UTCB@0xdff00000 -> res=0x1
[L4_MapControl] space=0x80000100 control=0x80000000 modify count=1
  [ctl 0] whole-space op: va=0xb0d00000 phys=0x160000000 size=4294967296 rwx=2 -> address-space control (flush/perm), no RAM map
[Syscall] L4_MapControl(sid=0x80000100, ctrl=0x80000000) via UTCB@0xdff00000 -> res=0x1
[L4_MapControl] space=0x80000100 control=0x80000000 modify count=1
  [ctl 0] whole-space op: va=0xb0d00000 phys=0x160000000 size=4294967296 rwx=2 -> address-space control (flush/perm), no RAM map
[Syscall] L4_MapControl(sid=0x80000100, ctrl=0x80000000) via UTCB@0xdff00000 -> res=0x1
[L4_MapControl] space=0x80000100 control=0x80000000 modify count=1
  [ctl 0] whole-space op: va=0xb0d00000 phys=0x160000000 size=4294967296 rwx=2 -> address-space control (flush/perm), no RAM map
[Syscall] L4_MapControl(sid=0x80000100, ctrl=0x80000000) via UTCB@0xdff00000 -> res=0x1
[L4_MapControl] space=0x80000100 control=0x80000000 modify count=1
  [ctl 0] whole-space op: va=0xb0d00000 phys=0x160000000 size=4294967296 rwx=2 -> address-space control (flush/perm), no RAM map
[Syscall] L4_MapControl(sid=0x80000100, ctrl=0x80000000) via UTCB@0xdff00000 -> res=0x1
  [Cycle 2460] Core0(ARM11): pc=0xb000d6b8 insns=550754 (ok) | Core1(ARM9): pc=0xf0017890 insns=24610000 (ok)
[L4_MapControl] space=0x80000100 control=0x80000000 modify count=1
  [ctl 0] whole-space op: va=0xb0d00000 phys=0x160000000 size=4294967296 rwx=2 -> address-space control (flush/perm), no RAM map
[Syscall] L4_MapControl(sid=0x80000100, ctrl=0x80000000) via UTCB@0xdff00000 -> res=0x1
[L4_MapControl] space=0x80000100 control=0x80000000 modify count=1
  [ctl 0] whole-space op: va=0xb0d00000 phys=0x160000000 size=4294967296 rwx=2 -> address-space control (flush/perm), no RAM map
[Syscall] L4_MapControl(sid=0x80000100, ctrl=0x80000000) via UTCB@0xdff00000 -> res=0x1
[L4_MapControl] space=0x80000100 control=0x80000000 modify count=1
  [ctl 0] whole-space op: va=0xb0d00000 phys=0x160000000 size=4294967296 rwx=2 -> address-space control (flush/perm), no RAM map
[Syscall] L4_MapControl(sid=0x80000100, ctrl=0x80000000) via UTCB@0xdff00000 -> res=0x1
[L4_MapControl] space=0x80000100 control=0x80000000 modify count=1
  [ctl 0] whole-space op: va=0xb0d00000 phys=0x160000000 size=4294967296 rwx=2 -> address-space control (flush/perm), no RAM map
[Syscall] L4_MapControl(sid=0x80000100, ctrl=0x80000000) via UTCB@0xdff00000 -> res=0x1
[L4_MapControl] space=0x80000100 control=0x80000000 modify count=1
  [ctl 0] whole-space op: va=0xb0d00000 phys=0x160000000 size=4294967296 rwx=2 -> address-space control (flush/perm), no RAM map
[Syscall] L4_MapControl(sid=0x80000100, ctrl=0x80000000) via UTCB@0xdff00000 -> res=0x1
[L4_MapControl] space=0x80000100 control=0x80000000 modify count=1
  [ctl 0] whole-space op: va=0xb0d00000 phys=0x160000000 size=4294967296 rwx=2 -> address-space control (flush/perm), no RAM map
[Syscall] L4_MapControl(sid=0x80000100, ctrl=0x80000000) via UTCB@0xdff00000 -> res=0x1
[L4_MapControl] space=0x80000100 control=0x80000000 modify count=1
  [ctl 0] whole-space op: va=0xb0d00000 phys=0x160000000 size=4294967296 rwx=2 -> address-space control (flush/perm), no RAM map
[Syscall] L4_MapControl(sid=0x80000100, ctrl=0x80000000) via UTCB@0xdff00000 -> res=0x1
[L4_MapControl] space=0x80000100 control=0x80000000 modify count=1
  [ctl 0] whole-space op: va=0xb0d00000 phys=0x160000000 size=4294967296 rwx=2 -> address-space control (flush/perm), no RAM map
[Syscall] L4_MapControl(sid=0x80000100, ctrl=0x80000000) via UTCB@0xdff00000 -> res=0x1
[L4_MapControl] space=0x80000100 control=0x80000000 modify count=1
  [ctl 0] whole-space op: va=0xb0d00000 phys=0x160000000 size=4294967296 rwx=2 -> address-space control (flush/perm), no RAM map
[Syscall] L4_MapControl(sid=0x80000100, ctrl=0x80000000) via UTCB@0xdff00000 -> res=0x1
[L4_MapControl] space=0x80000100 control=0x80000000 modify count=1
  [ctl 0] whole-space op: va=0xb0d00000 phys=0x160000000 size=4294967296 rwx=2 -> address-space control (flush/perm), no RAM map
[Syscall] L4_MapControl(sid=0x80000100, ctrl=0x80000000) via UTCB@0xdff00000 -> res=0x1
  [Cycle 2470] Core0(ARM11): pc=0xb000d6b8 insns=552094 (ok) | Core1(ARM9): pc=0xf0017890 insns=24710000 (ok)
[L4_MapControl] space=0x80000100 control=0x80000000 modify count=1
  [ctl 0] whole-space op: va=0xb0d00000 phys=0x160000000 size=4294967296 rwx=2 -> address-space control (flush/perm), no RAM map
[Syscall] L4_MapControl(sid=0x80000100, ctrl=0x80000000) via UTCB@0xdff00000 -> res=0x1
[L4_MapControl] space=0x80000100 control=0x80000000 modify count=1
  [ctl 0] whole-space op: va=0xb0d00000 phys=0x160000000 size=4294967296 rwx=2 -> address-space control (flush/perm), no RAM map
[Syscall] L4_MapControl(sid=0x80000100, ctrl=0x80000000) via UTCB@0xdff00000 -> res=0x1
[L4_MapControl] space=0x80000100 control=0x80000000 modify count=1
  [ctl 0] whole-space op: va=0xb0d00000 phys=0x160000000 size=4294967296 rwx=2 -> address-space control (flush/perm), no RAM map
[Syscall] L4_MapControl(sid=0x80000100, ctrl=0x80000000) via UTCB@0xdff00000 -> res=0x1
[L4_MapControl] space=0x80000100 control=0x80000000 modify count=1
  [ctl 0] whole-space op: va=0xb0d00000 phys=0x160000000 size=4294967296 rwx=2 -> address-space control (flush/perm), no RAM map
[Syscall] L4_MapControl(sid=0x80000100, ctrl=0x80000000) via UTCB@0xdff00000 -> res=0x1
[L4_MapControl] space=0x80000100 control=0x80000000 modify count=1
  [ctl 0] whole-space op: va=0xb0d00000 phys=0x160000000 size=4294967296 rwx=2 -> address-space control (flush/perm), no RAM map
[Syscall] L4_MapControl(sid=0x80000100, ctrl=0x80000000) via UTCB@0xdff00000 -> res=0x1
[L4_MapControl] space=0x80000100 control=0x80000000 modify count=1
  [ctl 0] whole-space op: va=0xb0d00000 phys=0x160000000 size=4294967296 rwx=2 -> address-space control (flush/perm), no RAM map
[Syscall] L4_MapControl(sid=0x80000100, ctrl=0x80000000) via UTCB@0xdff00000 -> res=0x1
[L4_MapControl] space=0x80000100 control=0x80000000 modify count=1
  [ctl 0] whole-space op: va=0xb0d00000 phys=0x160000000 size=4294967296 rwx=2 -> address-space control (flush/perm), no RAM map
[Syscall] L4_MapControl(sid=0x80000100, ctrl=0x80000000) via UTCB@0xdff00000 -> res=0x1
[L4_MapControl] space=0x80000100 control=0x80000000 modify count=1
  [ctl 0] whole-space op: va=0xb0d00000 phys=0x160000000 size=4294967296 rwx=2 -> address-space control (flush/perm), no RAM map
[Syscall] L4_MapControl(sid=0x80000100, ctrl=0x80000000) via UTCB@0xdff00000 -> res=0x1
[L4_MapControl] space=0x80000100 control=0x80000000 modify count=1
  [ctl 0] whole-space op: va=0xb0d00000 phys=0x160000000 size=4294967296 rwx=2 -> address-space control (flush/perm), no RAM map
[Syscall] L4_MapControl(sid=0x80000100, ctrl=0x80000000) via UTCB@0xdff00000 -> res=0x1
[L4_MapControl] space=0x80000100 control=0x80000000 modify count=1
  [ctl 0] whole-space op: va=0xb0d00000 phys=0x160000000 size=4294967296 rwx=2 -> address-space control (flush/perm), no RAM map
[Syscall] L4_MapControl(sid=0x80000100, ctrl=0x80000000) via UTCB@0xdff00000 -> res=0x1
  [Cycle 2480] Core0(ARM11): pc=0xb000d6b8 insns=553434 (ok) | Core1(ARM9): pc=0xf0017890 insns=24810000 (ok)
[L4_MapControl] space=0x80000100 control=0x80000000 modify count=1
  [ctl 0] whole-space op: va=0xb0d00000 phys=0x160000000 size=4294967296 rwx=2 -> address-space control (flush/perm), no RAM map
[Syscall] L4_MapControl(sid=0x80000100, ctrl=0x80000000) via UTCB@0xdff00000 -> res=0x1
[L4_MapControl] space=0x80000100 control=0x80000000 modify count=1
  [ctl 0] whole-space op: va=0xb0d00000 phys=0x160000000 size=4294967296 rwx=2 -> address-space control (flush/perm), no RAM map
[Syscall] L4_MapControl(sid=0x80000100, ctrl=0x80000000) via UTCB@0xdff00000 -> res=0x1
[L4_MapControl] space=0x80000100 control=0x80000000 modify count=1
  [ctl 0] whole-space op: va=0xb0d00000 phys=0x160000000 size=4294967296 rwx=2 -> address-space control (flush/perm), no RAM map
[Syscall] L4_MapControl(sid=0x80000100, ctrl=0x80000000) via UTCB@0xdff00000 -> res=0x1
[L4_MapControl] space=0x80000100 control=0x80000000 modify count=1
  [ctl 0] whole-space op: va=0xb0d00000 phys=0x160000000 size=4294967296 rwx=2 -> address-space control (flush/perm), no RAM map
[Syscall] L4_MapControl(sid=0x80000100, ctrl=0x80000000) via UTCB@0xdff00000 -> res=0x1
[L4_MapControl] space=0x80000100 control=0x80000000 modify count=1
  [ctl 0] whole-space op: va=0xb0d00000 phys=0x160000000 size=4294967296 rwx=2 -> address-space control (flush/perm), no RAM map
[Syscall] L4_MapControl(sid=0x80000100, ctrl=0x80000000) via UTCB@0xdff00000 -> res=0x1
[L4_MapControl] space=0x80000100 control=0x80000000 modify count=1
  [ctl 0] whole-space op: va=0xb0d00000 phys=0x160000000 size=4294967296 rwx=2 -> address-space control (flush/perm), no RAM map
[Syscall] L4_MapControl(sid=0x80000100, ctrl=0x80000000) via UTCB@0xdff00000 -> res=0x1
[L4_MapControl] space=0x80000100 control=0x80000000 modify count=1
  [ctl 0] whole-space op: va=0xb0d00000 phys=0x160000000 size=4294967296 rwx=2 -> address-space control (flush/perm), no RAM map
[Syscall] L4_MapControl(sid=0x80000100, ctrl=0x80000000) via UTCB@0xdff00000 -> res=0x1
[L4_MapControl] space=0x80000100 control=0x80000000 modify count=1
  [ctl 0] whole-space op: va=0xb0d00000 phys=0x160000000 size=4294967296 rwx=2 -> address-space control (flush/perm), no RAM map
[Syscall] L4_MapControl(sid=0x80000100, ctrl=0x80000000) via UTCB@0xdff00000 -> res=0x1
[L4_MapControl] space=0x80000100 control=0x80000000 modify count=1
  [ctl 0] whole-space op: va=0xb0d00000 phys=0x160000000 size=4294967296 rwx=2 -> address-space control (flush/perm), no RAM map
[Syscall] L4_MapControl(sid=0x80000100, ctrl=0x80000000) via UTCB@0xdff00000 -> res=0x1
[L4_MapControl] space=0x80000100 control=0x80000000 modify count=1
  [ctl 0] whole-space op: va=0xb0d00000 phys=0x160000000 size=4294967296 rwx=2 -> address-space control (flush/perm), no RAM map
[Syscall] L4_MapControl(sid=0x80000100, ctrl=0x80000000) via UTCB@0xdff00000 -> res=0x1
  [Cycle 2490] Core0(ARM11): pc=0xb000d6b8 insns=554774 (ok) | Core1(ARM9): pc=0xf0017890 insns=24910000 (ok)
[L4_MapControl] space=0x80000100 control=0x80000000 modify count=1
  [ctl 0] whole-space op: va=0xb0d00000 phys=0x160000000 size=4294967296 rwx=2 -> address-space control (flush/perm), no RAM map
[Syscall] L4_MapControl(sid=0x80000100, ctrl=0x80000000) via UTCB@0xdff00000 -> res=0x1
[L4_MapControl] space=0x80000100 control=0x80000000 modify count=1
  [ctl 0] whole-space op: va=0xb0d00000 phys=0x160000000 size=4294967296 rwx=2 -> address-space control (flush/perm), no RAM map
[Syscall] L4_MapControl(sid=0x80000100, ctrl=0x80000000) via UTCB@0xdff00000 -> res=0x1
[L4_MapControl] space=0x80000100 control=0x80000000 modify count=1
  [ctl 0] whole-space op: va=0xb0d00000 phys=0x160000000 size=4294967296 rwx=2 -> address-space control (flush/perm), no RAM map
[Syscall] L4_MapControl(sid=0x80000100, ctrl=0x80000000) via UTCB@0xdff00000 -> res=0x1
[L4_MapControl] space=0x80000100 control=0x80000000 modify count=1
  [ctl 0] whole-space op: va=0xb0d00000 phys=0x160000000 size=4294967296 rwx=2 -> address-space control (flush/perm), no RAM map
[Syscall] L4_MapControl(sid=0x80000100, ctrl=0x80000000) via UTCB@0xdff00000 -> res=0x1
[L4_MapControl] space=0x80000100 control=0x80000000 modify count=1
  [ctl 0] whole-space op: va=0xb0d00000 phys=0x160000000 size=4294967296 rwx=2 -> address-space control (flush/perm), no RAM map
[Syscall] L4_MapControl(sid=0x80000100, ctrl=0x80000000) via UTCB@0xdff00000 -> res=0x1
[L4_MapControl] space=0x80000100 control=0x80000000 modify count=1
  [ctl 0] whole-space op: va=0xb0d00000 phys=0x160000000 size=4294967296 rwx=2 -> address-space control (flush/perm), no RAM map
[Syscall] L4_MapControl(sid=0x80000100, ctrl=0x80000000) via UTCB@0xdff00000 -> res=0x1
[L4_MapControl] space=0x80000100 control=0x80000000 modify count=1
  [ctl 0] whole-space op: va=0xb0d00000 phys=0x160000000 size=4294967296 rwx=2 -> address-space control (flush/perm), no RAM map
[Syscall] L4_MapControl(sid=0x80000100, ctrl=0x80000000) via UTCB@0xdff00000 -> res=0x1
[L4_MapControl] space=0x80000100 control=0x80000000 modify count=1
  [ctl 0] whole-space op: va=0xb0d00000 phys=0x160000000 size=4294967296 rwx=2 -> address-space control (flush/perm), no RAM map
[Syscall] L4_MapControl(sid=0x80000100, ctrl=0x80000000) via UTCB@0xdff00000 -> res=0x1
[L4_MapControl] space=0x80000100 control=0x80000000 modify count=1
  [ctl 0] whole-space op: va=0xb0d00000 phys=0x160000000 size=4294967296 rwx=2 -> address-space control (flush/perm), no RAM map
[Syscall] L4_MapControl(sid=0x80000100, ctrl=0x80000000) via UTCB@0xdff00000 -> res=0x1
[L4_MapControl] space=0x80000100 control=0x80000000 modify count=1
  [ctl 0] whole-space op: va=0xb0d00000 phys=0x160000000 size=4294967296 rwx=2 -> address-space control (flush/perm), no RAM map
[Syscall] L4_MapControl(sid=0x80000100, ctrl=0x80000000) via UTCB@0xdff00000 -> res=0x1
  [Cycle 2500] Core0(ARM11): pc=0xb000d6b8 insns=556114 (ok) | Core1(ARM9): pc=0xf0017890 insns=25010000 (ok)
[L4_MapControl] space=0x80000100 control=0x80000000 modify count=1
  [ctl 0] whole-space op: va=0xb0d00000 phys=0x160000000 size=4294967296 rwx=2 -> address-space control (flush/perm), no RAM map
[Syscall] L4_MapControl(sid=0x80000100, ctrl=0x80000000) via UTCB@0xdff00000 -> res=0x1
[L4_MapControl] space=0x80000100 control=0x80000000 modify count=1
  [ctl 0] whole-space op: va=0xb0d00000 phys=0x160000000 size=4294967296 rwx=2 -> address-space control (flush/perm), no RAM map
[Syscall] L4_MapControl(sid=0x80000100, ctrl=0x80000000) via UTCB@0xdff00000 -> res=0x1
[L4_MapControl] space=0x80000100 control=0x80000000 modify count=1
  [ctl 0] whole-space op: va=0xb0d00000 phys=0x160000000 size=4294967296 rwx=2 -> address-space control (flush/perm), no RAM map
[Syscall] L4_MapControl(sid=0x80000100, ctrl=0x80000000) via UTCB@0xdff00000 -> res=0x1
[L4_MapControl] space=0x80000100 control=0x80000000 modify count=1
  [ctl 0] whole-space op: va=0xb0d00000 phys=0x160000000 size=4294967296 rwx=2 -> address-space control (flush/perm), no RAM map
[Syscall] L4_MapControl(sid=0x80000100, ctrl=0x80000000) via UTCB@0xdff00000 -> res=0x1
[L4_MapControl] space=0x80000100 control=0x80000000 modify count=1
  [ctl 0] whole-space op: va=0xb0d00000 phys=0x160000000 size=4294967296 rwx=2 -> address-space control (flush/perm), no RAM map
[Syscall] L4_MapControl(sid=0x80000100, ctrl=0x80000000) via UTCB@0xdff00000 -> res=0x1
[L4_MapControl] space=0x80000100 control=0x80000000 modify count=1
  [ctl 0] whole-space op: va=0xb0d00000 phys=0x160000000 size=4294967296 rwx=2 -> address-space control (flush/perm), no RAM map
[Syscall] L4_MapControl(sid=0x80000100, ctrl=0x80000000) via UTCB@0xdff00000 -> res=0x1
[L4_MapControl] space=0x80000100 control=0x80000000 modify count=1
  [ctl 0] whole-space op: va=0xb0d00000 phys=0x160000000 size=4294967296 rwx=2 -> address-space control (flush/perm), no RAM map
[Syscall] L4_MapControl(sid=0x80000100, ctrl=0x80000000) via UTCB@0xdff00000 -> res=0x1
[L4_MapControl] space=0x80000100 control=0x80000000 modify count=1
  [ctl 0] whole-space op: va=0xb0d00000 phys=0x160000000 size=4294967296 rwx=2 -> address-space control (flush/perm), no RAM map
[Syscall] L4_MapControl(sid=0x80000100, ctrl=0x80000000) via UTCB@0xdff00000 -> res=0x1
[L4_MapControl] space=0x80000100 control=0x80000000 modify count=1
  [ctl 0] whole-space op: va=0xb0d00000 phys=0x160000000 size=4294967296 rwx=2 -> address-space control (flush/perm), no RAM map
[Syscall] L4_MapControl(sid=0x80000100, ctrl=0x80000000) via UTCB@0xdff00000 -> res=0x1
[L4_MapControl] space=0x80000100 control=0x80000000 modify count=1
  [ctl 0] whole-space op: va=0xb0d00000 phys=0x160000000 size=4294967296 rwx=2 -> address-space control (flush/perm), no RAM map
[Syscall] L4_MapControl(sid=0x80000100, ctrl=0x80000000) via UTCB@0xdff00000 -> res=0x1
  [Cycle 2510] Core0(ARM11): pc=0xb000d6b8 insns=557454 (ok) | Core1(ARM9): pc=0xf0017890 insns=25110000 (ok)
[L4_MapControl] space=0x80000100 control=0x80000000 modify count=1
  [ctl 0] whole-space op: va=0xb0d00000 phys=0x160000000 size=4294967296 rwx=2 -> address-space control (flush/perm), no RAM map
[Syscall] L4_MapControl(sid=0x80000100, ctrl=0x80000000) via UTCB@0xdff00000 -> res=0x1
[L4_MapControl] space=0x80000100 control=0x80000000 modify count=1
  [ctl 0] whole-space op: va=0xb0d00000 phys=0x160000000 size=4294967296 rwx=2 -> address-space control (flush/perm), no RAM map
[Syscall] L4_MapControl(sid=0x80000100, ctrl=0x80000000) via UTCB@0xdff00000 -> res=0x1
[L4_MapControl] space=0x80000100 control=0x80000000 modify count=1
  [ctl 0] whole-space op: va=0xb0d00000 phys=0x160000000 size=4294967296 rwx=2 -> address-space control (flush/perm), no RAM map
[Syscall] L4_MapControl(sid=0x80000100, ctrl=0x80000000) via UTCB@0xdff00000 -> res=0x1
[L4_MapControl] space=0x80000100 control=0x80000000 modify count=1
  [ctl 0] whole-space op: va=0xb0d00000 phys=0x160000000 size=4294967296 rwx=2 -> address-space control (flush/perm), no RAM map
[Syscall] L4_MapControl(sid=0x80000100, ctrl=0x80000000) via UTCB@0xdff00000 -> res=0x1
[L4_MapControl] space=0x80000100 control=0x80000000 modify count=1
  [ctl 0] whole-space op: va=0xb0d00000 phys=0x160000000 size=4294967296 rwx=2 -> address-space control (flush/perm), no RAM map
[Syscall] L4_MapControl(sid=0x80000100, ctrl=0x80000000) via UTCB@0xdff00000 -> res=0x1
[L4_MapControl] space=0x80000100 control=0x80000000 modify count=1
  [ctl 0] whole-space op: va=0xb0d00000 phys=0x160000000 size=4294967296 rwx=2 -> address-space control (flush/perm), no RAM map
[Syscall] L4_MapControl(sid=0x80000100, ctrl=0x80000000) via UTCB@0xdff00000 -> res=0x1
[L4_MapControl] space=0x80000100 control=0x80000000 modify count=1
  [ctl 0] whole-space op: va=0xb0d00000 phys=0x160000000 size=4294967296 rwx=2 -> address-space control (flush/perm), no RAM map
[Syscall] L4_MapControl(sid=0x80000100, ctrl=0x80000000) via UTCB@0xdff00000 -> res=0x1
[L4_MapControl] space=0x80000100 control=0x80000000 modify count=1
  [ctl 0] whole-space op: va=0xb0d00000 phys=0x160000000 size=4294967296 rwx=2 -> address-space control (flush/perm), no RAM map
[Syscall] L4_MapControl(sid=0x80000100, ctrl=0x80000000) via UTCB@0xdff00000 -> res=0x1
[L4_MapControl] space=0x80000100 control=0x80000000 modify count=1
  [ctl 0] whole-space op: va=0xb0d00000 phys=0x160000000 size=4294967296 rwx=2 -> address-space control (flush/perm), no RAM map
[Syscall] L4_MapControl(sid=0x80000100, ctrl=0x80000000) via UTCB@0xdff00000 -> res=0x1
[L4_MapControl] space=0x80000100 control=0x80000000 modify count=1
  [ctl 0] whole-space op: va=0xb0d00000 phys=0x160000000 size=4294967296 rwx=2 -> address-space control (flush/perm), no RAM map
[Syscall] L4_MapControl(sid=0x80000100, ctrl=0x80000000) via UTCB@0xdff00000 -> res=0x1
  [Cycle 2520] Core0(ARM11): pc=0xb000d6b8 insns=558794 (ok) | Core1(ARM9): pc=0xf0017890 insns=25210000 (ok)
[L4_MapControl] space=0x80000100 control=0x80000000 modify count=1
  [ctl 0] whole-space op: va=0xb0d00000 phys=0x160000000 size=4294967296 rwx=2 -> address-space control (flush/perm), no RAM map
[Syscall] L4_MapControl(sid=0x80000100, ctrl=0x80000000) via UTCB@0xdff00000 -> res=0x1
[L4_MapControl] space=0x80000100 control=0x80000000 modify count=1
  [ctl 0] whole-space op: va=0xb0d00000 phys=0x160000000 size=4294967296 rwx=2 -> address-space control (flush/perm), no RAM map
[Syscall] L4_MapControl(sid=0x80000100, ctrl=0x80000000) via UTCB@0xdff00000 -> res=0x1
[L4_MapControl] space=0x80000100 control=0x80000000 modify count=1
  [ctl 0] whole-space op: va=0xb0d00000 phys=0x160000000 size=4294967296 rwx=2 -> address-space control (flush/perm), no RAM map
[Syscall] L4_MapControl(sid=0x80000100, ctrl=0x80000000) via UTCB@0xdff00000 -> res=0x1
[L4_MapControl] space=0x80000100 control=0x80000000 modify count=1
  [ctl 0] whole-space op: va=0xb0d00000 phys=0x160000000 size=4294967296 rwx=2 -> address-space control (flush/perm), no RAM map
[Syscall] L4_MapControl(sid=0x80000100, ctrl=0x80000000) via UTCB@0xdff00000 -> res=0x1
[L4_MapControl] space=0x80000100 control=0x80000000 modify count=1
  [ctl 0] whole-space op: va=0xb0d00000 phys=0x160000000 size=4294967296 rwx=2 -> address-space control (flush/perm), no RAM map
[Syscall] L4_MapControl(sid=0x80000100, ctrl=0x80000000) via UTCB@0xdff00000 -> res=0x1
[L4_MapControl] space=0x80000100 control=0x80000000 modify count=1
  [ctl 0] whole-space op: va=0xb0d00000 phys=0x160000000 size=4294967296 rwx=2 -> address-space control (flush/perm), no RAM map
[Syscall] L4_MapControl(sid=0x80000100, ctrl=0x80000000) via UTCB@0xdff00000 -> res=0x1
[L4_MapControl] space=0x80000100 control=0x80000000 modify count=1
  [ctl 0] whole-space op: va=0xb0d00000 phys=0x160000000 size=4294967296 rwx=2 -> address-space control (flush/perm), no RAM map
[Syscall] L4_MapControl(sid=0x80000100, ctrl=0x80000000) via UTCB@0xdff00000 -> res=0x1
[L4_MapControl] space=0x80000100 control=0x80000000 modify count=1
  [ctl 0] whole-space op: va=0xb0d00000 phys=0x160000000 size=4294967296 rwx=2 -> address-space control (flush/perm), no RAM map
[Syscall] L4_MapControl(sid=0x80000100, ctrl=0x80000000) via UTCB@0xdff00000 -> res=0x1
[L4_MapControl] space=0x80000100 control=0x80000000 modify count=1
  [ctl 0] whole-space op: va=0xb0d00000 phys=0x160000000 size=4294967296 rwx=2 -> address-space control (flush/perm), no RAM map
[Syscall] L4_MapControl(sid=0x80000100, ctrl=0x80000000) via UTCB@0xdff00000 -> res=0x1
[L4_MapControl] space=0x80000100 control=0x80000000 modify count=1
  [ctl 0] whole-space op: va=0xb0d00000 phys=0x160000000 size=4294967296 rwx=2 -> address-space control (flush/perm), no RAM map
[Syscall] L4_MapControl(sid=0x80000100, ctrl=0x80000000) via UTCB@0xdff00000 -> res=0x1
  [Cycle 2530] Core0(ARM11): pc=0xb000d6b8 insns=560134 (ok) | Core1(ARM9): pc=0xf0017890 insns=25310000 (ok)
[L4_MapControl] space=0x80000100 control=0x80000000 modify count=1
  [ctl 0] whole-space op: va=0xb0d00000 phys=0x160000000 size=4294967296 rwx=2 -> address-space control (flush/perm), no RAM map
[Syscall] L4_MapControl(sid=0x80000100, ctrl=0x80000000) via UTCB@0xdff00000 -> res=0x1
[L4_MapControl] space=0x80000100 control=0x80000000 modify count=1
  [ctl 0] whole-space op: va=0xb0d00000 phys=0x160000000 size=4294967296 rwx=2 -> address-space control (flush/perm), no RAM map
[Syscall] L4_MapControl(sid=0x80000100, ctrl=0x80000000) via UTCB@0xdff00000 -> res=0x1
[L4_MapControl] space=0x80000100 control=0x80000000 modify count=1
  [ctl 0] whole-space op: va=0xb0d00000 phys=0x160000000 size=4294967296 rwx=2 -> address-space control (flush/perm), no RAM map
[Syscall] L4_MapControl(sid=0x80000100, ctrl=0x80000000) via UTCB@0xdff00000 -> res=0x1
[L4_MapControl] space=0x80000100 control=0x80000000 modify count=1
  [ctl 0] whole-space op: va=0xb0d00000 phys=0x160000000 size=4294967296 rwx=2 -> address-space control (flush/perm), no RAM map
[Syscall] L4_MapControl(sid=0x80000100, ctrl=0x80000000) via UTCB@0xdff00000 -> res=0x1
[L4_MapControl] space=0x80000100 control=0x80000000 modify count=1
  [ctl 0] whole-space op: va=0xb0d00000 phys=0x160000000 size=4294967296 rwx=2 -> address-space control (flush/perm), no RAM map
[Syscall] L4_MapControl(sid=0x80000100, ctrl=0x80000000) via UTCB@0xdff00000 -> res=0x1
[L4_MapControl] space=0x80000100 control=0x80000000 modify count=1
  [ctl 0] whole-space op: va=0xb0d00000 phys=0x160000000 size=4294967296 rwx=2 -> address-space control (flush/perm), no RAM map
[Syscall] L4_MapControl(sid=0x80000100, ctrl=0x80000000) via UTCB@0xdff00000 -> res=0x1
[L4_MapControl] space=0x80000100 control=0x80000000 modify count=1
  [ctl 0] whole-space op: va=0xb0d00000 phys=0x160000000 size=4294967296 rwx=2 -> address-space control (flush/perm), no RAM map
[Syscall] L4_MapControl(sid=0x80000100, ctrl=0x80000000) via UTCB@0xdff00000 -> res=0x1
[L4_MapControl] space=0x80000100 control=0x80000000 modify count=1
  [ctl 0] whole-space op: va=0xb0d00000 phys=0x160000000 size=4294967296 rwx=2 -> address-space control (flush/perm), no RAM map
[Syscall] L4_MapControl(sid=0x80000100, ctrl=0x80000000) via UTCB@0xdff00000 -> res=0x1
[L4_MapControl] space=0x80000100 control=0x80000000 modify count=1
  [ctl 0] whole-space op: va=0xb0d00000 phys=0x160000000 size=4294967296 rwx=2 -> address-space control (flush/perm), no RAM map
[Syscall] L4_MapControl(sid=0x80000100, ctrl=0x80000000) via UTCB@0xdff00000 -> res=0x1
[L4_MapControl] space=0x80000100 control=0x80000000 modify count=1
  [ctl 0] whole-space op: va=0xb0d00000 phys=0x160000000 size=4294967296 rwx=2 -> address-space control (flush/perm), no RAM map
[Syscall] L4_MapControl(sid=0x80000100, ctrl=0x80000000) via UTCB@0xdff00000 -> res=0x1
  [Cycle 2540] Core0(ARM11): pc=0xb000d6b8 insns=561474 (ok) | Core1(ARM9): pc=0xf0017890 insns=25410000 (ok)
[L4_MapControl] space=0x80000100 control=0x80000000 modify count=1
  [ctl 0] whole-space op: va=0xb0d00000 phys=0x160000000 size=4294967296 rwx=2 -> address-space control (flush/perm), no RAM map
[Syscall] L4_MapControl(sid=0x80000100, ctrl=0x80000000) via UTCB@0xdff00000 -> res=0x1
[L4_MapControl] space=0x80000100 control=0x80000000 modify count=1
  [ctl 0] whole-space op: va=0xb0d00000 phys=0x160000000 size=4294967296 rwx=2 -> address-space control (flush/perm), no RAM map
[Syscall] L4_MapControl(sid=0x80000100, ctrl=0x80000000) via UTCB@0xdff00000 -> res=0x1
[L4_MapControl] space=0x80000100 control=0x80000000 modify count=1
  [ctl 0] whole-space op: va=0xb0d00000 phys=0x160000000 size=4294967296 rwx=2 -> address-space control (flush/perm), no RAM map
[Syscall] L4_MapControl(sid=0x80000100, ctrl=0x80000000) via UTCB@0xdff00000 -> res=0x1
[L4_MapControl] space=0x80000100 control=0x80000000 modify count=1
  [ctl 0] whole-space op: va=0xb0d00000 phys=0x160000000 size=4294967296 rwx=2 -> address-space control (flush/perm), no RAM map
[Syscall] L4_MapControl(sid=0x80000100, ctrl=0x80000000) via UTCB@0xdff00000 -> res=0x1
[L4_MapControl] space=0x80000100 control=0x80000000 modify count=1
  [ctl 0] whole-space op: va=0xb0d00000 phys=0x160000000 size=4294967296 rwx=2 -> address-space control (flush/perm), no RAM map
[Syscall] L4_MapControl(sid=0x80000100, ctrl=0x80000000) via UTCB@0xdff00000 -> res=0x1
[L4_MapControl] space=0x80000100 control=0x80000000 modify count=1
  [ctl 0] whole-space op: va=0xb0d00000 phys=0x160000000 size=4294967296 rwx=2 -> address-space control (flush/perm), no RAM map
[Syscall] L4_MapControl(sid=0x80000100, ctrl=0x80000000) via UTCB@0xdff00000 -> res=0x1
[L4_MapControl] space=0x80000100 control=0x80000000 modify count=1
  [ctl 0] whole-space op: va=0xb0d00000 phys=0x160000000 size=4294967296 rwx=2 -> address-space control (flush/perm), no RAM map
[Syscall] L4_MapControl(sid=0x80000100, ctrl=0x80000000) via UTCB@0xdff00000 -> res=0x1
[L4_MapControl] space=0x80000100 control=0x80000000 modify count=1
  [ctl 0] whole-space op: va=0xb0d00000 phys=0x160000000 size=4294967296 rwx=2 -> address-space control (flush/perm), no RAM map
[Syscall] L4_MapControl(sid=0x80000100, ctrl=0x80000000) via UTCB@0xdff00000 -> res=0x1
[L4_MapControl] space=0x80000100 control=0x80000000 modify count=1
  [ctl 0] whole-space op: va=0xb0d00000 phys=0x160000000 size=4294967296 rwx=2 -> address-space control (flush/perm), no RAM map
[Syscall] L4_MapControl(sid=0x80000100, ctrl=0x80000000) via UTCB@0xdff00000 -> res=0x1
[L4_MapControl] space=0x80000100 control=0x80000000 modify count=1
  [ctl 0] whole-space op: va=0xb0d00000 phys=0x160000000 size=4294967296 rwx=2 -> address-space control (flush/perm), no RAM map
[Syscall] L4_MapControl(sid=0x80000100, ctrl=0x80000000) via UTCB@0xdff00000 -> res=0x1
  [Cycle 2550] Core0(ARM11): pc=0xb000d6b8 insns=562814 (ok) | Core1(ARM9): pc=0xf0017890 insns=25510000 (ok)
[L4_MapControl] space=0x80000100 control=0x80000000 modify count=1
  [ctl 0] whole-space op: va=0xb0d00000 phys=0x160000000 size=4294967296 rwx=2 -> address-space control (flush/perm), no RAM map
[Syscall] L4_MapControl(sid=0x80000100, ctrl=0x80000000) via UTCB@0xdff00000 -> res=0x1
[L4_MapControl] space=0x80000100 control=0x80000000 modify count=1
  [ctl 0] whole-space op: va=0xb0d00000 phys=0x160000000 size=4294967296 rwx=2 -> address-space control (flush/perm), no RAM map
[Syscall] L4_MapControl(sid=0x80000100, ctrl=0x80000000) via UTCB@0xdff00000 -> res=0x1
[L4_MapControl] space=0x80000100 control=0x80000000 modify count=1
  [ctl 0] whole-space op: va=0xb0d00000 phys=0x160000000 size=4294967296 rwx=2 -> address-space control (flush/perm), no RAM map
[Syscall] L4_MapControl(sid=0x80000100, ctrl=0x80000000) via UTCB@0xdff00000 -> res=0x1
[L4_MapControl] space=0x80000100 control=0x80000000 modify count=1
  [ctl 0] whole-space op: va=0xb0d00000 phys=0x160000000 size=4294967296 rwx=2 -> address-space control (flush/perm), no RAM map
[Syscall] L4_MapControl(sid=0x80000100, ctrl=0x80000000) via UTCB@0xdff00000 -> res=0x1
[L4_MapControl] space=0x80000100 control=0x80000000 modify count=1
  [ctl 0] whole-space op: va=0xb0d00000 phys=0x160000000 size=4294967296 rwx=2 -> address-space control (flush/perm), no RAM map
[Syscall] L4_MapControl(sid=0x80000100, ctrl=0x80000000) via UTCB@0xdff00000 -> res=0x1
[L4_MapControl] space=0x80000100 control=0x80000000 modify count=1
  [ctl 0] whole-space op: va=0xb0d00000 phys=0x160000000 size=4294967296 rwx=2 -> address-space control (flush/perm), no RAM map
[Syscall] L4_MapControl(sid=0x80000100, ctrl=0x80000000) via UTCB@0xdff00000 -> res=0x1
[L4_MapControl] space=0x80000100 control=0x80000000 modify count=1
  [ctl 0] whole-space op: va=0xb0d00000 phys=0x160000000 size=4294967296 rwx=2 -> address-space control (flush/perm), no RAM map
[Syscall] L4_MapControl(sid=0x80000100, ctrl=0x80000000) via UTCB@0xdff00000 -> res=0x1
[L4_MapControl] space=0x80000100 control=0x80000000 modify count=1
  [ctl 0] whole-space op: va=0xb0d00000 phys=0x160000000 size=4294967296 rwx=2 -> address-space control (flush/perm), no RAM map
[Syscall] L4_MapControl(sid=0x80000100, ctrl=0x80000000) via UTCB@0xdff00000 -> res=0x1
[L4_MapControl] space=0x80000100 control=0x80000000 modify count=1
  [ctl 0] whole-space op: va=0xb0d00000 phys=0x160000000 size=4294967296 rwx=2 -> address-space control (flush/perm), no RAM map
[Syscall] L4_MapControl(sid=0x80000100, ctrl=0x80000000) via UTCB@0xdff00000 -> res=0x1
[L4_MapControl] space=0x80000100 control=0x80000000 modify count=1
  [ctl 0] whole-space op: va=0xb0d00000 phys=0x160000000 size=4294967296 rwx=2 -> address-space control (flush/perm), no RAM map
[Syscall] L4_MapControl(sid=0x80000100, ctrl=0x80000000) via UTCB@0xdff00000 -> res=0x1
  [Cycle 2560] Core0(ARM11): pc=0xb000d6b8 insns=564154 (ok) | Core1(ARM9): pc=0xf0017890 insns=25610000 (ok)
[L4_MapControl] space=0x80000100 control=0x80000000 modify count=1
  [ctl 0] whole-space op: va=0xb0d00000 phys=0x160000000 size=4294967296 rwx=2 -> address-space control (flush/perm), no RAM map
[Syscall] L4_MapControl(sid=0x80000100, ctrl=0x80000000) via UTCB@0xdff00000 -> res=0x1
[L4_MapControl] space=0x80000100 control=0x80000000 modify count=1
  [ctl 0] whole-space op: va=0xb0d00000 phys=0x160000000 size=4294967296 rwx=2 -> address-space control (flush/perm), no RAM map
[Syscall] L4_MapControl(sid=0x80000100, ctrl=0x80000000) via UTCB@0xdff00000 -> res=0x1
[L4_MapControl] space=0x80000100 control=0x80000000 modify count=1
  [ctl 0] whole-space op: va=0xb0d00000 phys=0x160000000 size=4294967296 rwx=2 -> address-space control (flush/perm), no RAM map
[Syscall] L4_MapControl(sid=0x80000100, ctrl=0x80000000) via UTCB@0xdff00000 -> res=0x1
[L4_MapControl] space=0x80000100 control=0x80000000 modify count=1
  [ctl 0] whole-space op: va=0xb0d00000 phys=0x160000000 size=4294967296 rwx=2 -> address-space control (flush/perm), no RAM map
[Syscall] L4_MapControl(sid=0x80000100, ctrl=0x80000000) via UTCB@0xdff00000 -> res=0x1
[L4_MapControl] space=0x80000100 control=0x80000000 modify count=1
  [ctl 0] whole-space op: va=0xb0d00000 phys=0x160000000 size=4294967296 rwx=2 -> address-space control (flush/perm), no RAM map
[Syscall] L4_MapControl(sid=0x80000100, ctrl=0x80000000) via UTCB@0xdff00000 -> res=0x1
[L4_MapControl] space=0x80000100 control=0x80000000 modify count=1
  [ctl 0] whole-space op: va=0xb0d00000 phys=0x160000000 size=4294967296 rwx=2 -> address-space control (flush/perm), no RAM map
[Syscall] L4_MapControl(sid=0x80000100, ctrl=0x80000000) via UTCB@0xdff00000 -> res=0x1
[L4_MapControl] space=0x80000100 control=0x80000000 modify count=1
  [ctl 0] whole-space op: va=0xb0d00000 phys=0x160000000 size=4294967296 rwx=2 -> address-space control (flush/perm), no RAM map
[Syscall] L4_MapControl(sid=0x80000100, ctrl=0x80000000) via UTCB@0xdff00000 -> res=0x1
[L4_MapControl] space=0x80000100 control=0x80000000 modify count=1
  [ctl 0] whole-space op: va=0xb0d00000 phys=0x160000000 size=4294967296 rwx=2 -> address-space control (flush/perm), no RAM map
[Syscall] L4_MapControl(sid=0x80000100, ctrl=0x80000000) via UTCB@0xdff00000 -> res=0x1
[L4_MapControl] space=0x80000100 control=0x80000000 modify count=1
  [ctl 0] whole-space op: va=0xb0d00000 phys=0x160000000 size=4294967296 rwx=2 -> address-space control (flush/perm), no RAM map
[Syscall] L4_MapControl(sid=0x80000100, ctrl=0x80000000) via UTCB@0xdff00000 -> res=0x1
[L4_MapControl] space=0x80000100 control=0x80000000 modify count=1
  [ctl 0] whole-space op: va=0xb0d00000 phys=0x160000000 size=4294967296 rwx=2 -> address-space control (flush/perm), no RAM map
[Syscall] L4_MapControl(sid=0x80000100, ctrl=0x80000000) via UTCB@0xdff00000 -> res=0x1
  [Cycle 2570] Core0(ARM11): pc=0xb000d6b8 insns=565494 (ok) | Core1(ARM9): pc=0xf0017890 insns=25710000 (ok)
[L4_MapControl] space=0x80000100 control=0x80000000 modify count=1
  [ctl 0] whole-space op: va=0xb0d00000 phys=0x160000000 size=4294967296 rwx=2 -> address-space control (flush/perm), no RAM map
[Syscall] L4_MapControl(sid=0x80000100, ctrl=0x80000000) via UTCB@0xdff00000 -> res=0x1
[L4_MapControl] space=0x80000100 control=0x80000000 modify count=1
  [ctl 0] whole-space op: va=0xb0d00000 phys=0x160000000 size=4294967296 rwx=2 -> address-space control (flush/perm), no RAM map
[Syscall] L4_MapControl(sid=0x80000100, ctrl=0x80000000) via UTCB@0xdff00000 -> res=0x1
[L4_MapControl] space=0x80000100 control=0x80000000 modify count=1
  [ctl 0] whole-space op: va=0xb0d00000 phys=0x160000000 size=4294967296 rwx=2 -> address-space control (flush/perm), no RAM map
[Syscall] L4_MapControl(sid=0x80000100, ctrl=0x80000000) via UTCB@0xdff00000 -> res=0x1
[L4_MapControl] space=0x80000100 control=0x80000000 modify count=1
  [ctl 0] whole-space op: va=0xb0d00000 phys=0x160000000 size=4294967296 rwx=2 -> address-space control (flush/perm), no RAM map
[Syscall] L4_MapControl(sid=0x80000100, ctrl=0x80000000) via UTCB@0xdff00000 -> res=0x1
[L4_MapControl] space=0x80000100 control=0x80000000 modify count=1
  [ctl 0] whole-space op: va=0xb0d00000 phys=0x160000000 size=4294967296 rwx=2 -> address-space control (flush/perm), no RAM map
[Syscall] L4_MapControl(sid=0x80000100, ctrl=0x80000000) via UTCB@0xdff00000 -> res=0x1
[L4_MapControl] space=0x80000100 control=0x80000000 modify count=1
  [ctl 0] whole-space op: va=0xb0d00000 phys=0x160000000 size=4294967296 rwx=2 -> address-space control (flush/perm), no RAM map
[Syscall] L4_MapControl(sid=0x80000100, ctrl=0x80000000) via UTCB@0xdff00000 -> res=0x1
[L4_MapControl] space=0x80000100 control=0x80000000 modify count=1
  [ctl 0] whole-space op: va=0xb0d00000 phys=0x160000000 size=4294967296 rwx=2 -> address-space control (flush/perm), no RAM map
[Syscall] L4_MapControl(sid=0x80000100, ctrl=0x80000000) via UTCB@0xdff00000 -> res=0x1
[L4_MapControl] space=0x80000100 control=0x80000000 modify count=1
  [ctl 0] whole-space op: va=0xb0d00000 phys=0x160000000 size=4294967296 rwx=2 -> address-space control (flush/perm), no RAM map
[Syscall] L4_MapControl(sid=0x80000100, ctrl=0x80000000) via UTCB@0xdff00000 -> res=0x1
[L4_MapControl] space=0x80000100 control=0x80000000 modify count=1
  [ctl 0] whole-space op: va=0xb0d00000 phys=0x160000000 size=4294967296 rwx=2 -> address-space control (flush/perm), no RAM map
[Syscall] L4_MapControl(sid=0x80000100, ctrl=0x80000000) via UTCB@0xdff00000 -> res=0x1
[L4_MapControl] space=0x80000100 control=0x80000000 modify count=1
  [ctl 0] whole-space op: va=0xb0d00000 phys=0x160000000 size=4294967296 rwx=2 -> address-space control (flush/perm), no RAM map
[Syscall] L4_MapControl(sid=0x80000100, ctrl=0x80000000) via UTCB@0xdff00000 -> res=0x1
  [Cycle 2580] Core0(ARM11): pc=0xb000d6b8 insns=566834 (ok) | Core1(ARM9): pc=0xf0017890 insns=25810000 (ok)
[L4_MapControl] space=0x80000100 control=0x80000000 modify count=1
  [ctl 0] whole-space op: va=0xb0d00000 phys=0x160000000 size=4294967296 rwx=2 -> address-space control (flush/perm), no RAM map
[Syscall] L4_MapControl(sid=0x80000100, ctrl=0x80000000) via UTCB@0xdff00000 -> res=0x1
[L4_MapControl] space=0x80000100 control=0x80000000 modify count=1
  [ctl 0] whole-space op: va=0xb0d00000 phys=0x160000000 size=4294967296 rwx=2 -> address-space control (flush/perm), no RAM map
[Syscall] L4_MapControl(sid=0x80000100, ctrl=0x80000000) via UTCB@0xdff00000 -> res=0x1
[L4_MapControl] space=0x80000100 control=0x80000000 modify count=1
  [ctl 0] whole-space op: va=0xb0d00000 phys=0x160000000 size=4294967296 rwx=2 -> address-space control (flush/perm), no RAM map
[Syscall] L4_MapControl(sid=0x80000100, ctrl=0x80000000) via UTCB@0xdff00000 -> res=0x1
[L4_MapControl] space=0x80000100 control=0x80000000 modify count=1
  [ctl 0] whole-space op: va=0xb0d00000 phys=0x160000000 size=4294967296 rwx=2 -> address-space control (flush/perm), no RAM map
[Syscall] L4_MapControl(sid=0x80000100, ctrl=0x80000000) via UTCB@0xdff00000 -> res=0x1
[L4_MapControl] space=0x80000100 control=0x80000000 modify count=1
  [ctl 0] whole-space op: va=0xb0d00000 phys=0x160000000 size=4294967296 rwx=2 -> address-space control (flush/perm), no RAM map
[Syscall] L4_MapControl(sid=0x80000100, ctrl=0x80000000) via UTCB@0xdff00000 -> res=0x1
[L4_MapControl] space=0x80000100 control=0x80000000 modify count=1
  [ctl 0] whole-space op: va=0xb0d00000 phys=0x160000000 size=4294967296 rwx=2 -> address-space control (flush/perm), no RAM map
[Syscall] L4_MapControl(sid=0x80000100, ctrl=0x80000000) via UTCB@0xdff00000 -> res=0x1
[System] Reached maximum requested time (3.00 s). Halting.
[System] Execution batch completed successfully.
